feature,lag,n_pairs,pearson_r,pearson_p,spearman_rho,spearman_p,kendall_tau,kendall_p,mutual_info,ols_slope,ols_intercept,ols_r2,ols_adj_r2,ols_slope_p,abs_pearson,abs_spearman,abs_kendall
3CAC FP Equity_DX_ACTIVE_AVAIL_SUPPLY_QTY,10,514,-0.05252698277088321,0.23452210708738727,-0.06535316489955088,0.13897106628228673,-0.05330964525176584,0.13748752384572452,0.01918987879447087,-0.008639603829408543,52.89526399345726,0.002759083919012695,0.000811347754791969,0.23452210708738952,0.05252698277088321,0.06535316489955088,0.05330964525176584
3CAC FP Equity_DX_ACTIVE_AVAIL_SUPPLY_MV,10,514,-0.052395279420623275,0.23569903626949992,-0.03825807266756155,0.386722891889277,-0.031150445665267635,0.3866870098378278,0.0,-140.806620432801,52.89184485969307,0.002745265305565181,0.0007975021518651371,0.2356990362694963,0.052395279420623275,0.03825807266756155,0.031150445665267635
3CAC FP Equity_DX_ACTIVE_AVAILABILITY_VALUE,10,514,-0.046628002310840216,0.29136579430214105,-0.06514686158563905,0.14022524294932937,-0.053396535370627364,0.1359655125415124,0.019512310895324125,-0.00014614115481334622,52.88826113083559,0.0021741705995000915,0.00022529202645227286,0.291365794302156,0.046628002310840216,0.06514686158563905,0.053396535370627364
