feature,lag,n_pairs,pearson_r,pearson_p,spearman_rho,spearman_p,kendall_tau,kendall_p,mutual_info,ols_slope,ols_intercept,ols_r2,ols_adj_r2,ols_slope_p,abs_pearson,abs_spearman,abs_kendall
3CAS FP Equity_DX_ACTIVE_AVAILABILITY_VALUE,10,518,-0.08050272739217104,0.06713683286063743,-0.15072107585155037,0.0005779705028947488,-0.12205100849473181,0.0006418449118144207,0.024835070817544214,-0.0002134662744718,41.33667676385673,0.006480689117578264,0.004555264096488321,0.0671368328606401,0.08050272739217104,0.15072107585155037,0.12205100849473181
3CAS FP Equity_DX_ACTIVE_AVAIL_SUPPLY_QTY,10,518,-0.07630263518451748,0.08274911152000043,-0.1506706169185938,0.0005804657166384866,-0.12214633507630175,0.0006439755633678416,0.022639804138403496,-0.007387582294729024,41.33140763174552,0.005822092136101409,0.003895390764272144,0.08274911151999875,0.07630263518451748,0.1506706169185938,0.12214633507630175
3CAS FP Equity_DX_ACTIVE_AVAIL_SUPPLY_MV,10,518,-0.06851055503352352,0.1193904827331141,-0.12279143722827533,0.005133555201676751,-0.09981531727421318,0.005397374365547607,0.037229867979236,-188.4322402023957,41.323365793116636,0.0046936961510013475,0.0027648079652474733,0.11939048273311494,0.06851055503352352,0.12279143722827533,0.09981531727421318
