feature,lag,n_pairs,pearson_r,pearson_p,spearman_rho,spearman_p,kendall_tau,kendall_p,mutual_info,ols_slope,ols_intercept,ols_r2,ols_adj_r2,ols_slope_p,abs_pearson,abs_spearman,abs_kendall
AINJ FP Equity_DX_ACTIVE_AVAIL_SUPPLY_QTY,10,282,-0.21635441627493077,0.00025170361220292885,-0.07634405407463143,0.2011766313440293,-0.057101504148129714,0.22568668630117916,0.15136502633982563,-0.0011346200429964439,15.444804733505709,0.04680923344166632,0.04340498070395804,0.00025170361220291964,0.21635441627493077,0.07634405407463143,0.057101504148129714
AINJ FP Equity_DX_ACTIVE_AVAIL_SUPPLY_MV,10,282,-0.07621218037446575,0.20195830910818288,-0.1210861505411307,0.042170613972706356,-0.09687257850637326,0.04227444119204751,0.15005624860348332,-29.029577154804777,15.18321026713251,0.00580829643742975,0.0022576117818491337,0.2019583091081822,0.07621218037446575,0.1210861505411307,0.09687257850637326
AINJ FP Equity_DX_ACTIVE_AVAILABILITY_VALUE,10,282,-0.0717222870136857,0.22989897262405565,-0.05375910393668422,0.3684345160877389,-0.041755149520053624,0.37397418020841466,0.1501063381658696,-2.914363365295081e-05,15.176949551833433,0.005144086454473729,0.0015910296203826002,0.2298989726240591,0.0717222870136857,0.05375910393668422,0.041755149520053624
