feature,lag,n_pairs,pearson_r,pearson_p,spearman_rho,spearman_p,kendall_tau,kendall_p,mutual_info,ols_slope,ols_intercept,ols_r2,ols_adj_r2,ols_slope_p,abs_pearson,abs_spearman,abs_kendall
ALAQU FP Equity_DX_ACTIVE_AVAILABILITY_VALUE,10,3422,-0.05613826282396696,0.001018523104823645,-0.05164268291501678,0.0025119406094310515,-0.04232392429215416,0.0024839389097590795,0.013075420241004831,-0.0033334967961670767,5.096359144806283,0.0031515045528927033,0.002860028384633395,0.001018523104823482,0.05613826282396696,0.05164268291501678,0.04232392429215416
ALAQU FP Equity_DX_ACTIVE_AVAIL_SUPPLY_QTY,10,3422,-0.05613044584576367,0.001020180849227257,-0.05163946259896709,0.0025135068265385095,-0.042297353885134024,0.0025247705947059732,0.013891888157443022,-0.012663593658250408,5.096359365825012,0.0031506269508444484,0.002859150525976295,0.001020180849227026,0.05613044584576367,0.05163946259896709,0.042297353885134024
