feature,lag,n_pairs,pearson_r,pearson_p,spearman_rho,spearman_p,kendall_tau,kendall_p,mutual_info,ols_slope,ols_intercept,ols_r2,ols_adj_r2,ols_slope_p,abs_pearson,abs_spearman,abs_kendall
ALARF FP Equity_DX_ACTIVE_AVAIL_SUPPLY_QTY,10,2022,-0.33608558294322544,1.402591292073069e-54,-0.7765257641667915,0.0,-0.5650022463852691,6.799056228229998e-248,1.138780779737067,-0.00012427902398688302,3.659667356940431,0.1129535190622879,0.11251438714103157,1.40259129207359e-54,0.33608558294322544,0.7765257641667915,0.5650022463852691
ALARF FP Equity_DX_ACTIVE_AVAILABILITY_VALUE,10,2022,-0.23745429362461515,2.5888384144066875e-27,-0.751592791753969,0.0,-0.47724157762117725,7.258313617926895e-183,1.2828255622192133,-4.957979817578413e-05,3.471061439628235,0.056384541560764556,0.05591740519520061,2.58883841440378e-27,0.23745429362461515,0.751592791753969,0.47724157762117725
ALARF FP Equity_DX_ACTIVE_AVAIL_SUPPLY_MV,10,2022,-0.055848829238643025,0.012013671217065246,-0.3197316386571994,2.7549835518524274e-49,-0.23170231563487192,3.4659127097641934e-39,0.4789945221376186,-2.732071553556265,3.2310291148868564,0.0031190917273272722,0.002625586327192231,0.012013671217066094,0.055848829238643025,0.3197316386571994,0.23170231563487192
