feature,lag,n_pairs,pearson_r,pearson_p,spearman_rho,spearman_p,kendall_tau,kendall_p,mutual_info,ols_slope,ols_intercept,ols_r2,ols_adj_r2,ols_slope_p,abs_pearson,abs_spearman,abs_kendall
ALAUD FP Equity_DX_ACTIVE_AVAIL_SUPPLY_QTY,10,989,-0.23250795022873316,1.316911403345113e-13,-0.35077694964393075,5.1999215200816146e-30,-0.28294563351718377,1.74098164445513e-28,0.20155039710254274,-0.021128106843839495,4.792201558698862,0.05405994691956706,0.05310154767632447,1.316911403344367e-13,0.23250795022873316,0.35077694964393075,0.28294563351718377
ALAUD FP Equity_DX_ACTIVE_AVAILABILITY_VALUE,10,989,-0.1817907370392335,8.51998772913712e-09,-0.3488135491977185,1.1319555130304267e-29,-0.27826896725122807,9.655098550251109e-28,0.2111439045965715,-0.0040705759708974006,4.773148091820484,0.03304787207326765,0.032068184000393574,8.519987729137598e-09,0.1817907370392335,0.3488135491977185,0.27826896725122807
