feature,lag,n_pairs,pearson_r,pearson_p,spearman_rho,spearman_p,kendall_tau,kendall_p,mutual_info,ols_slope,ols_intercept,ols_r2,ols_adj_r2,ols_slope_p,abs_pearson,abs_spearman,abs_kendall
ALBLU FP Equity_DX_ACTIVE_AVAIL_SUPPLY_QTY,10,2979,-0.026490686433009922,0.14831349534720914,-0.02885254334888085,0.11538463017177131,-0.02360481382693534,0.11536873254793034,0.01113617763328345,-0.036396967763599825,4.5096967763599505,0.0007017564676924382,0.0003660835608962909,0.14831349534720537,0.026490686433009922,0.02885254334888085,0.02360481382693534
ALBLU FP Equity_DX_ACTIVE_AVAILABILITY_VALUE,10,2979,-0.026490686433009916,0.14831349534720914,-0.02885254334888085,0.11538463017177131,-0.02360481382693534,0.11536873254793034,0.01113617763328345,-0.04332972352809531,4.5096967763599505,0.0007017564676924382,0.0003660835608962909,0.1483134953472031,0.026490686433009916,0.02885254334888085,0.02360481382693534
