feature,lag,n_pairs,pearson_r,pearson_p,spearman_rho,spearman_p,kendall_tau,kendall_p,mutual_info,ols_slope,ols_intercept,ols_r2,ols_adj_r2,ols_slope_p,abs_pearson,abs_spearman,abs_kendall
ALCOF FP Equity_DX_ACTIVE_AVAILABILITY_VALUE,10,4466,-0.33780234188972547,1.2557104325710912e-119,-0.5651005229923248,0.0,-0.43428140396045006,4.688277679778901e-300,0.37160808995723427,-0.0252659216044544,154.4275328738403,0.11411042218618295,0.11391197021982669,1.2557104325751818e-119,0.33780234188972547,0.5651005229923248,0.43428140396045006
ALCOF FP Equity_DX_ACTIVE_AVAIL_SUPPLY_QTY,10,4466,-0.33443416677485105,3.780725488021752e-117,-0.5680418595724243,0.0,-0.44604772850671626,3.1737947485609843e-307,0.3359080829065082,-0.013189165625079808,153.96416434740073,0.11184621190638921,0.11164725272446852,3.7807254880160974e-117,0.33443416677485105,0.5680418595724243,0.44604772850671626
ALCOF FP Equity_DX_ACTIVE_AVAIL_SUPPLY_MV,10,4466,-0.3022026906668288,5.783340039495652e-95,-0.3958289511291153,1.965256390183542e-167,-0.30721665113260416,4.7804987430834764e-144,0.3128320220352041,-7268.443117282865,149.80132489619493,0.09132646624627105,0.0911229103471326,5.7833400394704746e-95,0.3022026906668288,0.3958289511291153,0.30721665113260416
