feature,lag,n_pairs,pearson_r,pearson_p,spearman_rho,spearman_p,kendall_tau,kendall_p,mutual_info,ols_slope,ols_intercept,ols_r2,ols_adj_r2,ols_slope_p,abs_pearson,abs_spearman,abs_kendall
ALCWE FP Equity_DX_ACTIVE_AVAIL_SUPPLY_MV,10,796,0.17345931950682997,8.49801180111836e-07,0.13332328810816094,0.00016164903828505762,0.10924202583869154,0.00016984950534569334,0.0,111.0543304064092,4.708319946259771,0.03008813552377254,0.028866584057177902,8.498011801120177e-07,0.17345931950682997,0.13332328810816094,0.10924202583869154
ALCWE FP Equity_DX_ACTIVE_AVAILABILITY_VALUE,10,796,0.1708723288886389,1.2406643728743446e-06,-0.3229416086648886,8.880204944870037e-21,-0.2564172548490657,1.060283821265881e-19,0.2211185936362936,0.00011450393385001156,4.706298696332636,0.02919735277982738,0.02797467942060805,1.2406643728742746e-06,0.1708723288886389,0.3229416086648886,0.2564172548490657
ALCWE FP Equity_DX_ACTIVE_AVAIL_SUPPLY_QTY,10,796,0.16268088807339603,3.962393355065904e-06,-0.32334050946203713,7.911659955805749e-21,-0.258224988226252,6.732662086113561e-20,0.2398869187549706,0.0010016370116390106,4.703916817599353,0.026465071344349056,0.02523895682463173,3.962393355065641e-06,0.16268088807339603,0.32334050946203713,0.258224988226252
