feature,lag,n_pairs,pearson_r,pearson_p,spearman_rho,spearman_p,kendall_tau,kendall_p,mutual_info,ols_slope,ols_intercept,ols_r2,ols_adj_r2,ols_slope_p,abs_pearson,abs_spearman,abs_kendall
ALDBL FP Equity_DX_ACTIVE_AVAIL_SUPPLY_QTY,10,4669,0.3517606850406189,4.567541150663524e-136,0.2513051677381745,3.5750102416304443e-68,0.2064204367869704,5.43925848602241e-67,0.07956375503245328,0.0002013404967293491,3.9622226793540265,0.12373557954024661,0.12354782200425785,4.567541150635738e-136,0.3517606850406189,0.2513051677381745,0.2064204367869704
ALDBL FP Equity_DX_ACTIVE_AVAILABILITY_VALUE,10,4669,0.34809107102749504,4.266396150503623e-133,0.25130487884977615,3.576307498813347e-68,0.20632838603039189,5.3691268138807956e-67,0.07753808505812154,3.158673108419811e-05,3.963624347930999,0.12116739372906793,0.12097908590685436,4.266396150496308e-133,0.34809107102749504,0.25130487884977615,0.20632838603039189
ALDBL FP Equity_DX_ACTIVE_AVAIL_SUPPLY_MV,10,4669,0.34707922647707806,2.7677539741062777e-132,0.25130268701856634,3.5861652376726934e-68,0.2064182940530869,6.009782804028356e-67,0.07535164901667346,30.11094490274131,3.9639092890759464,0.12046398945192627,0.1202755309109903,2.7677539741204168e-132,0.34707922647707806,0.25130268701856634,0.2064182940530869
