feature,lag,n_pairs,pearson_r,pearson_p,spearman_rho,spearman_p,kendall_tau,kendall_p,mutual_info,ols_slope,ols_intercept,ols_r2,ols_adj_r2,ols_slope_p,abs_pearson,abs_spearman,abs_kendall
ALDEV FP Equity_DX_ACTIVE_AVAIL_SUPPLY_QTY,10,1526,-0.22550139939963898,4.796431582801187e-19,-0.5170680538095935,4.3953444468667144e-105,-0.4326323885807943,1.1475323010728262e-90,0.4232966766800761,-0.007838613280323965,46.41480980557906,0.05085088113119529,0.05022807987209499,4.796431582799846e-19,0.22550139939963898,0.5170680538095935,0.4326323885807943
ALDEV FP Equity_DX_ACTIVE_AVAIL_SUPPLY_MV,10,1526,-0.21954404983799714,4.12450666345765e-18,-0.5112345795034747,2.2202913549568074e-102,-0.4057410530310373,2.0101412004004038e-88,0.4546287716029931,-93.5931251808077,46.093953297368756,0.04819958981926942,0.04757504886770714,4.124506663456746e-18,0.21954404983799714,0.5112345795034747,0.4057410530310373
ALDEV FP Equity_DX_ACTIVE_AVAILABILITY_VALUE,10,1526,-0.21718533512084848,9.504114855994288e-18,-0.4956325154749316,2.1095750928965672e-95,-0.3913549280492277,2.4432966275685056e-82,0.39649374553494177,-9.538973319387049e-05,45.868124963939366,0.047169469791554564,0.04654425290821562,9.504114855993643e-18,0.21718533512084848,0.4956325154749316,0.3913549280492277
