feature,lag,n_pairs,pearson_r,pearson_p,spearman_rho,spearman_p,kendall_tau,kendall_p,mutual_info,ols_slope,ols_intercept,ols_r2,ols_adj_r2,ols_slope_p,abs_pearson,abs_spearman,abs_kendall
ALENR FP Equity_DX_ACTIVE_AVAIL_SUPPLY_QTY,10,1289,-0.10994985914772028,7.632387269430246e-05,0.14012893491447714,4.393660715235138e-07,0.11331954007000168,6.642075798916829e-07,0.33163371929482466,-0.00018427683342888546,11.931874648645072,0.012088971526602377,0.011321363889870928,7.632387269431371e-05,0.10994985914772028,0.14012893491447714,0.11331954007000168
ALENR FP Equity_DX_ACTIVE_AVAIL_SUPPLY_MV,10,1289,-0.1083619092605728,9.691498806146981e-05,0.14425334368379328,1.9792240413138214e-07,0.12041037893520054,8.104484923744504e-08,0.3680972791877575,-22.912739688845893,11.922250002876751,0.01174230337859583,0.010974426380444102,9.691498806146178e-05,0.1083619092605728,0.14425334368379328,0.12041037893520054
ALENR FP Equity_DX_ACTIVE_AVAILABILITY_VALUE,10,1289,-0.10814587501256724,0.00010009110526352191,0.145101603630804,1.675130095917287e-07,0.12133473278191725,5.487654951830924e-08,0.4425811290958135,-2.3017729206743586e-05,11.920969734970434,0.011695530282234357,0.01092761694135036,0.00010009110526352882,0.10814587501256724,0.145101603630804,0.12133473278191725
