feature,lag,n_pairs,pearson_r,pearson_p,spearman_rho,spearman_p,kendall_tau,kendall_p,mutual_info,ols_slope,ols_intercept,ols_r2,ols_adj_r2,ols_slope_p,abs_pearson,abs_spearman,abs_kendall
ALERO FP Equity_DX_ACTIVE_AVAILABILITY_VALUE,10,2179,-0.022070257839179187,0.30311864195000066,-0.021681018141307705,0.3117279616510562,-0.01788797597478002,0.304206235769361,0.11515515002997301,-1.99516674801908e-05,3.384644559534175,0.00048709628108778436,2.797230142825846e-05,0.3031186419500034,0.022070257839179187,0.021681018141307705,0.01788797597478002
ALERO FP Equity_DX_ACTIVE_AVAIL_SUPPLY_QTY,10,2179,-0.021877590584022975,0.30736017611967537,-0.022106935522065597,0.3023156164636525,-0.019190141968458106,0.2732493649585489,0.09648454436561438,-2.1584583840952755e-05,3.3843490993467302,0.0004786289697620294,1.950110066228916e-05,0.3073601761196768,0.021877590584022975,0.022106935522065597,0.019190141968458106
ALERO FP Equity_DX_ACTIVE_AVAIL_SUPPLY_MV,10,2179,-0.02020505263388603,0.3458230960976202,-0.03431537128652295,0.1092915052532863,-0.028094754149169027,0.10970816333110615,0.018538202236848544,-14.530875318049906,3.383218296414882,0.0004082441519386304,-5.091604826712448e-05,0.3458230960976182,0.02020505263388603,0.03431537128652295,0.028094754149169027
