feature,lag,n_pairs,pearson_r,pearson_p,spearman_rho,spearman_p,kendall_tau,kendall_p,mutual_info,ols_slope,ols_intercept,ols_r2,ols_adj_r2,ols_slope_p,abs_pearson,abs_spearman,abs_kendall
ALEXA FP Equity_DX_ACTIVE_AVAIL_SUPPLY_QTY,10,4079,-0.6048691756327161,0.0,-0.3990169921505834,9.245606898225532e-156,-0.2656128722097455,4.549069986080239e-110,0.7795888668556832,-0.012412004651064424,110.90241037458752,0.365866719630602,0.3657111804399301,0.0,0.6048691756327161,0.3990169921505834,0.2656128722097455
ALEXA FP Equity_DX_ACTIVE_AVAILABILITY_VALUE,10,4079,-0.53893547715132,3.908352169063952e-306,-0.3928895405323444,1.1675485407452877e-150,-0.2484605680440003,3.6368686652489534e-100,0.9311258117352867,-0.00016644922986296928,108.96022856617041,0.29045144853232097,0.2902774116052993,3.9083521690085093e-306,0.53893547715132,0.3928895405323444,0.2484605680440003
ALEXA FP Equity_DX_ACTIVE_AVAIL_SUPPLY_MV,10,4079,-0.5385239392571373,1.3976709643912963e-305,-0.41618635059554565,1.218821066657422e-170,-0.27814501077950904,1.4365948290037726e-120,0.79878979382993,-153.99032262404344,108.87515277658585,0.29000803315302437,0.289833887465792,1.397670964405385e-305,0.5385239392571373,0.41618635059554565,0.27814501077950904
