feature,lag,n_pairs,pearson_r,pearson_p,spearman_rho,spearman_p,kendall_tau,kendall_p,mutual_info,ols_slope,ols_intercept,ols_r2,ols_adj_r2,ols_slope_p,abs_pearson,abs_spearman,abs_kendall
ALHGO FP Equity_DX_ACTIVE_AVAIL_SUPPLY_QTY,10,1122,-0.2991479174090138,1.2504842600210431e-24,-0.5350468412709667,4.218422464941786e-84,-0.4017085630133144,4.696776119105249e-72,1.1331434568105996,-5.2109979516115996e-05,48.95256266442232,0.08948947649015027,0.08867652066558784,1.2504842600209287e-24,0.2991479174090138,0.5350468412709667,0.4017085630133144
ALHGO FP Equity_DX_ACTIVE_AVAIL_SUPPLY_MV,10,1122,-0.2462936647547756,5.762492048957892e-17,-0.27521569790659917,5.980253270969531e-21,-0.17003427541479466,1.5649113240373045e-15,1.6706031927282177,-0.9267928773571901,48.41736866964698,0.06066056929833774,0.059821873378068324,5.762492048968381e-17,0.2462936647547756,0.27521569790659917,0.17003427541479466
ALHGO FP Equity_DX_ACTIVE_AVAILABILITY_VALUE,10,1122,-0.2449862382990682,8.493809711368152e-17,-0.27227587975838324,1.6011564173440726e-20,-0.1651696496498344,9.472426906216268e-15,1.698288879105165,-9.223264163853207e-07,48.40427853451152,0.06001825695592777,0.05917898754249551,8.493809711378127e-17,0.2449862382990682,0.27227587975838324,0.1651696496498344
