feature,lag,n_pairs,pearson_r,pearson_p,spearman_rho,spearman_p,kendall_tau,kendall_p,mutual_info,ols_slope,ols_intercept,ols_r2,ols_adj_r2,ols_slope_p,abs_pearson,abs_spearman,abs_kendall
ALIMR FP Equity_DX_ACTIVE_AVAILABILITY_VALUE,10,1555,0.05316215586483109,0.03606748564893883,0.22074731374845338,1.2889031231228525e-18,0.19306008578611078,7.049050004941696e-22,0.3884224542595103,0.00022999920304796344,3.019264144595681,0.002826214816196271,0.002184119655099126,0.03606748564893928,0.05316215586483109,0.22074731374845338,0.19306008578611078
ALIMR FP Equity_DX_ACTIVE_AVAIL_SUPPLY_QTY,10,1555,0.04661456431452416,0.06610726156186897,0.22206305928928352,7.963363285772217e-19,0.18197946668934736,2.0609472151198633e-18,0.26233115188692824,0.0007817472076395202,3.0243787425149735,0.002172917606233171,0.0015304017772610479,0.06610726156186797,0.04661456431452416,0.22206305928928352,0.18197946668934736
