feature,lag,n_pairs,pearson_r,pearson_p,spearman_rho,spearman_p,kendall_tau,kendall_p,mutual_info,ols_slope,ols_intercept,ols_r2,ols_adj_r2,ols_slope_p,abs_pearson,abs_spearman,abs_kendall
ALISP FP Equity_DX_ACTIVE_AVAIL_SUPPLY_MV,10,4750,0.1276186945470919,1.0531467515783696e-18,0.17489688913684606,6.1371922758082695e-34,0.1619238887763056,7.904637316339463e-51,0.8725049542209113,1.5107082183828284,4.740527589244384,0.016286531197904353,0.01607934638981634,1.0531467515825543e-18,0.1276186945470919,0.17489688913684606,0.1619238887763056
ALISP FP Equity_DX_ACTIVE_AVAILABILITY_VALUE,10,4750,0.12686069595754312,1.6871871696726023e-18,0.12695642679083816,1.589944291855272e-18,0.12252488812472284,1.8520512821382983e-30,1.050707188024341,1.6058162091283937e-06,4.7408934658070825,0.016093636178832083,0.015886410744160417,1.687187169671523e-18,0.12686069595754312,0.12695642679083816,0.12252488812472284
ALISP FP Equity_DX_ACTIVE_AVAIL_SUPPLY_QTY,10,4750,0.08208247019715689,1.468391575933299e-08,0.10935462821649101,4.110873457012895e-14,0.09717574929303734,3.2938361799416174e-19,0.947801330290118,5.724110575908807e-06,4.791391777562517,0.006737531913667216,0.006528335943135177,1.4683915759390025e-08,0.08208247019715689,0.10935462821649101,0.09717574929303734
