feature,lag,n_pairs,pearson_r,pearson_p,spearman_rho,spearman_p,kendall_tau,kendall_p,mutual_info,ols_slope,ols_intercept,ols_r2,ols_adj_r2,ols_slope_p,abs_pearson,abs_spearman,abs_kendall
ALMAR FP Equity_DX_ACTIVE_AVAIL_SUPPLY_QTY,10,1477,-0.8834731845833608,0.0,-0.8815392877631697,0.0,-0.7290610126553297,4.262305324705871e-286,0.9346673829919843,-0.00105895778718135,3.169255002530499,0.7805248678778649,0.7803760711781211,0.0,0.8834731845833608,0.8815392877631697,0.7290610126553297
ALMAR FP Equity_DX_ACTIVE_AVAILABILITY_VALUE,10,1477,-0.3192187989351094,2.4409718199914162e-36,-0.6568750802287014,4.186446376854229e-183,-0.33516506417020164,2.56774372768617e-71,1.437822489867953,-0.0002726018008164491,2.336469457330176,0.1019006415935737,0.10129176067262025,2.440971819993938e-36,0.3192187989351094,0.6568750802287014,0.33516506417020164
ALMAR FP Equity_DX_ACTIVE_AVAIL_SUPPLY_MV,10,1477,0.053338493519743575,0.04040195500765591,-0.008023364245695504,0.7580093713295685,-0.006570530247087857,0.757893943858341,0.04470493897973582,48.109332730044166,2.036837707182322,0.0028449948909559097,0.0021689575993565358,0.04040195500765398,0.053338493519743575,0.008023364245695504,0.006570530247087857
