feature,lag,n_pairs,pearson_r,pearson_p,spearman_rho,spearman_p,kendall_tau,kendall_p,mutual_info,ols_slope,ols_intercept,ols_r2,ols_adj_r2,ols_slope_p,abs_pearson,abs_spearman,abs_kendall
ALMCE FP Equity_DX_ACTIVE_AVAIL_SUPPLY_QTY,10,570,-0.11016945297063699,0.008475822160421823,-0.15519734534289084,0.00019944914778742128,-0.12704209383229906,0.00010768413671552702,0.4227928369773619,-0.0002268128275705256,7.287311958249527,0.01213730836784932,0.010398113488215177,0.008475822160421857,0.11016945297063699,0.15519734534289084,0.12704209383229906
ALMCE FP Equity_DX_ACTIVE_AVAIL_SUPPLY_MV,10,570,0.0822291897320191,0.04973811168499894,-0.018291384797984755,0.6629973423951443,-0.018659810393241407,0.5761430866344777,0.33923694940390714,21.593338881113635,7.087483020009839,0.006761639643984241,0.005012980558850355,0.049738111684998323,0.0822291897320191,0.018291384797984755,0.018659810393241407
ALMCE FP Equity_DX_ACTIVE_AVAILABILITY_VALUE,10,570,0.04146158775722824,0.3230871268037242,0.013074275957620136,0.7554417078259996,0.023773361328093833,0.45661348311958794,0.6249310423409744,1.1864637519930047e-05,7.125671083153745,0.0017190632593497845,-3.847360110920128e-05,0.32308712680370943,0.04146158775722824,0.013074275957620136,0.023773361328093833
