feature,lag,n_pairs,pearson_r,pearson_p,spearman_rho,spearman_p,kendall_tau,kendall_p,mutual_info,ols_slope,ols_intercept,ols_r2,ols_adj_r2,ols_slope_p,abs_pearson,abs_spearman,abs_kendall
ALMET FP Equity_DX_ACTIVE_AVAILABILITY_VALUE,10,2637,-0.03989333937156022,0.04051729251329577,-0.04541355066206791,0.019692178832246696,-0.0372064824619981,0.01969635065143835,0.0,-0.00261204365604299,4.815749865259815,0.0015914785262147735,0.0012125758615187943,0.040517292513295645,0.03989333937156022,0.04541355066206791,0.0372064824619981
ALMET FP Equity_DX_ACTIVE_AVAIL_SUPPLY_QTY,10,2637,-0.0397179058488652,0.041408049508862885,-0.04541355066206791,0.019692178832246696,-0.0372064824619981,0.01969635065143835,0.0,-0.005310854235028688,4.815737238515179,0.0015775120450187696,0.0011986040799503161,0.04140804950886378,0.0397179058488652,0.04541355066206791,0.0372064824619981
