feature,lag,n_pairs,pearson_r,pearson_p,spearman_rho,spearman_p,kendall_tau,kendall_p,mutual_info,ols_slope,ols_intercept,ols_r2,ols_adj_r2,ols_slope_p,abs_pearson,abs_spearman,abs_kendall
ALNSC FP Equity_DX_ACTIVE_AVAIL_SUPPLY_QTY,10,2946,-0.77093030194937,0.0,-0.5984051895061427,9.847712015546975e-286,-0.48988606884877994,1.5062793545750408e-230,0.36603735817198624,-0.0036602950598904147,60.56318709833983,0.594333530463746,0.5941957361466481,0.0,0.77093030194937,0.5984051895061427,0.48988606884877994
ALNSC FP Equity_DX_ACTIVE_AVAIL_SUPPLY_MV,10,2946,-0.7707768676299511,0.0,-0.59828885127662,1.3553626028644595e-285,-0.48956154279233655,2.2019565716041456e-230,0.3615425539821002,-50.745937520556076,60.56122960494921,0.5940969796734404,0.59395910500621,0.0,0.7707768676299511,0.59828885127662,0.48956154279233655
ALNSC FP Equity_DX_ACTIVE_AVAILABILITY_VALUE,10,2946,-0.724205091019521,0.0,-0.5841927650300701,3.3658365827476424e-269,-0.46149735451579715,2.4572125785325256e-221,0.38758022735785946,-9.501970212564246e-05,59.78262913495258,0.5244730138585922,0.5243114897464518,0.0,0.724205091019521,0.5841927650300701,0.46149735451579715
