feature,lag,n_pairs,pearson_r,pearson_p,spearman_rho,spearman_p,kendall_tau,kendall_p,mutual_info,ols_slope,ols_intercept,ols_r2,ols_adj_r2,ols_slope_p,abs_pearson,abs_spearman,abs_kendall
ALOBR FP Equity_DX_ACTIVE_AVAIL_SUPPLY_QTY,10,4464,-0.1354820192476084,9.777743366950758e-20,-0.16497205274643856,1.3218481130988326e-28,-0.1342955953262215,4.1876782712883925e-28,0.04898761188376222,-0.002265138148015696,11.575150896607106,0.018355377539409745,0.01813537650344821,9.777743366957918e-20,0.1354820192476084,0.16497205274643856,0.1342955953262215
ALOBR FP Equity_DX_ACTIVE_AVAILABILITY_VALUE,10,4464,-0.13457365385969644,1.7186574671309574e-19,-0.1649761965291286,1.3176771919344895e-28,-0.13411662242992065,4.204876386847042e-28,0.03940448149558495,-0.00031678019027003997,11.574550252183645,0.01811006831314932,0.017890012299772606,1.7186574671374535e-19,0.13457365385969644,0.1649761965291286,0.13411662242992065
ALOBR FP Equity_DX_ACTIVE_AVAIL_SUPPLY_MV,10,4464,-0.12802760585688094,8.935325226866345e-18,-0.16417974174719624,2.415218946868156e-28,-0.13385275049478262,6.614999395049733e-28,0.04637010188805801,-244.13840357210432,11.569025180011685,0.016391067861444397,0.016170626594716797,8.935325226891496e-18,0.12802760585688094,0.16417974174719624,0.13385275049478262
