feature,lag,n_pairs,pearson_r,pearson_p,spearman_rho,spearman_p,kendall_tau,kendall_p,mutual_info,ols_slope,ols_intercept,ols_r2,ols_adj_r2,ols_slope_p,abs_pearson,abs_spearman,abs_kendall
ALOSM FP Equity_DX_ACTIVE_AVAIL_SUPPLY_MV,10,1825,0.15233025971795613,6.098568074479184e-11,0.1307061113937053,2.0946301890800858e-08,0.10715673580388096,2.2541064763760232e-08,0.058251877316176426,106.06028622631102,8.582968773003934,0.023204508025739812,0.022668690421804305,6.098568074477364e-11,0.15233025971795613,0.1307061113937053,0.10715673580388096
ALOSM FP Equity_DX_ACTIVE_AVAILABILITY_VALUE,10,1825,0.15107474735066595,8.770300070821051e-11,0.1487747652666554,1.6930393143176794e-10,0.12003057882715872,1.9294297795446418e-10,0.09085117461620995,0.00010491387748574469,8.586315135466105,0.022823579287067575,0.022287552726062088,8.770300070812341e-11,0.15107474735066595,0.1487747652666554,0.12003057882715872
ALOSM FP Equity_DX_ACTIVE_AVAIL_SUPPLY_QTY,10,1825,0.1325500669201687,1.3176732500431463e-08,0.1432472089708406,7.893377294837602e-10,0.11467993109841351,1.5546959428105518e-09,0.1083469624089497,0.001036593128608485,8.585876944094577,0.01756952024054126,0.01703061158461172,1.3176732500425588e-08,0.1325500669201687,0.1432472089708406,0.11467993109841351
