feature,lag,n_pairs,pearson_r,pearson_p,spearman_rho,spearman_p,kendall_tau,kendall_p,mutual_info,ols_slope,ols_intercept,ols_r2,ols_adj_r2,ols_slope_p,abs_pearson,abs_spearman,abs_kendall
ALSAS FP Equity_DX_ACTIVE_AVAIL_SUPPLY_QTY,10,3129,-0.006300870408990344,0.7246002494177047,-0.005661535186675785,0.7515714766112542,-0.004637221944424483,0.7515157813767783,0.007092556200675171,-0.014729987212275695,7.722998721227633,3.970096791139355e-05,-0.0002800816668926398,0.724600249417721,0.006300870408990344,0.005661535186675785,0.004637221944424483
ALSAS FP Equity_DX_ACTIVE_AVAILABILITY_VALUE,10,3129,-0.006300870408990343,0.7246002494177047,-0.005661535186675785,0.7515714766112542,-0.004637221944424483,0.7515157813767783,0.007092556200675171,-0.0022837189476396518,7.722998721227632,3.970096791139355e-05,-0.0002800816668926398,0.7246002494177182,0.006300870408990343,0.005661535186675785,0.004637221944424483
