feature,lag,n_pairs,pearson_r,pearson_p,spearman_rho,spearman_p,kendall_tau,kendall_p,mutual_info,ols_slope,ols_intercept,ols_r2,ols_adj_r2,ols_slope_p,abs_pearson,abs_spearman,abs_kendall
ALTOO FP Equity_DX_ACTIVE_AVAILABILITY_VALUE,10,945,-0.2973367451733743,9.602547815261124e-21,-0.6444892822798773,4.902243829185799e-112,-0.47209117314793436,1.6422340742422525e-78,0.5373192138597531,-0.0069572432456519425,1.482642806386927,0.08840914003029621,0.08744244770795284,9.602547815261989e-21,0.2973367451733743,0.6444892822798773,0.47209117314793436
ALTOO FP Equity_DX_ACTIVE_AVAIL_SUPPLY_QTY,10,945,-0.28473028853099513,4.389766053048223e-19,-0.6553390544850379,4.820148145779392e-117,-0.5009507627577887,8.65078763636255e-87,0.5371361207986078,-0.003519345205361392,1.4730601656103672,0.08107133720694393,0.08009686354544543,4.389766053047116e-19,0.28473028853099513,0.6553390544850379,0.5009507627577887
