feature,lag,n_pairs,pearson_r,pearson_p,spearman_rho,spearman_p,kendall_tau,kendall_p,mutual_info,ols_slope,ols_intercept,ols_r2,ols_adj_r2,ols_slope_p,abs_pearson,abs_spearman,abs_kendall
ALTXC FP Equity_DX_ACTIVE_AVAILABILITY_VALUE,10,2398,0.19602301099998493,3.3825427146015306e-22,0.4396824550816492,6.251412983846136e-114,0.3676611608400453,4.177925828267409e-114,0.34756014138845437,0.001008126907838672,8.194597616880635,0.03842502084150068,0.038023695724990314,3.3825427145887013e-22,0.19602301099998493,0.4396824550816492,0.3676611608400453
ALTXC FP Equity_DX_ACTIVE_AVAIL_SUPPLY_QTY,10,2398,0.1663699900699466,2.4039500798751277e-16,0.4250583485201092,8.010786379558492e-106,0.35152168460311506,4.783568640001028e-96,0.18953596045972065,0.0076942849704838175,8.212071674076839,0.027678973595874123,0.027273163484687002,2.4039500798656495e-16,0.1663699900699466,0.4250583485201092,0.35152168460311506
ALTXC FP Equity_DX_ACTIVE_AVAIL_SUPPLY_MV,10,2398,-0.0016296693897978267,0.9364262768195517,0.005388985425944293,0.7919651767138602,0.004461800356508928,0.7919030292103575,0.002100575950146233,-8.674457429055709,8.286744574290445,2.655822320840606e-06,-0.00041470533968990253,0.9364262768194986,0.0016296693897978267,0.005388985425944293,0.004461800356508928
