feature,lag,n_pairs,pearson_r,pearson_p,spearman_rho,spearman_p,kendall_tau,kendall_p,mutual_info,ols_slope,ols_intercept,ols_r2,ols_adj_r2,ols_slope_p,abs_pearson,abs_spearman,abs_kendall
ALUNT FP Equity_DX_ACTIVE_AVAIL_SUPPLY_QTY,10,1740,-0.2706157362431355,1.3927215689683884e-30,-0.40194519155130143,1.4913759003628636e-68,-0.32984614779254884,4.655656204508285e-63,0.17110795526426315,-0.008948380483722315,2.3534049273531323,0.07323287670241452,0.07269963900201304,1.39272156896937e-30,0.2706157362431355,0.40194519155130143,0.32984614779254884
ALUNT FP Equity_DX_ACTIVE_AVAILABILITY_VALUE,10,1740,-0.26409735595585127,3.723842277674926e-29,-0.3994680004344617,1.1716741422965351e-67,-0.31602723105265457,1.5769488579484492e-60,0.21901421194447024,-0.005914729179293277,2.3506345405460043,0.06974741342287161,0.06921217027754523,3.723842277679354e-29,0.26409735595585127,0.3994680004344617,0.31602723105265457
