feature,lag,n_pairs,pearson_r,pearson_p,spearman_rho,spearman_p,kendall_tau,kendall_p,mutual_info,ols_slope,ols_intercept,ols_r2,ols_adj_r2,ols_slope_p,abs_pearson,abs_spearman,abs_kendall
ALVAP FP Equity_DX_ACTIVE_AVAIL_SUPPLY_QTY,10,1319,-0.13858403723191035,4.3554485670671424e-07,-0.29239734986654037,2.057292441900311e-27,-0.22774965658918367,5.747106433195481e-25,0.216918558902516,-0.0308056145330569,8.032329311331528,0.01920553537549541,0.018460816723540496,4.355448567068343e-07,0.13858403723191035,0.29239734986654037,0.22774965658918367
ALVAP FP Equity_DX_ACTIVE_AVAILABILITY_VALUE,10,1319,-0.11821613855784537,1.674319818913138e-05,-0.2918652755504987,2.577937474265696e-27,-0.2245738128849492,1.5795500260668803e-24,0.24901494496661947,-0.003940383399334882,8.017971397030834,0.01397505541552757,0.013226365252593242,1.6743198189128448e-05,0.11821613855784537,0.2918652755504987,0.2245738128849492
