feature,lag,n_pairs,pearson_r,pearson_p,spearman_rho,spearman_p,kendall_tau,kendall_p,mutual_info,ols_slope,ols_intercept,ols_r2,ols_adj_r2,ols_slope_p,abs_pearson,abs_spearman,abs_kendall
AUGR FP Equity_DX_ACTIVE_AVAIL_SUPPLY_QTY,10,2553,0.15928444225055563,5.679694999554594e-16,0.15131221148474297,1.5188567258723196e-14,0.12457164794453089,1.3744040855988926e-14,0.11029655796460625,0.11159089671802509,4.5278415837625205,0.025371533543070646,0.024989476127760146,5.679694999559991e-16,0.15928444225055563,0.15131221148474297,0.12457164794453089
AUGR FP Equity_DX_ACTIVE_AVAILABILITY_VALUE,10,2553,0.15916962225568562,5.9622599328056e-16,0.15117787373486188,1.6029767467176634e-14,0.12389876564595845,1.3508539443970152e-14,0.12285994133991984,0.01712082813867752,4.5280572086107505,0.025334968649017298,0.024952896900153676,5.962259932803156e-16,0.15916962225568562,0.15117787373486188,0.12389876564595845
