feature,lag,n_pairs,pearson_r,pearson_p,spearman_rho,spearman_p,kendall_tau,kendall_p,mutual_info,ols_slope,ols_intercept,ols_r2,ols_adj_r2,ols_slope_p,abs_pearson,abs_spearman,abs_kendall
BIODV FP Equity_DX_ACTIVE_AVAIL_SUPPLY_QTY,10,739,-0.4653359250280943,5.544962378359979e-41,-0.5196586034431032,2.373344712873789e-52,-0.40141189591426657,4.3136917048508306e-44,0.49643009484380785,-4.789151571118856e-06,12.914811802040301,0.21653752312175212,0.21547448041228356,5.544962378365343e-41,0.4653359250280943,0.5196586034431032,0.40141189591426657
BIODV FP Equity_DX_ACTIVE_AVAIL_SUPPLY_MV,10,739,-0.4633724546023707,1.3114852702492674e-40,-0.5147548840077049,3.073942241285642e-51,-0.38142161973012184,9.83882092152347e-42,0.5387746285021764,-0.41618931657283137,12.912780096006683,0.2147140316842262,0.21364851476656566,1.3114852702468598e-40,0.4633724546023707,0.5147548840077049,0.38142161973012184
BIODV FP Equity_DX_ACTIVE_AVAILABILITY_VALUE,10,739,-0.4633260512412299,1.3383500576963352e-40,-0.5146280711543948,3.282625692060504e-51,-0.3807151361152836,1.1680655870877615e-41,0.5152810228740681,-4.16462605346595e-07,12.912746936528395,0.21467102975879082,0.21360545449387724,1.338350057693666e-40,0.4633260512412299,0.5146280711543948,0.3807151361152836
