feature,lag,n_pairs,pearson_r,pearson_p,spearman_rho,spearman_p,kendall_tau,kendall_p,mutual_info,ols_slope,ols_intercept,ols_r2,ols_adj_r2,ols_slope_p,abs_pearson,abs_spearman,abs_kendall
BNK FP Equity_DX_DSS,10,4848,0.10034638414855343,2.5097749868301265e-12,0.14453452842160977,4.781856636569778e-24,0.11592590911820468,5.503111626506627e-24,0.12824897019111248,0.5879313405069153,22.589781875402995,0.010069396811689169,0.009865118932368522,2.509774986838648e-12,0.10034638414855343,0.14453452842160977,0.11592590911820468
