feature,lag,n_pairs,pearson_r,pearson_p,spearman_rho,spearman_p,kendall_tau,kendall_p,mutual_info,ols_slope,ols_intercept,ols_r2,ols_adj_r2,ols_slope_p,abs_pearson,abs_spearman,abs_kendall
BRES FP Equity_DX_DSS,10,4838,-0.20478649349445147,5.710133878192693e-47,-0.1837054770028347,5.520062950306554e-38,-0.14758082415224666,2.095868490093431e-37,0.10340563153971027,-4.885162267669187,59.13764233073751,0.04193750791775308,0.04173939739416277,5.710133878231345e-47,0.20478649349445147,0.1837054770028347,0.14758082415224666
