feature,lag,n_pairs,pearson_r,pearson_p,spearman_rho,spearman_p,kendall_tau,kendall_p,mutual_info,ols_slope,ols_intercept,ols_r2,ols_adj_r2,ols_slope_p,abs_pearson,abs_spearman,abs_kendall
C40 FP Equity_DX_DSS,10,4892,-0.07622386410290358,9.412417002459123e-08,-0.08082133186231838,1.507653349982449e-08,-0.0658866856490911,1.6238386535435443e-08,0.02987426167572993,-16.887183167249848,69.76068761383242,0.005810077458777929,0.005606766636172322,9.412417002451955e-08,0.07622386410290358,0.08082133186231838,0.0658866856490911
