feature,lag,n_pairs,pearson_r,pearson_p,spearman_rho,spearman_p,kendall_tau,kendall_p,mutual_info,ols_slope,ols_intercept,ols_r2,ols_adj_r2,ols_slope_p,abs_pearson,abs_spearman,abs_kendall
C50 FP Equity_DX_DSS,10,4241,-0.07022603811928259,4.702701565614646e-06,-0.08612961855834736,1.9339991305607042e-08,-0.07023987317434953,2.1089314403157327e-08,0.013152837351976032,-10.273936550309267,72.37724290820954,0.004931696429930743,0.004696955145766957,4.702701565615352e-06,0.07022603811928259,0.08612961855834736,0.07023987317434953
