feature,lag,n_pairs,pearson_r,pearson_p,spearman_rho,spearman_p,kendall_tau,kendall_p,mutual_info,ols_slope,ols_intercept,ols_r2,ols_adj_r2,ols_slope_p,abs_pearson,abs_spearman,abs_kendall
CASHE FP Equity_DX_ACTIVE_AVAIL_SUPPLY_QTY,10,29,0.15006423147440492,0.43716536789248633,0.15834806810295088,0.41197885777583276,0.1326195298532326,0.402087308245633,0.0,1.3407142857127556e-05,10.035796428571427,0.02251927356800365,-0.013683716299847992,0.43716536789302796,0.15006423147440492,0.15834806810295088,0.1326195298532326
CASHE FP Equity_DX_ACTIVE_AVAILABILITY_VALUE,10,29,0.15006423147440492,0.43716536789248633,0.15834806810295088,0.41197885777583276,0.1326195298532326,0.402087308245633,0.0,1.3362645248463357e-06,10.035796428571427,0.02251927356800365,-0.013683716299847992,0.43716536789258276,0.15006423147440492,0.15834806810295088,0.1326195298532326
