feature,lag,n_pairs,pearson_r,pearson_p,spearman_rho,spearman_p,kendall_tau,kendall_p,mutual_info,ols_slope,ols_intercept,ols_r2,ols_adj_r2,ols_slope_p,abs_pearson,abs_spearman,abs_kendall
CD9 FP Equity_DX_DSS,10,4200,-0.16387437306563213,1.1404583875096209e-26,-0.18853949367905057,6.577464397492042e-35,-0.15327395436185715,3.266872975598882e-34,0.05780297209853713,-23.588875123095747,112.06783881990184,0.02685481014765423,0.026622998525488217,1.1404583875065147e-26,0.16387437306563213,0.18853949367905057,0.15327395436185715
