feature,lag,n_pairs,pearson_r,pearson_p,spearman_rho,spearman_p,kendall_tau,kendall_p,mutual_info,ols_slope,ols_intercept,ols_r2,ols_adj_r2,ols_slope_p,abs_pearson,abs_spearman,abs_kendall
CP9 FP Equity_DX_DSS,10,4198,-0.014239989677374476,0.35631524872750353,-0.014965741396442338,0.33233295479175295,-0.012228242695988144,0.33197748262752635,0.00031312299042129954,-11.483363191293753,459.4987394951484,0.0002027773060117033,-3.549657928259009e-05,0.3563152487275342,0.014239989677374476,0.014965741396442338,0.012228242695988144
