feature,lag,n_pairs,pearson_r,pearson_p,spearman_rho,spearman_p,kendall_tau,kendall_p,mutual_info,ols_slope,ols_intercept,ols_r2,ols_adj_r2,ols_slope_p,abs_pearson,abs_spearman,abs_kendall
CROS FP Equity_DX_ACTIVE_AVAIL_SUPPLY_MV,10,2000,-0.5777338311623623,1.9312296792261125e-178,-0.6273645851299079,2.753931105587538e-219,-0.5151997794512286,1.002785214504586e-174,0.4692392742281837,-159.49866300624407,6.317523274564776,0.33377637966954055,0.3334429344141199,1.931229679228449e-178,0.5777338311623623,0.6273645851299079,0.5151997794512286
CROS FP Equity_DX_ACTIVE_AVAIL_SUPPLY_QTY,10,2000,-0.3406502476057657,1.5942242593396099e-55,-0.40339934699108154,3.862532358712889e-79,-0.3314369982035865,5.489763679480936e-72,0.1676363252468951,-0.0006711372711163254,5.331056001177529,0.1160425911938695,0.11560017006834089,1.5942242593379547e-55,0.3406502476057657,0.40339934699108154,0.3314369982035865
CROS FP Equity_DX_ACTIVE_AVAILABILITY_VALUE,10,2000,-0.16222978015616352,2.8991170955399984e-13,-0.1845377546134336,8.858517612902568e-17,-0.15282167345657227,1.9198456076193243e-16,0.04106882739588125,-0.00014870438749207704,5.025750515259144,0.026318501569516317,0.025831173492223747,2.8991170955410147e-13,0.16222978015616352,0.1845377546134336,0.15282167345657227
