feature,lag,n_pairs,pearson_r,pearson_p,spearman_rho,spearman_p,kendall_tau,kendall_p,mutual_info,ols_slope,ols_intercept,ols_r2,ols_adj_r2,ols_slope_p,abs_pearson,abs_spearman,abs_kendall
CSH2 FP Equity_DX_DSS,10,2671,0.03605955714154306,0.06241254708586801,0.050010140828404714,0.009737399875325188,0.0408729677259894,0.009762608378639239,0.00862215689003265,365.2875956489092,633.4324043510877,0.001300291661244346,0.0009261066824738373,0.062412547085863156,0.03605955714154306,0.050010140828404714,0.0408729677259894
