feature,lag,n_pairs,pearson_r,pearson_p,spearman_rho,spearman_p,kendall_tau,kendall_p,mutual_info,ols_slope,ols_intercept,ols_r2,ols_adj_r2,ols_slope_p,abs_pearson,abs_spearman,abs_kendall
DPAM FP Equity_DX_ACTIVE_AVAIL_SUPPLY_MV,10,2582,0.017808359324275182,0.3657109645248204,0.028516635326301134,0.14744382607976464,0.023368506382308744,0.14740849718588353,0.0,3225.2821076214204,402.574870104692,0.00031713766182284164,-7.033631582764599e-05,0.36571096452481067,0.017808359324275182,0.028516635326301134,0.023368506382308744
DPAM FP Equity_DX_ACTIVE_AVAIL_SUPPLY_QTY,10,2582,0.01780835932427518,0.3657109645248204,0.028516635326301134,0.14744382607976464,0.023368506382308744,0.14740849718588353,0.0,1.8607396774739045,402.574870104692,0.00031713766182284164,-7.033631582764599e-05,0.36571096452481566,0.01780835932427518,0.028516635326301134,0.023368506382308744
DPAM FP Equity_DX_ACTIVE_AVAILABILITY_VALUE,10,2582,0.017806334978507442,0.3657654711282839,0.02851688955402596,0.1474402160696016,0.0233764746100799,0.1471922362828668,0.0,0.004084913582020954,402.5749149567939,0.00031706556536625907,-7.040844022854209e-05,0.36576547112828917,0.017806334978507442,0.02851688955402596,0.0233764746100799
