feature,lag,n_pairs,pearson_r,pearson_p,spearman_rho,spearman_p,kendall_tau,kendall_p,mutual_info,ols_slope,ols_intercept,ols_r2,ols_adj_r2,ols_slope_p,abs_pearson,abs_spearman,abs_kendall
EDEU FP Equity_DX_ACTIVE_AVAILABILITY_VALUE,10,2021,0.06894823328539793,0.001926221609910793,0.04984754512071699,0.02503062961937484,0.04072420656704157,0.025027880085757015,2.1955743327972677e-05,0.001350119795740777,108.6835016887105,0.0047538588731779186,0.004260918733937302,0.001926221609911438,0.06894823328539793,0.04984754512071699,0.04072420656704157
EDEU FP Equity_DX_ACTIVE_AVAIL_SUPPLY_MV,10,2021,0.06894815446102716,0.0019262447321018992,0.04984749784194151,0.025030767489298243,0.04071823203813176,0.02506714666373018,2.1955743327972677e-05,1331.2166088823183,108.68350173353146,0.004753848003581473,0.004260907858957164,0.001926244732101522,0.06894815446102716,0.04984749784194151,0.04071823203813176
EDEU FP Equity_DX_ACTIVE_AVAIL_SUPPLY_QTY,10,2021,0.06894815446102714,0.0019262447321018992,0.04984749784194151,0.025030767489298243,0.04071823203813176,0.02506714666373018,2.1955743327972677e-05,0.19968249133234683,108.68350173353149,0.0047538480035816955,0.004260907858957386,0.001926244732101531,0.06894815446102714,0.04984749784194151,0.04071823203813176
