feature,lag,n_pairs,pearson_r,pearson_p,spearman_rho,spearman_p,kendall_tau,kendall_p,mutual_info,ols_slope,ols_intercept,ols_r2,ols_adj_r2,ols_slope_p,abs_pearson,abs_spearman,abs_kendall
EGRO FP Equity_DX_ACTIVE_AVAIL_SUPPLY_QTY,10,996,0.04439094051509672,0.1615476678521102,0.07770543529163329,0.014168122721188454,0.06344262648543393,0.014315234790733865,0.0,0.0010650477536027587,10.403467307148913,0.0019705555998149604,0.0009665018328126607,0.16154766785208888,0.04439094051509672,0.07770543529163329,0.06344262648543393
EGRO FP Equity_DX_ACTIVE_AVAILABILITY_VALUE,10,996,0.044170979266807985,0.16363734693618512,0.07770556905004554,0.014167955909990194,0.06345801671572161,0.014275385819887581,0.0,9.759189697388932e-05,10.403480110181718,0.0019510754093885474,0.0009470020446091798,0.16363734693616272,0.044170979266807985,0.07770556905004554,0.06345801671572161
EGRO FP Equity_DX_ACTIVE_AVAIL_SUPPLY_MV,10,996,0.030579502954151867,0.3350026053012226,0.042009360734527657,0.1852663555162367,0.034336027174790354,0.18512892078831034,9.836307567456792e-06,69.18371859296997,10.40416281407036,0.0009351060009229473,-6.998946587688515e-05,0.3350026053011972,0.030579502954151867,0.042009360734527657,0.034336027174790354
