feature,lag,n_pairs,pearson_r,pearson_p,spearman_rho,spearman_p,kendall_tau,kendall_p,mutual_info,ols_slope,ols_intercept,ols_r2,ols_adj_r2,ols_slope_p,abs_pearson,abs_spearman,abs_kendall
ENRG FP Equity_DX_DSS,10,4807,-0.2338811566874332,9.912760415728927e-61,-0.35134086504542794,1.1146371671411252e-139,-0.28250519314459327,4.1245395426549866e-134,0.17468275050855286,-2.077374453575778,40.92854022700616,0.05470039545345162,0.05450366296551268,9.91276041568309e-61,0.2338811566874332,0.35134086504542794,0.28250519314459327
