feature,lag,n_pairs,pearson_r,pearson_p,spearman_rho,spearman_p,kendall_tau,kendall_p,mutual_info,ols_slope,ols_intercept,ols_r2,ols_adj_r2,ols_slope_p,abs_pearson,abs_spearman,abs_kendall
EQUA FP Equity_DX_ACTIVE_AVAILABILITY_VALUE,10,2359,-0.1656895917930269,5.53024216779695e-16,-0.26319806928727163,1.1219276803916015e-38,-0.20151446292227349,1.2933936493971575e-35,0.19941388459749176,-1.1198635697560076e-06,134.16037758711923,0.02745304082853961,0.027040420141576704,5.530242167788954e-16,0.1656895917930269,0.26319806928727163,0.20151446292227349
EQUA FP Equity_DX_ACTIVE_AVAIL_SUPPLY_MV,10,2359,-0.16564994000821787,5.620296306325127e-16,-0.2649160288296895,3.531894550904782e-39,-0.20801001761978996,2.9247500233771983e-37,0.19845711171175706,-1.1205347626378186,134.16031913462504,0.027439902624726065,0.027027276363641994,5.620296306331015e-16,0.16564994000821787,0.2649160288296895,0.20801001761978996
EQUA FP Equity_DX_ACTIVE_AVAIL_SUPPLY_QTY,10,2359,-0.16495933529934664,7.441527262431641e-16,-0.26963764361543024,1.4100405766659005e-40,-0.21764026529136085,6.105459059621377e-40,0.18680077471610246,-0.000130836705379761,134.15521073846517,0.027211582302402282,0.02679885917228031,7.441527262446453e-16,0.16495933529934664,0.26963764361543024,0.21764026529136085
