feature,lag,n_pairs,pearson_r,pearson_p,spearman_rho,spearman_p,kendall_tau,kendall_p,mutual_info,ols_slope,ols_intercept,ols_r2,ols_adj_r2,ols_slope_p,abs_pearson,abs_spearman,abs_kendall
EVOE FP Equity_DX_ACTIVE_AVAIL_SUPPLY_MV,10,2353,0.16761336367188068,2.7415007710431024e-16,0.13319994837900354,8.7726557512635e-11,0.10879222567694977,1.0480391459623352e-10,0.02075858627347371,5688.734074707564,139.69532591958944,0.028094239681402455,0.027680838677438757,2.7415007710484376e-16,0.16761336367188068,0.13319994837900354,0.10879222567694977
EVOE FP Equity_DX_ACTIVE_AVAILABILITY_VALUE,10,2353,0.13008088467753945,2.3965746499759167e-10,0.03135094325851484,0.1284283726862862,0.02560228425764424,0.12584044153102705,0.07921877372730135,0.004253194573082532,139.60987782125642,0.016921036558491198,0.016502883022361248,2.3965746499776016e-10,0.13008088467753945,0.03135094325851484,0.02560228425764424
EVOE FP Equity_DX_ACTIVE_AVAIL_SUPPLY_QTY,10,2353,0.10857681927010122,1.2944412026248256e-07,0.03127252115474589,0.1293869339031452,0.025386203449109638,0.13070464858418793,0.0743208289304913,0.6449657484285296,139.63859515720537,0.011788925682812201,0.011368589198627932,1.2944412026240847e-07,0.10857681927010122,0.03127252115474589,0.025386203449109638
