feature,lag,n_pairs,pearson_r,pearson_p,spearman_rho,spearman_p,kendall_tau,kendall_p,mutual_info,ols_slope,ols_intercept,ols_r2,ols_adj_r2,ols_slope_p,abs_pearson,abs_spearman,abs_kendall
FCMC FP Equity_DX_ACTIVE_AVAIL_SUPPLY_QTY,10,1990,-0.24251877358931215,4.980707697255948e-28,-0.23797219929222255,5.0840069609277725e-27,-0.19286191305876993,4.802808636047144e-27,0.270608332804267,-16.312842092032586,1251.9004282783133,0.05881535554326378,0.058341922623517006,4.9807076972555355e-28,0.24251877358931215,0.23797219929222255,0.19286191305876993
FCMC FP Equity_DX_ACTIVE_AVAILABILITY_VALUE,10,1990,-0.23031284353914533,2.282261093770058e-25,-0.20304466062704998,5.828955678197853e-20,-0.16387650023932734,4.474997599384187e-21,0.44235193603169964,-0.013024901808644379,1251.7203826448126,0.0530440058990872,0.05256766988595807,2.2822610937703058e-25,0.23031284353914533,0.20304466062704998,0.16387650023932734
FCMC FP Equity_DX_ACTIVE_AVAIL_SUPPLY_MV,10,1990,-0.2076823506819243,7.89771389923784e-21,-0.07716602006739767,0.0005704128288953161,-0.06284713183904195,0.000600126771494931,0.052317030414630095,-11486.593497893207,1245.7049475868212,0.04313195878476972,0.042650636832448297,7.89771389923803e-21,0.2076823506819243,0.07716602006739767,0.06284713183904195
