feature,lag,n_pairs,pearson_r,pearson_p,spearman_rho,spearman_p,kendall_tau,kendall_p,mutual_info,ols_slope,ols_intercept,ols_r2,ols_adj_r2,ols_slope_p,abs_pearson,abs_spearman,abs_kendall
FINM FP Equity_DX_ACTIVE_AVAIL_SUPPLY_MV,10,2252,0.7344516428613604,0.0,0.15456397166197852,1.6414893610874394e-13,0.12911074174681159,1.0042596718205223e-14,0.5091339434722024,161.0640709585711,0.3020170014986049,0.5394192157017519,0.5392145131309527,0.0,0.7344516428613604,0.15456397166197852,0.12911074174681159
FINM FP Equity_DX_ACTIVE_AVAILABILITY_VALUE,10,2252,0.24170629183590747,2.6781456175615008e-31,-0.07666531994972049,0.00027104190923519557,-0.060486762483450314,0.00029491068812078855,0.35468910741472026,0.00010702398002310974,1.5942087263573415,0.058421931513065184,0.058003452371515385,2.678145617560457e-31,0.24170629183590747,0.07666531994972049,0.060486762483450314
FINM FP Equity_DX_ACTIVE_AVAIL_SUPPLY_QTY,10,2252,0.16483941591583054,3.4885341317838503e-15,-0.08001080538260069,0.00014416054053544323,-0.06467485045887347,0.00014675326721760575,0.35505288193435636,0.0006714578366014208,1.6328612296334695,0.02717203303947191,0.026739665054156148,3.4885341317836575e-15,0.16483941591583054,0.08001080538260069,0.06467485045887347
