feature,lag,n_pairs,pearson_r,pearson_p,spearman_rho,spearman_p,kendall_tau,kendall_p,mutual_info,ols_slope,ols_intercept,ols_r2,ols_adj_r2,ols_slope_p,abs_pearson,abs_spearman,abs_kendall
FORE FP Equity_DX_ACTIVE_AVAIL_SUPPLY_QTY,10,1083,0.07357309152574659,0.015448060598296686,0.052088390447052,0.08664657607021765,0.04315157023468955,0.08664201861005819,0.0,529.0885120147896,670.9114879852107,0.005412999796656659,0.004492937816820142,0.015448060598296572,0.07357309152574659,0.052088390447052,0.04315157023468955
FORE FP Equity_DX_ACTIVE_AVAILABILITY_VALUE,10,1083,0.07357309152574658,0.015448060598296686,0.052088390447052,0.08664657607021765,0.04315157023468955,0.08664201861005819,0.0,0.4809895563770822,670.9114879852102,0.005412999796656326,0.004492937816819809,0.015448060598296788,0.07357309152574658,0.052088390447052,0.04315157023468955
