feature,lag,n_pairs,pearson_r,pearson_p,spearman_rho,spearman_p,kendall_tau,kendall_p,mutual_info,ols_slope,ols_intercept,ols_r2,ols_adj_r2,ols_slope_p,abs_pearson,abs_spearman,abs_kendall
GJAJ FP Equity_DX_ACTIVE_AVAIL_SUPPLY_QTY,10,3402,-0.5565651033174579,4.84770326954812e-276,-0.5122943191464078,4.745923803309396e-227,-0.4284336646489,4.0317174959359364e-196,0.42904505017424865,-0.00018386408801258843,1.5948305457746452,0.30976471423077157,0.3095617038526042,4.847703269585166e-276,0.5565651033174579,0.5122943191464078,0.4284336646489
GJAJ FP Equity_DX_ACTIVE_AVAIL_SUPPLY_MV,10,3402,-0.5564627596390501,6.4187344284271334e-276,-0.5119384144318546,1.1000939349487616e-226,-0.4281360201983898,7.4989865597317e-196,0.42773677318360637,-110.32272777399479,1.5945204575450853,0.30965080286510427,0.309447758983594,6.418734428457562e-276,0.5564627596390501,0.5119384144318546,0.4281360201983898
GJAJ FP Equity_DX_ACTIVE_AVAILABILITY_VALUE,10,3402,-0.12058670989411341,1.7062695370344424e-12,-0.06792027247249037,7.349264316791708e-05,-0.05780019890289419,2.5036226525265816e-05,0.2444136604596312,-3.145904760311312e-05,1.2798364008137928,0.014541154603089357,0.014251313766207918,1.7062695370324704e-12,0.12058670989411341,0.06792027247249037,0.05780019890289419
