feature,lag,n_pairs,pearson_r,pearson_p,spearman_rho,spearman_p,kendall_tau,kendall_p,mutual_info,ols_slope,ols_intercept,ols_r2,ols_adj_r2,ols_slope_p,abs_pearson,abs_spearman,abs_kendall
GLUX FP Equity_DX_DSS,10,4196,-0.02858653914275328,0.06408849664442802,-0.028364617954157182,0.06618274110106996,-0.023162979279048056,0.06618881352989305,0.003780829062236646,-54.709416579200806,116.04691657919847,0.0008171902201603576,0.000578949206860413,0.06408849664443077,0.02858653914275328,0.028364617954157182,0.023162979279048056
