feature,lag,n_pairs,pearson_r,pearson_p,spearman_rho,spearman_p,kendall_tau,kendall_p,mutual_info,ols_slope,ols_intercept,ols_r2,ols_adj_r2,ols_slope_p,abs_pearson,abs_spearman,abs_kendall
GOV10 FP Equity_DX_ACTIVE_AVAIL_SUPPLY_MV,10,311,0.2771087178415398,6.878942954019517e-07,0.3187002653207973,9.015120980178642e-09,0.26105349890965607,1.8541469986132338e-08,0.10281744522850178,11.330429538295842,10.219774509146957,0.07678924150378197,0.07380150442126987,6.878942954030522e-07,0.2771087178415398,0.3187002653207973,0.26105349890965607
GOV10 FP Equity_DX_ACTIVE_AVAIL_SUPPLY_QTY,10,311,0.2770796882078533,6.898159352297996e-07,0.3187002653207973,9.015120980178642e-09,0.26105349890965607,1.8541469986132338e-08,0.10288747552222222,0.00013321509243765454,10.219765271160966,0.07677315361736103,0.07378536447049155,6.898159352304768e-07,0.2770796882078533,0.3187002653207973,0.26105349890965607
GOV10 FP Equity_DX_ACTIVE_AVAILABILITY_VALUE,10,311,0.2769210890394215,7.004057494428557e-07,0.31753373456491857,1.027735987701808e-08,0.25352010946447984,2.5508684271202227e-08,0.09928545100310071,1.27807509240181e-05,10.2197783797546,0.07668528955477916,0.07369721605819257,7.004057494441759e-07,0.2769210890394215,0.31753373456491857,0.25352010946447984
