feature,lag,n_pairs,pearson_r,pearson_p,spearman_rho,spearman_p,kendall_tau,kendall_p,mutual_info,ols_slope,ols_intercept,ols_r2,ols_adj_r2,ols_slope_p,abs_pearson,abs_spearman,abs_kendall
HLT FP Equity_DX_DSS,10,4847,-0.2846736316118476,4.909119498437897e-91,-0.3268189815339648,5.069177521370463e-121,-0.2668631502248279,7.6437155722876805e-115,0.10585248412266801,-44.31590971588381,83.86712299811593,0.08103907653507836,0.08084940451785139,4.909119498455177e-91,0.2846736316118476,0.3268189815339648,0.2668631502248279
