feature,lag,n_pairs,pearson_r,pearson_p,spearman_rho,spearman_p,kendall_tau,kendall_p,mutual_info,ols_slope,ols_intercept,ols_r2,ols_adj_r2,ols_slope_p,abs_pearson,abs_spearman,abs_kendall
IQEC FP Equity_DX_ACTIVE_AVAIL_SUPPLY_QTY,10,2080,-0.01947221150160964,0.3747453049659575,-0.020746783581882425,0.34428534266183464,-0.016962885891972708,0.3441631571899112,0.0004158497537434247,-0.003155964405963903,24.45178932178936,0.00037916702076368214,-0.00010188246575171256,0.3747453049660344,0.01947221150160964,0.020746783581882425,0.016962885891972708
IQEC FP Equity_DX_ACTIVE_AVAILABILITY_VALUE,10,2080,-0.01947221150160964,0.3747453049659575,-0.020746783581882425,0.34428534266183464,-0.016962885891972708,0.3441631571899112,0.0004158497537434247,-0.00013464011970836155,24.451789321789356,0.00037916702076368214,-0.00010188246575171256,0.37474530496601965,0.01947221150160964,0.020746783581882425,0.016962885891972708
IQEC FP Equity_DX_ACTIVE_AVAIL_SUPPLY_MV,10,2080,-0.01947221150160964,0.3747453049659575,-0.020746783581882425,0.34428534266183464,-0.016962885891972708,0.3441631571899112,0.0004158497537434247,-94.67893217891807,24.451789321789356,0.00037916702076368214,-0.00010188246575171256,0.374745304966029,0.01947221150160964,0.020746783581882425,0.016962885891972708
