feature,lag,n_pairs,pearson_r,pearson_p,spearman_rho,spearman_p,kendall_tau,kendall_p,mutual_info,ols_slope,ols_intercept,ols_r2,ols_adj_r2,ols_slope_p,abs_pearson,abs_spearman,abs_kendall
MFA8 FP Equity_DX_ACTIVE_AVAIL_SUPPLY_QTY,10,96,0.4803091587001325,7.333361689875673e-07,0.6769379883220212,3.6915777479154586e-14,0.5629962655091598,6.14075787664414e-12,0.35528527557625744,2.870081092646604e-05,72.33964796216677,0.2306968879312291,0.222512812270923,7.333361689875961e-07,0.4803091587001325,0.6769379883220212,0.5629962655091598
MFA8 FP Equity_DX_ACTIVE_AVAILABILITY_VALUE,10,96,0.47962489369506145,7.643541802996388e-07,0.7683572669938817,6.424525676429063e-20,0.6043748449433645,1.5489679296405873e-17,0.6382153794864269,2.83482829454861e-07,72.52236111281897,0.23004003865199885,0.22184897523340308,7.643541802996331e-07,0.47962489369506145,0.7683572669938817,0.6043748449433645
MFA8 FP Equity_DX_ACTIVE_AVAIL_SUPPLY_MV,10,96,0.47958732146547933,7.660928540706746e-07,0.7497270122918178,1.5167766787947335e-18,0.5889626646592944,8.522250100555275e-17,0.6165986566355515,0.2834113609122958,72.52658580397274,0.23000399891043288,0.22181255209033102,7.660928540706806e-07,0.47958732146547933,0.7497270122918178,0.5889626646592944
