feature,lag,n_pairs,pearson_r,pearson_p,spearman_rho,spearman_p,kendall_tau,kendall_p,mutual_info,ols_slope,ols_intercept,ols_r2,ols_adj_r2,ols_slope_p,abs_pearson,abs_spearman,abs_kendall
MHM FP Equity_DX_DSS,10,4669,-0.02558983972384218,0.08039929979683132,0.060131875735868,3.932052580155046e-05,0.049865502855343885,3.984511778468556e-05,0.04029928631918711,-0.06807830965279955,0.13954172428694858,0.000654839897092252,0.00044070980064847554,0.08039929979682815,0.02558983972384218,0.060131875735868,0.049865502855343885
