feature,lag,n_pairs,pearson_r,pearson_p,spearman_rho,spearman_p,kendall_tau,kendall_p,mutual_info,ols_slope,ols_intercept,ols_r2,ols_adj_r2,ols_slope_p,abs_pearson,abs_spearman,abs_kendall
MLAAT FP Equity_DX_ACTIVE_AVAIL_SUPPLY_QTY,10,1040,0.08092873352338574,0.009027304655770568,0.19551562010261483,2.0297291293223477e-10,0.16230180947417538,2.540861893946254e-10,0.0999507139909539,1.7866328691522914e-05,0.21223300786359867,0.006549459909699684,0.005592378464526093,0.00902730465577038,0.08092873352338574,0.19551562010261483,0.16230180947417538
MLAAT FP Equity_DX_ACTIVE_AVAILABILITY_VALUE,10,1040,0.08070106060851032,0.009223721248822526,0.19540570705609375,2.0784556913783037e-10,0.16077618092670307,2.950466243619141e-10,0.11862248186232294,5.928321747250486e-05,0.21225260475811894,0.006512661183338264,0.00555554428659788,0.009223721248822378,0.08070106060851032,0.19540570705609375,0.16077618092670307
