feature,lag,n_pairs,pearson_r,pearson_p,spearman_rho,spearman_p,kendall_tau,kendall_p,mutual_info,ols_slope,ols_intercept,ols_r2,ols_adj_r2,ols_slope_p,abs_pearson,abs_spearman,abs_kendall
MLALE FP Equity_DX_ACTIVE_AVAIL_SUPPLY_QTY,10,735,-0.13133241132193801,0.0003570475340575656,-0.1980021646342245,6.213261374549735e-08,-0.1727504177824707,8.123644661395819e-08,0.03398307539159173,-4.888731605550182e-06,1.0275810055865777,0.01724820226363455,0.015907476755126493,0.00035704753405756893,0.13133241132193801,0.1980021646342245,0.1727504177824707
MLALE FP Equity_DX_ACTIVE_AVAILABILITY_VALUE,10,735,-0.13133241132193801,0.0003570475340575656,-0.1980021646342245,6.213261374549735e-08,-0.1727504177824707,8.123644661395819e-08,0.03398307539159173,-0.004888731605550142,1.0275810055865777,0.01724820226363455,0.015907476755126493,0.00035704753405762287,0.13133241132193801,0.1980021646342245,0.1727504177824707
MLALE FP Equity_DX_ACTIVE_AVAIL_SUPPLY_MV,10,735,-0.13132930363107026,0.00035716369863578916,-0.19799977820646342,6.215571987874575e-08,-0.17245177830387898,8.109977343226418e-08,0.02691178695301355,-1.7715817484331953,1.0275797483676734,0.01724738599222042,0.015906659370108822,0.00035716369863576433,0.13132930363107026,0.19799977820646342,0.17245177830387898
