feature,lag,n_pairs,pearson_r,pearson_p,spearman_rho,spearman_p,kendall_tau,kendall_p,mutual_info,ols_slope,ols_intercept,ols_r2,ols_adj_r2,ols_slope_p,abs_pearson,abs_spearman,abs_kendall
MLBON FP Equity_DX_ACTIVE_AVAILABILITY_VALUE,10,700,0.128750026752014,0.0006389011402050643,0.14410564631655262,0.00013032192815252847,0.1265114154832069,0.00013712570159015876,0.01020432664447557,0.0006364865206539626,14.111160693440215,0.016576569388643825,0.015167653298942652,0.0006389011402050552,0.128750026752014,0.14410564631655262,0.1265114154832069
MLBON FP Equity_DX_ACTIVE_AVAIL_SUPPLY_QTY,10,700,0.12733762883768035,0.0007334199716141474,0.14401694717445873,0.000131586764976217,0.1264188092163684,0.00014004761829480888,0.01020432664447557,0.010437455726813046,14.111526905884366,0.01621487171800251,0.014805437436796076,0.0007334199716141594,0.12733762883768035,0.14401694717445873,0.1264188092163684
MLBON FP Equity_DX_ACTIVE_AVAIL_SUPPLY_MV,10,700,0.09396812948245921,0.012874386993136056,0.08983322320284962,0.01743875638842807,0.07900888672803022,0.017545841754416387,0.006016964800253044,340.80822572931567,14.125251076040195,0.008830009358432256,0.00740999504519213,0.012874386993136009,0.09396812948245921,0.08983322320284962,0.07900888672803022
