feature,lag,n_pairs,pearson_r,pearson_p,spearman_rho,spearman_p,kendall_tau,kendall_p,mutual_info,ols_slope,ols_intercept,ols_r2,ols_adj_r2,ols_slope_p,abs_pearson,abs_spearman,abs_kendall
MLCFM FP Equity_DX_ACTIVE_AVAIL_SUPPLY_QTY,10,1876,-0.18220148582730822,1.8196264463677237e-15,-0.03618344245612672,0.11719062743906881,-0.029572709421699785,0.11776410518703669,0.06026964037021365,-0.5785277658900415,1020.3866311652384,0.033197381437679585,0.03268147822606671,1.8196264463654533e-15,0.18220148582730822,0.03618344245612672,0.029572709421699785
MLCFM FP Equity_DX_ACTIVE_AVAILABILITY_VALUE,10,1876,-0.18175198782266824,2.1373511636485303e-15,-0.03629069073232376,0.11610789236392112,-0.029638117104449413,0.11657353206294888,0.05747560443206656,-0.0007251093830883829,1020.3550099973354,0.03303378507749033,0.03251779456792647,2.137351163652291e-15,0.18175198782266824,0.03629069073232376,0.029638117104449413
MLCFM FP Equity_DX_ACTIVE_AVAIL_SUPPLY_MV,10,1876,-0.1808007341817223,3.000529568911477e-15,-0.030834804064247514,0.18188634741209375,-0.025232597744944258,0.18193322518438793,0.04792673297421857,-457.1985986447465,1020.3205600446748,0.032688905480649955,0.032172730937149674,3.0005295689075897e-15,0.1808007341817223,0.030834804064247514,0.025232597744944258
