feature,lag,n_pairs,pearson_r,pearson_p,spearman_rho,spearman_p,kendall_tau,kendall_p,mutual_info,ols_slope,ols_intercept,ols_r2,ols_adj_r2,ols_slope_p,abs_pearson,abs_spearman,abs_kendall
MLCHE FP Equity_DX_ACTIVE_AVAILABILITY_VALUE,10,2172,0.7649452528337185,0.0,0.7089539583324634,0.0,0.585519056129431,5.967277325596291e-284,1.0558354458557404,0.03110542118187234,18.980086358303435,0.5851412398328412,0.5849500606806904,0.0,0.7649452528337185,0.7089539583324634,0.585519056129431
MLCHE FP Equity_DX_ACTIVE_AVAIL_SUPPLY_QTY,10,2172,0.7575568587901886,0.0,0.6834529851752096,6.342658111511894e-299,0.5619289255399452,1.5535240732551175e-222,0.591395643407274,1.931143248647214,19.084250353606798,0.5738923943000588,0.5736960313481234,0.0,0.7575568587901886,0.6834529851752096,0.5619289255399452
