feature,lag,n_pairs,pearson_r,pearson_p,spearman_rho,spearman_p,kendall_tau,kendall_p,mutual_info,ols_slope,ols_intercept,ols_r2,ols_adj_r2,ols_slope_p,abs_pearson,abs_spearman,abs_kendall
MLCMB FP Equity_DX_ACTIVE_AVAIL_SUPPLY_QTY,10,4377,-0.6133571587951544,0.0,-0.7417896999463555,0.0,-0.5836749949820459,0.0,0.6379217885150941,-0.21361691604349112,108.55895594089066,0.37620700424526343,0.37606442298909093,0.0,0.6133571587951544,0.7417896999463555,0.5836749949820459
MLCMB FP Equity_DX_ACTIVE_AVAIL_SUPPLY_MV,10,4377,-0.5889515173738431,0.0,-0.789054557679237,0.0,-0.6180546662191809,0.0,0.7018528301202118,-2804.3932646506673,106.85525391257106,0.34686388981695326,0.3467146015631971,0.0,0.5889515173738431,0.789054557679237,0.6180546662191809
MLCMB FP Equity_DX_ACTIVE_AVAILABILITY_VALUE,10,4377,0.003390191653536382,0.8225799507561171,-0.7222153570424176,0.0,-0.5251848933664556,0.0,0.690917923147897,6.269003296486112e-08,86.72655760695152,1.149339944794825e-05,-0.00021707540206072906,0.8225799507561015,0.003390191653536382,0.7222153570424176,0.5251848933664556
