feature,lag,n_pairs,pearson_r,pearson_p,spearman_rho,spearman_p,kendall_tau,kendall_p,mutual_info,ols_slope,ols_intercept,ols_r2,ols_adj_r2,ols_slope_p,abs_pearson,abs_spearman,abs_kendall
MLCOT FP Equity_DX_ACTIVE_AVAIL_SUPPLY_MV,10,2267,0.28297704628308445,5.242170909602708e-43,-0.20846103697622065,1.1209079847296559e-23,-0.12327102545584948,3.5148732014325503e-16,1.074845675152825,0.054626721196305884,0.13450476585139937,0.08007600872309872,0.07966986126558129,5.2421709096033495e-43,0.28297704628308445,0.20846103697622065,0.12327102545584948
MLCOT FP Equity_DX_ACTIVE_AVAILABILITY_VALUE,10,2267,0.25309088969605503,1.816870276129764e-34,-0.10061831184414105,1.584392777321251e-06,-0.04573734780351282,0.002442797059776489,1.1700519987017826,5.2919828487460657e-08,0.17316087955089082,0.0640549984471408,0.06364177769590329,1.8168702761298247e-34,0.25309088969605503,0.10061831184414105,0.04573734780351282
MLCOT FP Equity_DX_ACTIVE_AVAIL_SUPPLY_QTY,10,2267,-0.16191583747935512,8.745480302232077e-15,-0.0033218100766145837,0.8743979944023499,0.038305758630310334,0.013056856068044057,1.2203220207532515,-5.075241287531885e-08,0.5871724988547333,0.026216738426641628,0.025786812041840967,8.745480302231271e-15,0.16191583747935512,0.0033218100766145837,0.038305758630310334
