feature,lag,n_pairs,pearson_r,pearson_p,spearman_rho,spearman_p,kendall_tau,kendall_p,mutual_info,ols_slope,ols_intercept,ols_r2,ols_adj_r2,ols_slope_p,abs_pearson,abs_spearman,abs_kendall
MLCVG FP Equity_DX_ACTIVE_AVAIL_SUPPLY_QTY,10,844,-0.34803837927506404,1.9319522657872866e-25,-0.25789540734272626,2.734826706373512e-14,-0.2126188004259087,4.2552855746631126e-14,0.35575770950742314,-604.7632396317354,5697.695171970412,0.12113071344841353,0.12008692569716473,1.931952265787071e-25,0.34803837927506404,0.25789540734272626,0.2126188004259087
MLCVG FP Equity_DX_ACTIVE_AVAIL_SUPPLY_MV,10,844,-0.3292516543194098,8.664117447887393e-23,-0.25789540734272626,2.734826706373512e-14,-0.2126188004259087,4.2552855746631126e-14,0.3545182657269137,-92842.19216578623,5698.447069861213,0.10840665187206744,0.10734775240873273,8.664117447888572e-23,0.3292516543194098,0.25789540734272626,0.2126188004259087
MLCVG FP Equity_DX_ACTIVE_AVAILABILITY_VALUE,10,844,0.07411699744657874,0.03131916730065009,-0.055436787981399345,0.10753271587407771,-0.046664723784424066,0.09922816439071587,0.1866702778905429,0.03874308695916348,5391.64943399175,0.00549332931049662,0.004312204998513924,0.03131916730065431,0.07411699744657874,0.055436787981399345,0.046664723784424066
