feature,lag,n_pairs,pearson_r,pearson_p,spearman_rho,spearman_p,kendall_tau,kendall_p,mutual_info,ols_slope,ols_intercept,ols_r2,ols_adj_r2,ols_slope_p,abs_pearson,abs_spearman,abs_kendall
MLDYX FP Equity_DX_ACTIVE_AVAIL_SUPPLY_QTY,10,1636,-0.21484193356072315,1.5502780676169944e-18,-0.8134354940434777,0.0,-0.7253814507966313,1.8651546506453332e-239,0.6505663529300456,-1.2811027200202846e-05,2.241191017142331,0.04615705641610868,0.04557330920461311,1.5502780676180203e-18,0.21484193356072315,0.8134354940434777,0.7253814507966313
MLDYX FP Equity_DX_ACTIVE_AVAIL_SUPPLY_MV,10,1636,-0.07615492134874291,0.00205339702398118,-0.8208894151824305,0.0,-0.7147346533864326,4.437243568373974e-243,0.6536424809288626,-0.1948101932155754,1.5088195186229463,0.005799572045634527,0.005191126251292921,0.0020533970239809836,0.07615492134874291,0.8208894151824305,0.7147346533864326
MLDYX FP Equity_DX_ACTIVE_AVAILABILITY_VALUE,10,1636,-0.012027221627365657,0.6268843797069685,-0.06279947876320945,0.01106471849562702,-0.059134913592055256,0.01147822613413667,0.1348403065805872,-6.247716849004788e-08,1.3122330043776778,0.00014465406007202475,-0.0004672525163904595,0.6268843797069588,0.012027221627365657,0.06279947876320945,0.059134913592055256
