feature,lag,n_pairs,pearson_r,pearson_p,spearman_rho,spearman_p,kendall_tau,kendall_p,mutual_info,ols_slope,ols_intercept,ols_r2,ols_adj_r2,ols_slope_p,abs_pearson,abs_spearman,abs_kendall
MLEAS FP Equity_DX_ACTIVE_AVAILABILITY_VALUE,10,1081,0.06530938556686809,0.031786350015527674,-0.12115728227076453,6.508070027780572e-05,-0.11542815038590958,1.2079499191016167e-06,0.813397621610048,0.00023071115158849784,1.2096618691586933,0.004265315843121176,0.0033424848105384486,0.031786350015515864,0.06530938556686809,0.12115728227076453,0.11542815038590958
MLEAS FP Equity_DX_ACTIVE_AVAIL_SUPPLY_QTY,10,1081,-0.034307831469184945,0.2597344532785497,-0.20408672397909636,1.2550281647299697e-11,-0.18844497988897285,6.4890285556188305e-15,0.5248181311657283,-0.00015603290605718188,1.2546881906665426,0.0011770273001184828,0.0002513340909434669,0.2597344532785527,0.034307831469184945,0.20408672397909636,0.18844497988897285
