feature,lag,n_pairs,pearson_r,pearson_p,spearman_rho,spearman_p,kendall_tau,kendall_p,mutual_info,ols_slope,ols_intercept,ols_r2,ols_adj_r2,ols_slope_p,abs_pearson,abs_spearman,abs_kendall
MLEDR FP Equity_DX_ACTIVE_AVAIL_SUPPLY_QTY,10,2653,-0.3170070618140596,5.252842089603043e-63,-0.7637414437931508,0.0,-0.618707033982278,0.0,0.6803675701186522,-0.9247126982135857,117.70493218018551,0.10049347723998348,0.10015416885719963,5.252842089604521e-63,0.3170070618140596,0.7637414437931508,0.618707033982278
MLEDR FP Equity_DX_ACTIVE_AVAILABILITY_VALUE,10,2653,-0.2906341385258548,8.37964859461552e-53,-0.746102550707732,0.0,-0.5536286797995291,3.49474942547387e-310,1.0469247125264027,-0.01070495067297647,117.22087653135674,0.08446820247666564,0.08412284910151535,8.379648594620059e-53,0.2906341385258548,0.746102550707732,0.5536286797995291
