feature,lag,n_pairs,pearson_r,pearson_p,spearman_rho,spearman_p,kendall_tau,kendall_p,mutual_info,ols_slope,ols_intercept,ols_r2,ols_adj_r2,ols_slope_p,abs_pearson,abs_spearman,abs_kendall
MLEDU FP Equity_DX_ACTIVE_AVAIL_SUPPLY_QTY,10,1306,-0.3082850380782568,3.7550672572316524e-30,-0.37966676448824815,4.866038052877291e-46,-0.2774608579196677,2.6131321790211294e-37,0.9149518536885997,-8.585300427518685e-05,3.928964836778171,0.09503966470291281,0.0943456767157218,3.755067257233363e-30,0.3082850380782568,0.37966676448824815,0.2774608579196677
MLEDU FP Equity_DX_ACTIVE_AVAILABILITY_VALUE,10,1306,0.27142293400242035,1.728289859628812e-23,0.06275294048066435,0.023337212662048117,0.1139551900374873,9.509407384132337e-08,1.1564894719875145,0.00013348658075260772,2.7413445543541157,0.07367040910248313,0.0729600336493409,1.7282898596296344e-23,0.27142293400242035,0.06275294048066435,0.1139551900374873
MLEDU FP Equity_DX_ACTIVE_AVAIL_SUPPLY_MV,10,1306,-0.19702125129118409,6.780832480519598e-13,-0.09998673262248126,0.0002957494090056957,-0.08542277143242463,0.0002972306543348196,0.1231054296589984,-180.96227901658142,3.539864402515733,0.03881737346034231,0.03808027021913096,6.780832480521232e-13,0.19702125129118409,0.09998673262248126,0.08542277143242463
