feature,lag,n_pairs,pearson_r,pearson_p,spearman_rho,spearman_p,kendall_tau,kendall_p,mutual_info,ols_slope,ols_intercept,ols_r2,ols_adj_r2,ols_slope_p,abs_pearson,abs_spearman,abs_kendall
MLFTI FP Equity_DX_ACTIVE_AVAIL_SUPPLY_QTY,10,2171,-0.012202766766981689,0.5698521178601613,-0.028197697877407155,0.18906579780836724,-0.02320909165284556,0.18900083005805213,0.0023890008946505503,-0.0001675047363031233,0.3315085253456203,0.00014890751676843728,-0.0003120657854367437,0.5698521178601642,0.012202766766981689,0.028197697877407155,0.02320909165284556
MLFTI FP Equity_DX_ACTIVE_AVAILABILITY_VALUE,10,2171,-0.012202766766981689,0.5698521178601613,-0.028197697877407155,0.18906579780836724,-0.02320909165284556,0.18900083005805213,0.0023890008946505503,-0.004085481373246884,0.3315085253456202,0.00014890751676832625,-0.0003120657854369657,0.5698521178601652,0.012202766766981689,0.028197697877407155,0.02320909165284556
