feature,lag,n_pairs,pearson_r,pearson_p,spearman_rho,spearman_p,kendall_tau,kendall_p,mutual_info,ols_slope,ols_intercept,ols_r2,ols_adj_r2,ols_slope_p,abs_pearson,abs_spearman,abs_kendall
MLGEQ FP Equity_DX_ACTIVE_AVAIL_SUPPLY_QTY,10,1100,-0.35628382460820907,2.8891962703174064e-34,-0.4470339438474579,3.748961570507675e-55,-0.35210924690393236,2.0907692215413256e-52,0.45004971195964405,-5.801234714646789e-05,0.09289582896479477,0.12693816367745314,0.12614302539300637,2.8891962703176913e-34,0.35628382460820907,0.4470339438474579,0.35210924690393236
MLGEQ FP Equity_DX_ACTIVE_AVAILABILITY_VALUE,10,1100,-0.3121264982385411,2.782905591980976e-26,-0.38332615041156887,8.012985091874021e-40,-0.27010490154789224,3.3254704243250814e-33,0.6859822710444683,-0.0027548144868300645,0.08765436562971604,0.09742295090265385,0.09660093173225559,2.782905591980865e-26,0.3121264982385411,0.38332615041156887,0.27010490154789224
