feature,lag,n_pairs,pearson_r,pearson_p,spearman_rho,spearman_p,kendall_tau,kendall_p,mutual_info,ols_slope,ols_intercept,ols_r2,ols_adj_r2,ols_slope_p,abs_pearson,abs_spearman,abs_kendall
MLIML FP Equity_DX_ACTIVE_AVAILABILITY_VALUE,10,1918,-0.011265488190099218,0.6219660928629483,-0.0006600676202809615,0.9769532750429644,-0.0005414980745872118,0.9769442584467806,0.006587727561259138,-0.003441953472196887,0.7880119979134079,0.00012691122416019773,-0.0003949432063072855,0.6219660928629569,0.011265488190099218,0.0006600676202809615,0.0005414980745872118
MLIML FP Equity_DX_ACTIVE_AVAIL_SUPPLY_QTY,10,1918,-0.011265488190099216,0.6219660928629483,-0.0006600676202809615,0.9769532750429644,-0.0005414980745872118,0.9769442584467806,0.006587727561259138,-0.001480039993044675,0.7880119979134084,0.00012691122416019773,-0.0003949432063072855,0.6219660928629579,0.011265488190099216,0.0006600676202809615,0.0005414980745872118
