feature,lag,n_pairs,pearson_r,pearson_p,spearman_rho,spearman_p,kendall_tau,kendall_p,mutual_info,ols_slope,ols_intercept,ols_r2,ols_adj_r2,ols_slope_p,abs_pearson,abs_spearman,abs_kendall
MLIRF FP Equity_DX_ACTIVE_AVAIL_SUPPLY_QTY,10,923,-0.43046947129226465,6.26873904330296e-43,-0.4946911951220467,3.915699772756468e-58,-0.4079855616683972,1.9029095675740687e-50,0.4206414210306795,-8.157831611576042e-05,1.3457714760729607,0.18530396571464092,0.18441938804440705,6.26873904330439e-43,0.43046947129226465,0.4946911951220467,0.4079855616683972
MLIRF FP Equity_DX_ACTIVE_AVAIL_SUPPLY_MV,10,923,-0.3403572554760961,1.8239267331750114e-26,-0.359803358114528,1.3601408685804714e-29,-0.30522011234353175,9.52311949074564e-28,0.215707637993928,-42.7344549994981,1.3207254856440107,0.11584306135521993,0.11488306467916698,1.8239267331743124e-26,0.3403572554760961,0.359803358114528,0.30522011234353175
MLIRF FP Equity_DX_ACTIVE_AVAILABILITY_VALUE,10,923,-0.25506055617249307,3.575392775092338e-15,-0.33535791563583883,1.0714686622611334e-25,-0.278607255071407,3.87126413178894e-24,0.22859589002342418,-3.4164514424114634e-05,1.3018343550944542,0.06505588731502221,0.06404074712752494,3.575392775091698e-15,0.25506055617249307,0.33535791563583883,0.278607255071407
