feature,lag,n_pairs,pearson_r,pearson_p,spearman_rho,spearman_p,kendall_tau,kendall_p,mutual_info,ols_slope,ols_intercept,ols_r2,ols_adj_r2,ols_slope_p,abs_pearson,abs_spearman,abs_kendall
MLMCA FP Equity_DX_ACTIVE_AVAIL_SUPPLY_QTY,10,371,-0.08365452264430809,0.10768559140875554,-0.07020902878911726,0.17720091802027282,-0.05831156050542895,0.17861554067555885,0.0603662332381949,-0.00048077999535570755,6.177361239779522,0.0069980791588470925,0.004307017042746497,0.10768559140875958,0.08365452264430809,0.07020902878911726,0.05831156050542895
MLMCA FP Equity_DX_ACTIVE_AVAILABILITY_VALUE,10,371,-0.0804672550999801,0.12181781566214317,-0.0700090727617332,0.17844089708082958,-0.05808414768192562,0.1793449698352092,0.06354147262507492,-8.548311037353272e-05,6.177404230249405,0.006474979143325399,0.0037824994120065902,0.121817815662145,0.0804672550999801,0.0700090727617332,0.05808414768192562
MLMCA FP Equity_DX_ACTIVE_AVAIL_SUPPLY_MV,10,371,-0.04808379621784214,0.35571112181232417,0.001802211230378587,0.9724019481774188,0.001516763769105852,0.972345893135289,0.031244787123918982,-33.782831050228886,6.17116164383561,0.0023120514587186003,-0.00039170991944192934,0.3557111218123191,0.04808379621784214,0.001802211230378587,0.001516763769105852
