feature,lag,n_pairs,pearson_r,pearson_p,spearman_rho,spearman_p,kendall_tau,kendall_p,mutual_info,ols_slope,ols_intercept,ols_r2,ols_adj_r2,ols_slope_p,abs_pearson,abs_spearman,abs_kendall
MLMFI FP Equity_DX_ACTIVE_AVAIL_SUPPLY_QTY,10,1154,-0.3959563979908731,1.2971585499589554e-44,-0.39635716379833297,1.0431336554828044e-44,-0.34508021462050753,2.7388961076361987e-41,0.5322955039702881,-0.0013708304559221264,14.468303448275783,0.15678146910990665,0.15604950857962008,1.297158549966047e-44,0.3959563979908731,0.39635716379833297,0.34508021462050753
MLMFI FP Equity_DX_ACTIVE_AVAILABILITY_VALUE,10,1154,-0.38760028220932274,1.1404188749010691e-42,-0.3711954788297316,5.16950828713407e-39,-0.30039983421313954,7.581014422203682e-33,0.6549820037538616,-0.00010971283255950502,14.445973685894065,0.15023397876874578,0.14949633465309364,1.1404188749061605e-42,0.38760028220932274,0.3711954788297316,0.30039983421313954
MLMFI FP Equity_DX_ACTIVE_AVAIL_SUPPLY_MV,10,1154,-0.37463997979836305,9.183799964004034e-40,-0.3755509380159665,5.794773102894355e-40,-0.31040858340062505,1.6848762108341932e-34,0.6277285482106532,-116.40410896674462,14.405969226711274,0.1403551144633176,0.13960889494462259,9.183799964073502e-40,0.37463997979836305,0.3755509380159665,0.31040858340062505
