feature,lag,n_pairs,pearson_r,pearson_p,spearman_rho,spearman_p,kendall_tau,kendall_p,mutual_info,ols_slope,ols_intercept,ols_r2,ols_adj_r2,ols_slope_p,abs_pearson,abs_spearman,abs_kendall
MLMGL FP Equity_DX_ACTIVE_AVAILABILITY_VALUE,10,1669,-0.08517912346641256,0.0004947517858045685,-0.08150505564477376,0.0008597371680316193,-0.06691953493906641,0.0008723333062253157,0.025909337878565974,-0.006260435928254455,12.126280048076884,0.007255483074506075,0.006659955469871637,0.0004947517858045411,0.08517912346641256,0.08150505564477376,0.06691953493906641
MLMGL FP Equity_DX_ACTIVE_AVAIL_SUPPLY_QTY,10,1669,-0.08517912346641254,0.0004947517858045685,-0.08150505564477376,0.0008597371680316193,-0.06691953493906641,0.0008723333062253157,0.025909337878565974,-0.016277133413461597,12.126280048076884,0.007255483074506075,0.006659955469871637,0.0004947517858045297,0.08517912346641254,0.08150505564477376,0.06691953493906641
