feature,lag,n_pairs,pearson_r,pearson_p,spearman_rho,spearman_p,kendall_tau,kendall_p,mutual_info,ols_slope,ols_intercept,ols_r2,ols_adj_r2,ols_slope_p,abs_pearson,abs_spearman,abs_kendall
MLMIB FP Equity_DX_ACTIVE_AVAIL_SUPPLY_MV,10,1043,0.21147540080856206,5.211414663686366e-12,-0.03513382570972406,0.2569396173613833,-0.029759457233256126,0.25674389464239433,0.214772460016881,80.33823486134811,0.5628542105263107,0.04472184514714228,0.043804190819713984,5.211414663686801e-12,0.21147540080856206,0.03513382570972406,0.029759457233256126
MLMIB FP Equity_DX_ACTIVE_AVAILABILITY_VALUE,10,1043,0.21092929662561283,5.923983022930848e-12,-0.3136473092962713,3.0480974815243207e-25,-0.23350095024994957,8.228750352682981e-24,0.8762013028334676,8.359489632925241e-05,0.5606460098309735,0.04449116817497589,0.04357329225583573,5.923983022934372e-12,0.21092929662561283,0.3136473092962713,0.23350095024994957
MLMIB FP Equity_DX_ACTIVE_AVAIL_SUPPLY_QTY,10,1043,0.06945615796399497,0.02488768209865395,-0.41453695418079595,1.418366259718287e-44,-0.3461399391328782,1.1707627412597551e-48,0.5855760330789028,7.237833540810882e-05,0.5972900552008581,0.004824157879119384,0.0038681772430763095,0.024887682098653958,0.06945615796399497,0.41453695418079595,0.3461399391328782
