feature,lag,n_pairs,pearson_r,pearson_p,spearman_rho,spearman_p,kendall_tau,kendall_p,mutual_info,ols_slope,ols_intercept,ols_r2,ols_adj_r2,ols_slope_p,abs_pearson,abs_spearman,abs_kendall
MLMTP FP Equity_DX_ACTIVE_AVAIL_SUPPLY_QTY,10,563,-0.017609392655411563,0.6767276406772998,-0.02295620684120878,0.5867462110619115,-0.019523215741310676,0.5862954457724423,0.009377826155376301,-7.237029406257549e-05,9.637503558718858,0.0003100907096922345,-0.0014718877382404738,0.6767276406772287,0.017609392655411563,0.02295620684120878,0.019523215741310676
MLMTP FP Equity_DX_ACTIVE_AVAILABILITY_VALUE,10,563,-0.017609392655411563,0.6767276406772998,-0.02295620684120878,0.5867462110619115,-0.019523215741310676,0.5862954457724423,0.009377826155376301,-7.617925690794567e-06,9.637503558718858,0.0003100907096922345,-0.0014718877382404738,0.6767276406773433,0.017609392655411563,0.02295620684120878,0.019523215741310676
MLMTP FP Equity_DX_ACTIVE_AVAIL_SUPPLY_MV,10,563,-0.017609392655411563,0.6767276406772998,-0.02295620684120878,0.5867462110619115,-0.019523215741310676,0.5862954457724423,0.009377826155376301,-6.875177935943459,9.637503558718858,0.0003100907096922345,-0.0014718877382404738,0.6767276406772829,0.017609392655411563,0.02295620684120878,0.019523215741310676
