feature,lag,n_pairs,pearson_r,pearson_p,spearman_rho,spearman_p,kendall_tau,kendall_p,mutual_info,ols_slope,ols_intercept,ols_r2,ols_adj_r2,ols_slope_p,abs_pearson,abs_spearman,abs_kendall
MLNMA FP Equity_DX_ACTIVE_AVAIL_SUPPLY_QTY,10,3183,-0.1836513495592958,1.5258892037005265e-25,-0.34588803263192813,3.9269259817118422e-90,-0.2833436977744833,7.848645594675986e-85,0.13508655587479823,-0.0073459421253650615,1.095052705759007,0.03372781819495063,0.033424054541443815,1.5258892037010146e-25,0.1836513495592958,0.34588803263192813,0.2833436977744833
MLNMA FP Equity_DX_ACTIVE_AVAILABILITY_VALUE,10,3183,-0.18168620377825795,5.025104875869275e-25,-0.34514300821465566,9.972724465512472e-90,-0.2766055913439883,1.0035406844538608e-82,0.175581025398174,-0.06792528880173263,1.0947104634292717,0.03300987664335375,0.03270588729303725,5.025104875866621e-25,0.18168620377825795,0.34514300821465566,0.2766055913439883
