feature,lag,n_pairs,pearson_r,pearson_p,spearman_rho,spearman_p,kendall_tau,kendall_p,mutual_info,ols_slope,ols_intercept,ols_r2,ols_adj_r2,ols_slope_p,abs_pearson,abs_spearman,abs_kendall
MLOCT FP Equity_DX_ACTIVE_AVAIL_SUPPLY_QTY,10,1812,-0.18752659496137786,8.378090447826592e-16,-0.5022052137102893,2.197847836183036e-116,-0.3750760945400622,6.055626101378243e-94,0.6884788891910036,-0.0009304714896376323,2.4619745190666498,0.03516622381780832,0.034633166482901157,8.378090447827847e-16,0.18752659496137786,0.5022052137102893,0.3750760945400622
MLOCT FP Equity_DX_ACTIVE_AVAILABILITY_VALUE,10,1812,-0.13658936141725433,5.294323613660373e-09,-0.4896389527721677,7.077614340089572e-110,-0.3423546201394171,1.7984631730848308e-82,0.7889255461354185,-0.0007435856008163153,2.3726530431401756,0.018656653652373567,0.01811447500798269,5.29432361365934e-09,0.13658936141725433,0.4896389527721677,0.3423546201394171
