feature,lag,n_pairs,pearson_r,pearson_p,spearman_rho,spearman_p,kendall_tau,kendall_p,mutual_info,ols_slope,ols_intercept,ols_r2,ols_adj_r2,ols_slope_p,abs_pearson,abs_spearman,abs_kendall
MLODT FP Equity_DX_ACTIVE_AVAIL_SUPPLY_MV,10,1623,0.5202409997782897,3.085601058593501e-113,-0.0811004075831004,0.0010750188302455666,-0.06584257427817192,0.001104259163967411,0.18383798787678685,66.47117585613154,2.8088758283074546,0.2706506978503146,0.27020075997113535,3.0856010585930234e-113,0.5202409997782897,0.0811004075831004,0.06584257427817192
MLODT FP Equity_DX_ACTIVE_AVAILABILITY_VALUE,10,1623,0.5141180712250809,3.4499988934824664e-110,-0.596329873715786,6.862461289561834e-157,-0.43859208183958603,2.6516836833413424e-123,1.2511388482799664,6.594784668879775e-05,2.7822565804611497,0.2643173911601976,0.2638635462441953,3.4499988934816297e-110,0.5141180712250809,0.596329873715786,0.43859208183958603
MLODT FP Equity_DX_ACTIVE_AVAIL_SUPPLY_QTY,10,1623,0.1552379215466784,3.229909626756286e-10,-0.6269160149864391,5.755143800530515e-178,-0.4918617784055761,1.6685270275029985e-147,0.9701130798126241,9.463506935051874e-06,3.307616411414726,0.024098812286132754,0.023496775773045875,3.2299096267560593e-10,0.1552379215466784,0.6269160149864391,0.4918617784055761
