feature,lag,n_pairs,pearson_r,pearson_p,spearman_rho,spearman_p,kendall_tau,kendall_p,mutual_info,ols_slope,ols_intercept,ols_r2,ols_adj_r2,ols_slope_p,abs_pearson,abs_spearman,abs_kendall
MLONL FP Equity_DX_ACTIVE_AVAILABILITY_VALUE,10,927,0.02770094878205454,0.3995498497009727,0.05682201105062102,0.08379045878004741,0.04674733627430559,0.0818027528861884,0.028232702447832603,3.5814389417280655e-05,2.318227354164122,0.0007673425634258102,-0.00031290895812730035,0.39954984970097196,0.02770094878205454,0.05682201105062102,0.04674733627430559
MLONL FP Equity_DX_ACTIVE_AVAIL_SUPPLY_QTY,10,927,0.024562675585825654,0.45509046436943207,0.05634993756754352,0.08639732887469574,0.046273692785326594,0.08544728820855843,0.022904051945040305,7.818713561110546e-05,2.3185840508926994,0.0006033250319343875,-0.00047710380586885037,0.4550904643694391,0.024562675585825654,0.05634993756754352,0.046273692785326594
MLONL FP Equity_DX_ACTIVE_AVAIL_SUPPLY_MV,10,927,0.002513272194477591,0.9390868246727067,-0.0027637900699830817,0.9330287324082028,-0.0022758265656985578,0.9329746845007025,0.005937708353010329,3.971760259179495,2.3205647948164185,6.3165371234630285e-06,-0.0010747577152687704,0.9390868246727017,0.002513272194477591,0.0027637900699830817,0.0022758265656985578
