feature,lag,n_pairs,pearson_r,pearson_p,spearman_rho,spearman_p,kendall_tau,kendall_p,mutual_info,ols_slope,ols_intercept,ols_r2,ols_adj_r2,ols_slope_p,abs_pearson,abs_spearman,abs_kendall
MLORQ FP Equity_DX_ACTIVE_AVAILABILITY_VALUE,10,697,0.09154520852947672,0.015623106760997435,0.13385502935844384,0.0003948693624036332,0.11549604893007033,0.000408470966499927,0.060354853922689466,0.0005152607113376673,1.362896430994448,0.008380525204705558,0.006953734593489358,0.015623106760993929,0.09154520852947672,0.13385502935844384,0.11549604893007033
MLORQ FP Equity_DX_ACTIVE_AVAIL_SUPPLY_QTY,10,697,0.09104601972056768,0.01620059149417816,0.13381098632236454,0.00039663491304978664,0.11566133086118692,0.000415282882324962,0.06510425904428274,0.000777634408602128,1.36290322580645,0.00828937770695859,0.006862455948263624,0.016200591494181203,0.09104601972056768,0.13381098632236454,0.11566133086118692
