feature,lag,n_pairs,pearson_r,pearson_p,spearman_rho,spearman_p,kendall_tau,kendall_p,mutual_info,ols_slope,ols_intercept,ols_r2,ols_adj_r2,ols_slope_p,abs_pearson,abs_spearman,abs_kendall
MLPHO FP Equity_DX_ACTIVE_AVAIL_SUPPLY_MV,10,1372,-0.2861900336093157,2.8279672820878806e-27,-0.7848391266462958,5.330286004669485e-287,-0.6136966605347202,3.457782861384285e-190,0.7551080680524356,-12.971773876646893,2.1117330436966144,0.08190473533730114,0.08123459280835021,2.827967282086989e-27,0.2861900336093157,0.7848391266462958,0.6136966605347202
MLPHO FP Equity_DX_ACTIVE_AVAIL_SUPPLY_QTY,10,1372,-0.28548836555189205,3.823596282741839e-27,-0.786570001281026,4.0858761002010553e-289,-0.6171288273523022,4.68037788462576e-192,0.7089628021879757,-1.5837476932224578e-06,2.109405339487875,0.08150360686549052,0.08083317154203462,3.823596282740703e-27,0.28548836555189205,0.786570001281026,0.6171288273523022
MLPHO FP Equity_DX_ACTIVE_AVAILABILITY_VALUE,10,1372,-0.28378425816187697,7.926245548985376e-27,-0.780516024839055,8.42904017157389e-282,-0.5918108532099664,4.5569269484444975e-183,0.7943508520889813,-1.2896895077936353e-05,2.1047567497739887,0.0805335051804863,0.07986236175361072,7.926245548980947e-27,0.28378425816187697,0.780516024839055,0.5918108532099664
