feature,lag,n_pairs,pearson_r,pearson_p,spearman_rho,spearman_p,kendall_tau,kendall_p,mutual_info,ols_slope,ols_intercept,ols_r2,ols_adj_r2,ols_slope_p,abs_pearson,abs_spearman,abs_kendall
MLSBT FP Equity_DX_ACTIVE_AVAIL_SUPPLY_MV,10,1897,0.5881198494541664,6.690752710656512e-177,0.3402748848765143,1.236451844056602e-52,0.28223098137460845,3.517405570892051e-53,0.4357877902044227,338.51217475717107,4.112540654482866,0.3458849573219913,0.34553977787994483,6.690752710621529e-177,0.5881198494541664,0.3402748848765143,0.28223098137460845
MLSBT FP Equity_DX_ACTIVE_AVAILABILITY_VALUE,10,1897,0.5322059613857739,3.1712512122778137e-139,0.3154657914382455,4.23517103774807e-45,0.258844695706595,2.2492712799480868e-46,0.40101102196937033,0.000394310716129778,4.278262999110658,0.2832431853345556,0.28286494954845254,3.1712512122815194e-139,0.5322059613857739,0.3154657914382455,0.258844695706595
MLSBT FP Equity_DX_ACTIVE_AVAIL_SUPPLY_QTY,10,1897,0.4379326174998688,1.0056959364030843e-89,0.29696404711449226,6.287437933055902e-40,0.24336629169043458,3.019387456218839e-38,0.2489986104811357,0.0038422529072048867,4.3861336664584645,0.19178497747028578,0.191358478777658,1.0056959364045873e-89,0.4379326174998688,0.29696404711449226,0.24336629169043458
