feature,lag,n_pairs,pearson_r,pearson_p,spearman_rho,spearman_p,kendall_tau,kendall_p,mutual_info,ols_slope,ols_intercept,ols_r2,ols_adj_r2,ols_slope_p,abs_pearson,abs_spearman,abs_kendall
MLSEQ FP Equity_DX_ACTIVE_AVAIL_SUPPLY_MV,10,2855,0.8071199697863283,0.0,0.7017837310746703,0.0,0.5985519277800008,0.0,1.1368019491983916,0.09650627862242372,0.13427856456013945,0.6514426456278837,0.651320473404129,0.0,0.8071199697863283,0.7017837310746703,0.5985519277800008
MLSEQ FP Equity_DX_ACTIVE_AVAILABILITY_VALUE,10,2855,0.8068373378532167,0.0,0.6884861858547371,0.0,0.5774703975585751,0.0,1.711563133184728,9.64603591093409e-08,0.13471314347689983,0.6509864897540657,0.6508641576439199,0.0,0.8068373378532167,0.6884861858547371,0.5774703975585751
MLSEQ FP Equity_DX_ACTIVE_AVAIL_SUPPLY_QTY,10,2855,0.7530801616090183,0.0,0.5559413804325307,2.403373271399893e-231,0.430856882765718,7.51280725434884e-218,1.310170511719238,2.2398044717293475e-07,0.1025821355867527,0.5671297298090675,0.5669780052138376,0.0,0.7530801616090183,0.5559413804325307,0.430856882765718
