feature,lag,n_pairs,pearson_r,pearson_p,spearman_rho,spearman_p,kendall_tau,kendall_p,mutual_info,ols_slope,ols_intercept,ols_r2,ols_adj_r2,ols_slope_p,abs_pearson,abs_spearman,abs_kendall
MLSGT FP Equity_DX_ACTIVE_AVAILABILITY_VALUE,10,743,-0.07192117498973426,0.05003474207705153,-0.13754140181992686,0.00016945084105684342,-0.11663197042333966,0.00018054521479480008,0.0008883554946068628,-0.07326532101470927,142.75563491949032,0.005172655411903482,0.0038301083881679965,0.05003474207705069,0.07192117498973426,0.13754140181992686,0.11663197042333966
MLSGT FP Equity_DX_ACTIVE_AVAIL_SUPPLY_QTY,10,743,-0.06768463576685121,0.06518922483661356,-0.13754266279139693,0.00016942726071554962,-0.11675521353915878,0.00018051760196319706,0.01277812692000424,-0.23973112660045306,142.5932454828309,0.004581209918890883,0.003237864723100059,0.06518922483661423,0.06768463576685121,0.13754266279139693,0.11675521353915878
