feature,lag,n_pairs,pearson_r,pearson_p,spearman_rho,spearman_p,kendall_tau,kendall_p,mutual_info,ols_slope,ols_intercept,ols_r2,ols_adj_r2,ols_slope_p,abs_pearson,abs_spearman,abs_kendall
MLUMG FP Equity_DX_ACTIVE_AVAIL_SUPPLY_QTY,10,1757,-0.4497387036440935,3.21232511552058e-88,-0.5233679605425028,3.7782736555013118e-124,-0.42961457218871085,1.2991657964897847e-106,0.3205151481207422,-0.3179425522011673,4.907389322916659,0.20226490155546928,0.2018103516418257,3.2123251155293247e-88,0.4497387036440935,0.5233679605425028,0.42961457218871085
MLUMG FP Equity_DX_ACTIVE_AVAILABILITY_VALUE,10,1757,-0.441937581726373,6.65307485123091e-85,-0.5201729190845316,2.117878769655669e-122,-0.40770684531494866,8.822851709072734e-102,0.44448661930085964,-0.17461855260544604,4.895976883318146,0.19530882614215395,0.1948503126527763,6.653074851253076e-85,0.441937581726373,0.5201729190845316,0.40770684531494866
