feature,lag,n_pairs,pearson_r,pearson_p,spearman_rho,spearman_p,kendall_tau,kendall_p,mutual_info,ols_slope,ols_intercept,ols_r2,ols_adj_r2,ols_slope_p,abs_pearson,abs_spearman,abs_kendall
PABZ FP Equity_DX_ACTIVE_AVAILABILITY_VALUE,10,1313,0.4221284242910506,7.045830079783259e-58,0.4817725946956491,2.9822509406881982e-77,0.38746450687388506,1.4951871041090503e-69,0.27838693047162044,0.0032126761318113863,65.05818398237922,0.17819240659444524,0.17756555106934557,7.045830079740827e-58,0.4221284242910506,0.4817725946956491,0.38746450687388506
PABZ FP Equity_DX_ACTIVE_AVAIL_SUPPLY_QTY,10,1313,0.4138477769440258,1.755482363432679e-55,0.48043360451526357,8.973972082967881e-77,0.3895911319273316,4.714827695051151e-69,0.24939657829244877,0.24913556482996155,65.08266395406119,0.17126998248151226,0.17063784669393134,1.7554823634438027e-55,0.4138477769440258,0.48043360451526357,0.3895911319273316
PABZ FP Equity_DX_ACTIVE_AVAIL_SUPPLY_MV,10,1313,0.09169837527661119,0.0008792259301573668,0.09531917336962636,0.0005431713003437302,0.07786171878813196,0.0005540097606506154,0.008002087731524332,915.5929129036919,66.10633858870352,0.008408592028370299,0.007652229398338428,0.0008792259301577059,0.09169837527661119,0.09531917336962636,0.07786171878813196
