feature,lag,n_pairs,pearson_r,pearson_p,spearman_rho,spearman_p,kendall_tau,kendall_p,mutual_info,ols_slope,ols_intercept,ols_r2,ols_adj_r2,ols_slope_p,abs_pearson,abs_spearman,abs_kendall
PALAT FP Equity_DX_ACTIVE_AVAILABILITY_VALUE,10,1604,0.028759768272522197,0.24966313219267902,0.032426175793163405,0.19428863013401318,0.026497622942896745,0.1936498021123254,0.0017449305962876638,0.0003079303014155729,18.994800112573103,0.0008271242710893301,0.0002034208530314885,0.24966313219269334,0.028759768272522197,0.032426175793163405,0.026497622942896745
PALAT FP Equity_DX_ACTIVE_AVAIL_SUPPLY_QTY,10,1604,0.02819930762716414,0.25901369075337083,0.03240010581631587,0.1946476615326531,0.026439388331238694,0.19486270628588764,0.0017574694078578146,0.005658051438065112,18.994896217662415,0.0007952009506516644,0.00017147760542746138,0.2590136907533602,0.02819930762716414,0.03240010581631587,0.026439388331238694
PALAT FP Equity_DX_ACTIVE_AVAIL_SUPPLY_MV,10,1604,6.045302202349215e-05,0.9980697163314489,-0.008279955737252756,0.7403732321780324,-0.006763074771198951,0.7402603593219242,0.0,0.6522145976431375,18.99947785402373,3.654568203614872e-09,-0.0006242160684937215,0.9980697163314023,6.045302202349215e-05,0.008279955737252756,0.006763074771198951
