feature,lag,n_pairs,pearson_r,pearson_p,spearman_rho,spearman_p,kendall_tau,kendall_p,mutual_info,ols_slope,ols_intercept,ols_r2,ols_adj_r2,ols_slope_p,abs_pearson,abs_spearman,abs_kendall
SOLVA FP Equity_DX_ACTIVE_AVAIL_SUPPLY_QTY,10,847,0.03845037086295865,0.2636558012138971,0.04330849919018695,0.20797683576989773,0.03538393006047616,0.20778683138087517,0.00039354584809181414,0.0037263068032571613,8.254647754137117,0.0014784310194991823,0.0002967486893448168,0.26365580121389715,0.03845037086295865,0.04330849919018695,0.03538393006047616
SOLVA FP Equity_DX_ACTIVE_AVAILABILITY_VALUE,10,847,0.03845037086295864,0.2636558012138971,0.04330849919018695,0.20797683576989773,0.03538393006047616,0.20778683138087517,0.00039354584809181414,0.00027945903729242145,8.254647754137114,0.0014784310194991823,0.0002967486893448168,0.2636558012138962,0.03845037086295864,0.04330849919018695,0.03538393006047616
SOLVA FP Equity_DX_ACTIVE_AVAIL_SUPPLY_MV,10,847,0.03845037086295864,0.2636558012138971,0.04330849919018695,0.20797683576989773,0.03538393006047616,0.20778683138087517,0.00039354584809181414,335.3676122931435,8.254647754137117,0.0014784310194991823,0.0002967486893448168,0.2636558012138967,0.03845037086295864,0.04330849919018695,0.03538393006047616
