feature,lag,n_pairs,pearson_r,pearson_p,spearman_rho,spearman_p,kendall_tau,kendall_p,mutual_info,ols_slope,ols_intercept,ols_r2,ols_adj_r2,ols_slope_p,abs_pearson,abs_spearman,abs_kendall
SPEUS FP Equity_DX_ACTIVE_AVAIL_SUPPLY_QTY,10,551,-0.17082760430529478,5.5667919623249344e-05,-0.19123523720713714,6.168473811119948e-06,-0.15628710536493898,7.296050586706371e-06,0.3196134585088257,-0.0008681454439160616,13.478114569536416,0.0291820703926865,0.02741373172309214,5.5667919623237954e-05,0.17082760430529478,0.19123523720713714,0.15628710536493898
SPEUS FP Equity_DX_ACTIVE_AVAIL_SUPPLY_MV,10,551,-0.17082760430529478,5.5667919623249344e-05,-0.19123523720713714,6.168473811119948e-06,-0.15628710536493898,7.296050586706371e-06,0.3196134585088257,-82.12655899446011,13.47811456953642,0.0291820703926865,0.02741373172309214,5.5667919623232316e-05,0.17082760430529478,0.19123523720713714,0.15628710536493898
SPEUS FP Equity_DX_ACTIVE_AVAILABILITY_VALUE,10,551,-0.1668938319759675,8.274494417846136e-05,-0.1803013200111278,2.0662113606496013e-05,-0.11827533025206358,0.0003881991464285664,0.45158863161419704,-6.566836953825622e-05,13.474680969411045,0.027853551151622358,0.026082792592700077,8.274494417843973e-05,0.1668938319759675,0.1803013200111278,0.11827533025206358
