feature,lag,n_pairs,pearson_r,pearson_p,spearman_rho,spearman_p,kendall_tau,kendall_p,mutual_info,ols_slope,ols_intercept,ols_r2,ols_adj_r2,ols_slope_p,abs_pearson,abs_spearman,abs_kendall
USHY FP Equity_DX_DSS,10,2248,0.2560909235803429,5.401972240533805e-35,0.19068817872189653,7.520119040195998e-20,0.15577229152596148,1.420343124735142e-19,0.045913451804430405,9.289313946084482,89.42584759074498,0.06558256114023298,0.06516652488072283,5.401972240467105e-35,0.2560909235803429,0.19068817872189653,0.15577229152596148
