feature,lag,n_pairs,pearson_r,pearson_p,spearman_rho,spearman_p,kendall_tau,kendall_p,mutual_info,ols_slope,ols_intercept,ols_r2,ols_adj_r2,ols_slope_p,abs_pearson,abs_spearman,abs_kendall
UTI FP Equity_DX_DSS,10,4849,-0.08485090145473768,3.264290824342147e-09,-0.07880809466097304,3.908974782167857e-08,-0.06341323833934484,4.673421438554563e-08,0.12754178510064196,-2.754773914483304,44.46297364068019,0.007199675477681633,0.00699484768223646,3.264290824343354e-09,0.08485090145473768,0.07880809466097304,0.06341323833934484
