feature,lag,n_pairs,pearson_r,pearson_p,spearman_rho,spearman_p,kendall_tau,kendall_p,mutual_info,ols_slope,ols_intercept,ols_r2,ols_adj_r2,ols_slope_p,abs_pearson,abs_spearman,abs_kendall
3CAC FP Equity_DX_ACTIVE_AVAIL_SUPPLY_QTY,2,522,-0.030834567185818302,0.48207724184829037,-0.055929524906188424,0.20203501782347294,-0.045150422824552276,0.2049455690011408,0.000778742799394605,-0.005085737623411093,52.81050370528212,0.000950770533536982,-0.0009704779846677614,0.48207724184826395,0.030834567185818302,0.055929524906188424,0.045150422824552276
3CAC FP Equity_DX_ACTIVE_AVAILABILITY_VALUE,2,522,-0.02138761260007001,0.6258799865478898,-0.05526807551369119,0.20742994156066913,-0.044555583037457984,0.2099651800134864,0.0,-6.721953004484513e-05,52.800303143853355,0.000457429972730905,-0.001464767277321588,0.6258799865479168,0.02138761260007001,0.05526807551369119,0.044555583037457984
3CAC FP Equity_DX_ACTIVE_AVAIL_SUPPLY_MV,2,522,-0.0007268687517236793,0.9867818971244094,-0.004730750557852856,0.9141333514882204,-0.003527343715844629,0.9213125252212753,0.010603619518975371,-1.9588521585268168,52.77906548258642,5.283381826481914e-07,-0.0019225475688593452,0.986781897124388,0.0007268687517236793,0.004730750557852856,0.003527343715844629
