feature,lag,n_pairs,pearson_r,pearson_p,spearman_rho,spearman_p,kendall_tau,kendall_p,mutual_info,ols_slope,ols_intercept,ols_r2,ols_adj_r2,ols_slope_p,abs_pearson,abs_spearman,abs_kendall
3CAS FP Equity_DX_ACTIVE_AVAILABILITY_VALUE,2,526,-0.11825638228769986,0.006622484389937283,-0.12698187069871777,0.0035321356580502263,-0.10323181624303608,0.003625413965664129,0.013891681789306443,-0.00031732066949025274,41.51873168549606,0.013984571951774494,0.012102863119621277,0.006622484389937574,0.11825638228769986,0.12698187069871777,0.10323181624303608
3CAS FP Equity_DX_ACTIVE_AVAIL_SUPPLY_QTY,2,526,-0.11188725261766598,0.01022686612819987,-0.1270030433591761,0.003526586151249404,-0.10333916570585339,0.0036250781844022546,0.011399260538086597,-0.010962265804723157,41.51083669665999,0.012518757298329075,0.010634251109967074,0.010226866128200625,0.11188725261766598,0.1270030433591761,0.10333916570585339
3CAS FP Equity_DX_ACTIVE_AVAIL_SUPPLY_MV,2,526,-0.10088657964306914,0.020656486158601658,-0.10182733767363948,0.019496611636001474,-0.08276945640548375,0.020077248122121038,0.021040610873308885,-280.7950133947429,41.49946797010857,0.010178101952077134,0.008289128864199302,0.020656486158602775,0.10088657964306914,0.10182733767363948,0.08276945640548375
