feature,lag,n_pairs,pearson_r,pearson_p,spearman_rho,spearman_p,kendall_tau,kendall_p,mutual_info,ols_slope,ols_intercept,ols_r2,ols_adj_r2,ols_slope_p,abs_pearson,abs_spearman,abs_kendall
AAA FP Equity_DX_ACTIVE_AVAIL_SUPPLY_MV,2,2163,0.36539216426472393,2.6500523331279683e-69,-0.046498320312717285,0.030582242356291964,-0.03629438348747441,0.03453897154360253,0.3532938789234241,10.996659339939695,8.690174861217873,0.1335114337060589,0.13311046722466424,2.6500523331360737e-69,0.36539216426472393,0.046498320312717285,0.03629438348747441
AAA FP Equity_DX_ACTIVE_AVAILABILITY_VALUE,2,2163,0.3643061551977099,7.136839932292454e-69,-0.04689637700162062,0.02918349856288738,-0.03644912465015092,0.03370833251083818,0.3488917506845224,1.0956186351909513e-05,8.693818632892963,0.13271897471493843,0.13231764152415415,7.136839932283114e-69,0.3643061551977099,0.04689637700162062,0.03644912465015092
AAA FP Equity_DX_ACTIVE_AVAIL_SUPPLY_QTY,2,2163,0.33526433558582946,5.691670281508835e-58,-0.050908210398213506,0.017893769786759096,-0.04075126374350124,0.018434171446861772,0.33031001012216366,0.0004879655616694554,8.794635335491543,0.11240217471580771,0.11199143995167815,5.691670281507151e-58,0.33526433558582946,0.050908210398213506,0.04075126374350124
