feature,lag,n_pairs,pearson_r,pearson_p,spearman_rho,spearman_p,kendall_tau,kendall_p,mutual_info,ols_slope,ols_intercept,ols_r2,ols_adj_r2,ols_slope_p,abs_pearson,abs_spearman,abs_kendall
ALAQU FP Equity_DX_ACTIVE_AVAIL_SUPPLY_QTY,2,3430,-0.05710710587503891,0.0008196926194800151,-0.0528976241946277,0.001941399797947178,-0.043327629546518476,0.0019512003873995978,0.004624771329675426,-0.0128853763913294,5.09728763913298,0.003261221541423498,0.002970457603716725,0.0008196926194803262,0.05710710587503891,0.0528976241946277,0.043327629546518476
ALAQU FP Equity_DX_ACTIVE_AVAILABILITY_VALUE,2,3430,-0.05706261522152637,0.0008274453710720964,-0.052890988462442806,0.0019439523903093281,-0.04318152570593966,0.0020001431551080907,0.0036845446593203324,-0.0033887632478390114,5.097281895924306,0.0032561420559199528,0.0029653766364496903,0.0008274453710722534,0.05706261522152637,0.052890988462442806,0.04318152570593966
