feature,lag,n_pairs,pearson_r,pearson_p,spearman_rho,spearman_p,kendall_tau,kendall_p,mutual_info,ols_slope,ols_intercept,ols_r2,ols_adj_r2,ols_slope_p,abs_pearson,abs_spearman,abs_kendall
ALARF FP Equity_DX_ACTIVE_AVAIL_SUPPLY_QTY,2,2030,-0.3308043915528453,4.894487618841404e-53,-0.7728035236781091,0.0,-0.5585056435473483,1.917646495483372e-243,1.1169883841767592,-0.00012374509754742847,3.6830887552878524,0.10943154547064815,0.10899240915184671,4.894487618844578e-53,0.3308043915528453,0.7728035236781091,0.5585056435473483
ALARF FP Equity_DX_ACTIVE_AVAILABILITY_VALUE,2,2030,-0.23339448036168034,1.6218185855308214e-26,-0.7487539759582001,0.0,-0.46519633967070406,9.464095161953737e-175,1.4038306732224333,-4.9291220519426944e-05,3.494693357912259,0.054472983463299096,0.05400674726185106,1.621818585531045e-26,0.23339448036168034,0.7487539759582001,0.46519633967070406
ALARF FP Equity_DX_ACTIVE_AVAIL_SUPPLY_MV,2,2030,-0.0546842467608366,0.013733726356093205,-0.3079217951975434,7.747468907041069e-46,-0.22035351592987967,9.835531346995247e-36,0.4992820418723616,-2.706168221804791,3.2566514129013693,0.002990366843800274,0.0024987447367212923,0.013733726356092836,0.0546842467608366,0.3079217951975434,0.22035351592987967
