feature,lag,n_pairs,pearson_r,pearson_p,spearman_rho,spearman_p,kendall_tau,kendall_p,mutual_info,ols_slope,ols_intercept,ols_r2,ols_adj_r2,ols_slope_p,abs_pearson,abs_spearman,abs_kendall
ALBLU FP Equity_DX_ACTIVE_AVAIL_SUPPLY_QTY,2,2987,-0.026723487912718127,0.14424051571888086,-0.02920361040813727,0.11054452183784783,-0.023891917297948588,0.1105310020418263,0.008812758034374424,-0.0367262123241795,4.512621232417955,0.0007141448062215616,0.0003793756755033906,0.14424051571887778,0.026723487912718127,0.02920361040813727,0.023891917297948588
ALBLU FP Equity_DX_ACTIVE_AVAILABILITY_VALUE,2,2987,-0.026723487912718127,0.14424051571888086,-0.02920361040813727,0.11054452183784783,-0.023891917297948588,0.1105310020418263,0.008812758034374424,-0.04372168133830923,4.512621232417955,0.0007141448062215616,0.0003793756755033906,0.14424051571887536,0.026723487912718127,0.02920361040813727,0.023891917297948588
