feature,lag,n_pairs,pearson_r,pearson_p,spearman_rho,spearman_p,kendall_tau,kendall_p,mutual_info,ols_slope,ols_intercept,ols_r2,ols_adj_r2,ols_slope_p,abs_pearson,abs_spearman,abs_kendall
ALCOF FP Equity_DX_ACTIVE_AVAILABILITY_VALUE,2,4474,-0.336951746936456,3.2964300471952716e-119,-0.5610391390756362,0.0,-0.4311178838090665,3.2419764501561586e-296,0.3679737360258337,-0.025212568343461573,154.10412652506412,0.1135364797635291,0.11333825446830637,3.2964300471974927e-119,0.336951746936456,0.5610391390756362,0.4311178838090665
ALCOF FP Equity_DX_ACTIVE_AVAIL_SUPPLY_QTY,2,4474,-0.3335954595235736,9.652267287627393e-117,-0.5641710248418372,0.0,-0.44329745345754823,5.466932194756484e-304,0.3274753278007827,-0.013161490701473964,153.64286800301454,0.11128593061474412,0.11108720206613387,9.652267287641737e-117,0.3335954595235736,0.5641710248418372,0.44329745345754823
ALCOF FP Equity_DX_ACTIVE_AVAIL_SUPPLY_MV,2,4474,-0.3014320363678292,1.2403474217939033e-94,-0.3925633894003751,9.133955221259035e-165,-0.3039517176335995,2.756858724943045e-141,0.29964257617163215,-7253.089497467361,149.49592924249546,0.09086127254885634,0.09065797676901488,1.2403474217957893e-94,0.3014320363678292,0.3925633894003751,0.3039517176335995
