feature,lag,n_pairs,pearson_r,pearson_p,spearman_rho,spearman_p,kendall_tau,kendall_p,mutual_info,ols_slope,ols_intercept,ols_r2,ols_adj_r2,ols_slope_p,abs_pearson,abs_spearman,abs_kendall
ALCWE FP Equity_DX_ACTIVE_AVAIL_SUPPLY_MV,2,804,0.15106236317204333,1.6972215349618203e-05,0.12254193944164381,0.0004969591718671808,0.10037414823651696,0.000515806166628151,0.008470504673144141,99.60502098012864,4.760107022405192,0.022819837567122137,0.02160140843690661,1.697221534961964e-05,0.15106236317204333,0.12254193944164381,0.10037414823651696
ALCWE FP Equity_DX_ACTIVE_AVAILABILITY_VALUE,2,804,0.14782758710167912,2.5734985080349e-05,-0.35240919005881133,6.380662814420605e-25,-0.2802555929030171,1.5329395414514122e-23,0.26835206007324586,0.0001020235600143781,4.758344083030514,0.021852995508304995,0.020633360839362735,2.5734985080350768e-05,0.14782758710167912,0.35240919005881133,0.2802555929030171
ALCWE FP Equity_DX_ACTIVE_AVAIL_SUPPLY_QTY,2,804,0.13828448180893851,8.359401287758885e-05,-0.3530694138315628,5.145480990120387e-25,-0.28296233926130604,6.9869136181072e-24,0.2917126721961578,0.0008768841229569467,4.756452298709344,0.019122597909166705,0.017899558754440048,8.35940128775876e-05,0.13828448180893851,0.3530694138315628,0.28296233926130604
