feature,lag,n_pairs,pearson_r,pearson_p,spearman_rho,spearman_p,kendall_tau,kendall_p,mutual_info,ols_slope,ols_intercept,ols_r2,ols_adj_r2,ols_slope_p,abs_pearson,abs_spearman,abs_kendall
ALDBL FP Equity_DX_ACTIVE_AVAIL_SUPPLY_QTY,2,4677,0.34194095894061777,2.0106204945024156e-128,0.24790676542216458,1.9148647606932158e-66,0.20371585813938867,2.100557265060148e-65,0.09040466861645657,0.00019574438596168823,3.9645803934023185,0.11692361940123042,0.11673472605778679,2.0106204945191877e-128,0.34194095894061777,0.24790676542216458,0.20371585813938867
ALDBL FP Equity_DX_ACTIVE_AVAILABILITY_VALUE,2,4677,0.3389331896553851,4.556781856107676e-126,0.24791020090479676,1.9067321831488106e-66,0.20371239430779303,1.8296790517269158e-65,0.09035435479015308,3.0759585985315035e-05,3.9658556434307104,0.11487570704997352,0.11468637565041195,4.556781856189246e-126,0.3389331896553851,0.24791020090479676,0.20371239430779303
ALDBL FP Equity_DX_ACTIVE_AVAIL_SUPPLY_MV,2,4677,0.337937112682265,2.709601004509664e-125,0.24790415839099994,1.921059258765076e-66,0.20373793189941086,2.2358681206923277e-65,0.08596822964292783,29.321506244599945,3.96613429098122,0.11420149212802655,0.11401201651136939,2.7096010044874926e-125,0.337937112682265,0.24790415839099994,0.20373793189941086
