feature,lag,n_pairs,pearson_r,pearson_p,spearman_rho,spearman_p,kendall_tau,kendall_p,mutual_info,ols_slope,ols_intercept,ols_r2,ols_adj_r2,ols_slope_p,abs_pearson,abs_spearman,abs_kendall
ALDEV FP Equity_DX_ACTIVE_AVAIL_SUPPLY_QTY,2,1534,-0.24679564206116644,1.0163565542935548e-22,-0.5477063293190889,8.386499556558936e-121,-0.4581631857047563,5.123697475794367e-102,0.46197290293709603,-0.008738431048526922,47.96945424013401,0.06090808894038391,0.06029510466423538,1.016356554293187e-22,0.24679564206116644,0.5477063293190889,0.4581631857047563
ALDEV FP Equity_DX_ACTIVE_AVAILABILITY_VALUE,2,1534,-0.23759613376243172,3.963152093444153e-21,-0.5228301603500481,2.3155942207275597e-108,-0.4150813797215836,7.4492836181094e-93,0.43711751954872113,-0.00010630286460887854,47.36075902109251,0.05645192277885491,0.055836029778057905,3.963152093441366e-21,0.23759613376243172,0.5228301603500481,0.4150813797215836
ALDEV FP Equity_DX_ACTIVE_AVAIL_SUPPLY_MV,2,1534,-0.23465247948602713,1.239078313207193e-20,-0.5336020980590606,1.2728700482412092e-113,-0.42546008288877624,1.5820270536995323e-97,0.49729241360842913,-101.89830471295966,47.44406987006831,0.05506178612894119,0.05444498572824219,1.2390783132075753e-20,0.23465247948602713,0.5336020980590606,0.42546008288877624
