feature,lag,n_pairs,pearson_r,pearson_p,spearman_rho,spearman_p,kendall_tau,kendall_p,mutual_info,ols_slope,ols_intercept,ols_r2,ols_adj_r2,ols_slope_p,abs_pearson,abs_spearman,abs_kendall
ALENR FP Equity_DX_ACTIVE_AVAIL_SUPPLY_QTY,2,1297,-0.11114301693603243,6.039404367525901e-05,0.14956169496892469,6.247502133594052e-08,0.1222814483418584,7.38045626206156e-08,0.328744101195233,-0.0001823202259603301,11.916695382427374,0.012352770213643227,0.011590108260140175,6.0394043675272964e-05,0.11114301693603243,0.14956169496892469,0.1222814483418584
ALENR FP Equity_DX_ACTIVE_AVAIL_SUPPLY_MV,2,1297,-0.10923598222039962,8.079803909860544e-05,0.15482465763831316,2.0911504301922674e-08,0.13464230094215737,1.6958227436084801e-09,0.39996890156440434,-22.75853118830104,11.905046415761865,0.011932499811655783,0.011169513325023805,8.079803909860202e-05,0.10923598222039962,0.15482465763831316,0.13464230094215737
ALENR FP Equity_DX_ACTIVE_AVAILABILITY_VALUE,2,1297,-0.10898367577422613,8.394082550051019e-05,0.15565985689091297,1.7516893176728997e-08,0.13886996192594947,4.2352458792746385e-10,0.4677253226425473,-2.286822836646262e-05,11.903507019280855,0.011877441585261606,0.011114412582624689,8.394082550053505e-05,0.10898367577422613,0.15565985689091297,0.13886996192594947
