feature,lag,n_pairs,pearson_r,pearson_p,spearman_rho,spearman_p,kendall_tau,kendall_p,mutual_info,ols_slope,ols_intercept,ols_r2,ols_adj_r2,ols_slope_p,abs_pearson,abs_spearman,abs_kendall
ALEXA FP Equity_DX_ACTIVE_AVAIL_SUPPLY_QTY,2,4087,-0.6010375890177876,0.0,-0.3970640135935475,2.018986867440594e-154,-0.26383279182963626,6.930808976935886e-109,0.8140869189723512,-0.012357180137148389,110.94657577853904,0.36124618341231496,0.3610898177289398,0.0,0.6010375890177876,0.3970640135935475,0.26383279182963626
ALEXA FP Equity_DX_ACTIVE_AVAILABILITY_VALUE,2,4087,-0.533962805970806,4.4092176387100266e-300,-0.3905728651383528,4.786446893984122e-149,-0.2443857725531743,3.2375742573241747e-97,1.014403198186248,-0.00016524966440699098,108.9884877951479,0.28511627816021723,0.284941276025128,4.409217638634336e-300,0.533962805970806,0.3905728651383528,0.2443857725531743
ALEXA FP Equity_DX_ACTIVE_AVAIL_SUPPLY_MV,2,4087,-0.5333012738011368,3.315329021816959e-299,-0.41309986851802616,3.1637215235690546e-168,-0.2754136045508622,1.6459264233049677e-118,0.8555184512763496,-152.80599141482477,108.89678943183685,0.2844102486379152,0.28423507366818157,3.315329021810617e-299,0.5333012738011368,0.41309986851802616,0.2754136045508622
