feature,lag,n_pairs,pearson_r,pearson_p,spearman_rho,spearman_p,kendall_tau,kendall_p,mutual_info,ols_slope,ols_intercept,ols_r2,ols_adj_r2,ols_slope_p,abs_pearson,abs_spearman,abs_kendall
ALHGO FP Equity_DX_ACTIVE_AVAIL_SUPPLY_QTY,2,1130,-0.2865385116145017,8.506422836630394e-23,-0.509141657462235,1.4817225337804684e-75,-0.3807678602520311,1.9181494735721834e-65,1.1263067326704288,-4.970379229510786e-05,48.8558805299638,0.08210431863825385,0.08129058133208211,8.506422836636368e-23,0.2865385116145017,0.509141657462235,0.3807678602520311
ALHGO FP Equity_DX_ACTIVE_AVAIL_SUPPLY_MV,2,1130,-0.23144467519675926,3.307358037180637e-15,-0.2271963089241098,1.0740713497531081e-14,-0.11342386442186937,9.490967789077921e-08,1.8050129742236,-0.8682947714651003,48.30110685680859,0.05356663767693293,0.05272760100820684,3.3073580371847508e-15,0.23144467519675926,0.2271963089241098,0.11342386442186937
ALHGO FP Equity_DX_ACTIVE_AVAILABILITY_VALUE,2,1130,-0.23093636904780782,3.8126457518035586e-15,-0.22520203235296152,1.8520172754357988e-14,-0.107194395579624,4.5376808855596063e-07,1.9817560236857013,-8.668002914056529e-07,48.29560440441279,0.053331606548986055,0.0524923615193309,3.812645751804971e-15,0.23093636904780782,0.22520203235296152,0.107194395579624
