feature,lag,n_pairs,pearson_r,pearson_p,spearman_rho,spearman_p,kendall_tau,kendall_p,mutual_info,ols_slope,ols_intercept,ols_r2,ols_adj_r2,ols_slope_p,abs_pearson,abs_spearman,abs_kendall
ALI2S FP Equity_DX_ACTIVE_AVAIL_SUPPLY_QTY,2,2876,-0.0332334161774262,0.07475400640145095,-0.030567464788789044,0.10122303629664814,-0.02502734028959063,0.101213737919749,0.0012252025479135842,-2.3231500174033872,4.263150017403408,0.0011044599508213127,0.0007568971324326546,0.07475400640144994,0.0332334161774262,0.030567464788789044,0.02502734028959063
ALI2S FP Equity_DX_ACTIVE_AVAILABILITY_VALUE,2,2876,-0.0332334161774262,0.07475400640145095,-0.030567464788789044,0.10122303629664814,-0.02502734028959063,0.101213737919749,0.0012252025479135842,-0.841721020798333,4.263150017403412,0.0011044599508216457,0.0007568971324329876,0.07475400640144994,0.0332334161774262,0.030567464788789044,0.02502734028959063
