feature,lag,n_pairs,pearson_r,pearson_p,spearman_rho,spearman_p,kendall_tau,kendall_p,mutual_info,ols_slope,ols_intercept,ols_r2,ols_adj_r2,ols_slope_p,abs_pearson,abs_spearman,abs_kendall
ALIMR FP Equity_DX_ACTIVE_AVAILABILITY_VALUE,2,1563,0.04836467539252115,0.05591769807358885,0.21541592834953693,7.249032035720539e-18,0.1911120690350547,1.4419693940322317e-21,0.42469224327031396,0.00021972593989887267,3.0754125379072503,0.0023391418258238428,0.0017000253247513308,0.05591769807359214,0.04836467539252115,0.21541592834953693,0.1911120690350547
ALIMR FP Equity_DX_ACTIVE_AVAIL_SUPPLY_QTY,2,1563,0.04217336506819823,0.09556950778571473,0.217252825486263,3.7502468655965426e-18,0.17803232233652377,8.981665762577258e-18,0.261768299237924,0.0007426848907370954,3.080505952380955,0.0017785927211758645,0.001139117123943989,0.09556950778572344,0.04217336506819823,0.217252825486263,0.17803232233652377
