feature,lag,n_pairs,pearson_r,pearson_p,spearman_rho,spearman_p,kendall_tau,kendall_p,mutual_info,ols_slope,ols_intercept,ols_r2,ols_adj_r2,ols_slope_p,abs_pearson,abs_spearman,abs_kendall
ALISP FP Equity_DX_ACTIVE_AVAIL_SUPPLY_MV,2,4758,0.13551003398337189,6.107933335874178e-21,0.18376449682162252,2.082493213449678e-37,0.1733942524397878,4.246266036108638e-58,0.9373418871900658,1.6089618088744215,4.736643354752613,0.018362969310175115,0.018156569598087202,6.107933335953769e-21,0.13551003398337189,0.18376449682162252,0.1733942524397878
ALISP FP Equity_DX_ACTIVE_AVAILABILITY_VALUE,2,4758,0.1338968203693775,1.7706051894343795e-20,0.13567384310482095,5.4782822146970275e-21,0.13468829505671626,1.6823495462618716e-36,1.1512695568539715,1.6999875626511608e-06,4.738026342058134,0.01792835850502905,0.017721867411358838,1.7706051894504084e-20,0.1338968203693775,0.13567384310482095,0.13468829505671626
ALISP FP Equity_DX_ACTIVE_AVAIL_SUPPLY_QTY,2,4758,0.08616416194799587,2.633269363488438e-09,0.11553235040316796,1.3072891890751223e-15,0.10233952136802515,3.688957441010053e-21,0.9423520463564286,6.026639304085547e-06,4.7920045809967995,0.007424262804199722,0.0072155631117698515,2.6332693635032894e-09,0.08616416194799587,0.11553235040316796,0.10233952136802515
