feature,lag,n_pairs,pearson_r,pearson_p,spearman_rho,spearman_p,kendall_tau,kendall_p,mutual_info,ols_slope,ols_intercept,ols_r2,ols_adj_r2,ols_slope_p,abs_pearson,abs_spearman,abs_kendall
ALMCE FP Equity_DX_ACTIVE_AVAIL_SUPPLY_QTY,2,578,-0.12644325708636384,0.0023225256002775544,-0.16138798595304607,9.73084968364999e-05,-0.1325058964108384,4.801992572063076e-05,0.4657509253098282,-0.00026348328402240457,7.338853420409461,0.015987897262608186,0.014279542917577936,0.0023225256002777786,0.12644325708636384,0.16138798595304607,0.1325058964108384
ALMCE FP Equity_DX_ACTIVE_AVAIL_SUPPLY_MV,2,578,0.06661861980695447,0.10961393961170902,-0.022104393022523313,0.5958761980665714,-0.02367403015201825,0.47524899303017676,0.38615682310378174,17.714353065209664,7.137344534446019,0.004438040504983531,0.0027096343253046884,0.10961393961170612,0.06661861980695447,0.022104393022523313,0.02367403015201825
ALMCE FP Equity_DX_ACTIVE_AVAILABILITY_VALUE,2,578,0.032433789087409466,0.4364051837052835,0.014379817973530686,0.7301066160857455,0.029139187896868715,0.3586516256448977,0.6849181739479209,9.395663971421071e-06,7.169452989764091,0.0010519506745663154,-0.0006823341332904409,0.4364051837052919,0.032433789087409466,0.014379817973530686,0.029139187896868715
