feature,lag,n_pairs,pearson_r,pearson_p,spearman_rho,spearman_p,kendall_tau,kendall_p,mutual_info,ols_slope,ols_intercept,ols_r2,ols_adj_r2,ols_slope_p,abs_pearson,abs_spearman,abs_kendall
ALMET FP Equity_DX_ACTIVE_AVAILABILITY_VALUE,2,2645,-0.03814912758912816,0.04978814306069348,-0.0448382239581459,0.021106160238481626,-0.03672742812881931,0.021134433781840295,0.005783041274762368,-0.002519136663696309,4.827054434876771,0.0014553559358113644,0.0010775486546671376,0.049788143060693804,0.03814912758912816,0.0448382239581459,0.03672742812881931
ALMET FP Equity_DX_ACTIVE_AVAIL_SUPPLY_QTY,2,2645,-0.037977486139198775,0.05082590118582684,-0.0448382239581459,0.021106160238481626,-0.03672742812881931,0.021134433781840295,0.005783041274762368,-0.0051214311053405705,4.827042155680056,0.0014422894534533715,0.0010644772285020032,0.05082590118583065,0.037977486139198775,0.0448382239581459,0.03672742812881931
