feature,lag,n_pairs,pearson_r,pearson_p,spearman_rho,spearman_p,kendall_tau,kendall_p,mutual_info,ols_slope,ols_intercept,ols_r2,ols_adj_r2,ols_slope_p,abs_pearson,abs_spearman,abs_kendall
ALNSC FP Equity_DX_ACTIVE_AVAIL_SUPPLY_QTY,2,2954,-0.7904168036355966,0.0,-0.6116638970529333,9.724804906290124e-303,-0.5005042599878345,3.227613965082997e-241,0.38136776600775035,-0.00375589968392521,60.814209814605256,0.6247587234695131,0.6246316092159458,0.0,0.7904168036355966,0.6116638970529333,0.5005042599878345
ALNSC FP Equity_DX_ACTIVE_AVAIL_SUPPLY_MV,2,2954,-0.790351943298671,0.0,-0.6116176083537479,1.1114910827879455e-302,-0.5003862582623936,3.0047002049603414e-241,0.3806963312569891,-52.077482691268656,60.813203076557876,0.6246561942759856,0.6245290452903067,0.0,0.790351943298671,0.6116176083537479,0.5003862582623936
ALNSC FP Equity_DX_ACTIVE_AVAILABILITY_VALUE,2,2954,-0.744350787557727,0.0,-0.6012780938271816,5.881860381693725e-290,-0.47376118991732197,9.881819126402427e-234,0.4373633528325811,-9.774521028101095e-05,60.0347228549141,0.5540580949378069,0.5539070306068238,0.0,0.744350787557727,0.6012780938271816,0.47376118991732197
