feature,lag,n_pairs,pearson_r,pearson_p,spearman_rho,spearman_p,kendall_tau,kendall_p,mutual_info,ols_slope,ols_intercept,ols_r2,ols_adj_r2,ols_slope_p,abs_pearson,abs_spearman,abs_kendall
ALOBR FP Equity_DX_ACTIVE_AVAIL_SUPPLY_QTY,2,4472,-0.12986292842009017,2.8106564070895534e-18,-0.15525255877346802,1.582789976500052e-25,-0.12648870563951858,3.689946201310845e-25,0.04300102964589625,-0.002172454069007957,11.577870111255121,0.016864380177841642,0.01664443932329529,2.8106564070966493e-18,0.12986292842009017,0.15525255877346802,0.12648870563951858
ALOBR FP Equity_DX_ACTIVE_AVAILABILITY_VALUE,2,4472,-0.1287824970893972,5.348165757503549e-18,-0.1552226308101652,1.6171391959042716e-25,-0.12613718098904275,4.333270292316715e-25,0.03758701907397999,-0.0003033243164239936,11.577201343450604,0.01658493155658136,0.01636492818556501,5.34816575752912e-18,0.1287824970893972,0.1552226308101652,0.12613718098904275
ALOBR FP Equity_DX_ACTIVE_AVAIL_SUPPLY_MV,2,4472,-0.12175968648583671,3.069190012352037e-16,-0.15483422635868024,2.13593165120235e-25,-0.12631187803182872,4.513509240154049e-25,0.03747782516242393,-232.32124279641857,11.571596878979523,0.014825421253129356,0.014605024255646915,3.06919001234344e-16,0.12175968648583671,0.15483422635868024,0.12631187803182872
