feature,lag,n_pairs,pearson_r,pearson_p,spearman_rho,spearman_p,kendall_tau,kendall_p,mutual_info,ols_slope,ols_intercept,ols_r2,ols_adj_r2,ols_slope_p,abs_pearson,abs_spearman,abs_kendall
ALOSM FP Equity_DX_ACTIVE_AVAIL_SUPPLY_MV,2,1833,0.1355070758321738,5.7295979510497e-09,0.10269208811840705,1.0565504458137107e-05,0.08418944297299304,1.0697563816362236e-05,0.0853849470036836,94.6391796079447,8.604304809456188,0.018362167600586843,0.017826046446900667,5.7295979510526485e-09,0.1355070758321738,0.10269208811840705,0.08418944297299304
ALOSM FP Equity_DX_ACTIVE_AVAILABILITY_VALUE,2,1833,0.134749551313832,6.971774148579169e-09,0.12164424998925852,1.7521309231616988e-07,0.09883052365214332,1.4921965943869633e-07,0.12984747395104357,9.386718131428504e-05,8.607097521521634,0.018157441579279232,0.01762120861454919,6.971774148584463e-09,0.134749551313832,0.12164424998925852,0.09883052365214332
ALOSM FP Equity_DX_ACTIVE_AVAIL_SUPPLY_QTY,2,1833,0.11323033482372455,1.173128576918893e-06,0.11624411186902099,6.026873388067861e-07,0.09267379374085111,1.0062692848633862e-06,0.13973187511011886,0.0008882260856645195,8.60957504513824,0.012821108724293095,0.012281961323268642,1.1731285769177443e-06,0.11323033482372455,0.11624411186902099,0.09267379374085111
