feature,lag,n_pairs,pearson_r,pearson_p,spearman_rho,spearman_p,kendall_tau,kendall_p,mutual_info,ols_slope,ols_intercept,ols_r2,ols_adj_r2,ols_slope_p,abs_pearson,abs_spearman,abs_kendall
ALPOU FP Equity_DX_ACTIVE_AVAIL_SUPPLY_MV,2,2420,0.02993465355007334,0.1409778596029105,0.029227030966474117,0.15062026553826616,0.023952315293810186,0.15027981819183875,0.01599702369026823,65.58689950303128,5.586196507454454,0.000896083483162835,0.0004828891421716497,0.14097785960294323,0.02993465355007334,0.029227030966474117,0.023952315293810186
ALPOU FP Equity_DX_ACTIVE_AVAILABILITY_VALUE,2,2420,0.025681215868623018,0.2066235591396908,0.033237843771805775,0.10211350604566188,0.02718321765714408,0.10227204520624555,0.018523617141876114,4.6915588110506164e-05,5.586129587539927,0.0006595248484912997,0.00024623267514500835,0.20662355913968042,0.025681215868623018,0.033237843771805775,0.02718321765714408
ALPOU FP Equity_DX_ACTIVE_AVAIL_SUPPLY_QTY,2,2420,0.016840376840821056,0.4076321574736636,0.03322467161553351,0.10224952674595444,0.027181330382588537,0.10240234556877931,0.0195579339859675,0.00019372287205355086,5.586819689491504,0.00028359829214130716,-0.00012984935124493724,0.40763215747367787,0.016840376840821056,0.03322467161553351,0.027181330382588537
