feature,lag,n_pairs,pearson_r,pearson_p,spearman_rho,spearman_p,kendall_tau,kendall_p,mutual_info,ols_slope,ols_intercept,ols_r2,ols_adj_r2,ols_slope_p,abs_pearson,abs_spearman,abs_kendall
ALTXC FP Equity_DX_ACTIVE_AVAILABILITY_VALUE,2,2406,0.20513817051384198,2.8327161743342707e-24,0.4508760687595733,8.319425591826677e-121,0.38438098391729325,4.052241122260731e-125,0.4476624845084245,0.0010521251605959357,8.188283112463425,0.04208166900176624,0.041683200478056515,2.8327161743216135e-24,0.20513817051384198,0.4508760687595733,0.38438098391729325
ALTXC FP Equity_DX_ACTIVE_AVAIL_SUPPLY_QTY,2,2406,0.17318716247722316,1.1755019596540375e-17,0.432735294508462,2.1696822694064844e-110,0.3578844050027492,8.18828614216793e-100,0.19307373009588713,0.007990492157656142,8.207188221309803,0.02999379324691198,0.029590296488695267,1.1755019596635898e-17,0.17318716247722316,0.432735294508462,0.3578844050027492
ALTXC FP Equity_DX_ACTIVE_AVAIL_SUPPLY_MV,2,2406,-0.0006718089268459568,0.9737258039282062,0.006671439165335049,0.743611683557726,0.005523511328333874,0.7435372607587666,0.0,-3.576123128120067,8.285761231281194,4.5132723336394065e-07,-0.0004155218627304169,0.9737258039282053,0.0006718089268459568,0.006671439165335049,0.005523511328333874
