feature,lag,n_pairs,pearson_r,pearson_p,spearman_rho,spearman_p,kendall_tau,kendall_p,mutual_info,ols_slope,ols_intercept,ols_r2,ols_adj_r2,ols_slope_p,abs_pearson,abs_spearman,abs_kendall
ALVAP FP Equity_DX_ACTIVE_AVAIL_SUPPLY_QTY,2,1327,-0.1366295133371608,5.856317053804967e-07,-0.29673941292219275,2.2105728707746472e-28,-0.23275201574331256,3.351754356798059e-26,0.2759647250741284,-0.030686108025844868,8.001916612839803,0.018667623914749853,0.017926995706383564,5.856317053804801e-07,0.1366295133371608,0.29673941292219275,0.23275201574331256
ALVAP FP Equity_DX_ACTIVE_AVAILABILITY_VALUE,2,1327,-0.11425723656839563,3.0205643755975843e-05,-0.29639911310094913,2.5625375919207006e-28,-0.2293573718228231,1.0437042143568127e-25,0.295423586284121,-0.0038487003528907457,7.986137298069989,0.013054716108246378,0.012309851743044997,3.020564375598125e-05,0.11425723656839563,0.29639911310094913,0.2293573718228231
