feature,lag,n_pairs,pearson_r,pearson_p,spearman_rho,spearman_p,kendall_tau,kendall_p,mutual_info,ols_slope,ols_intercept,ols_r2,ols_adj_r2,ols_slope_p,abs_pearson,abs_spearman,abs_kendall
ARVEN FP Equity_DX_DSS,2,967,-0.5000431807795668,2.59545670427503e-62,-0.46706539960147403,1.481247980345024e-53,-0.39048964347216064,2.571073040499137e-48,0.29434559170548225,-4.008561627047388,6.667271135665085,0.25004318264414627,0.24926602532046138,2.595456704273313e-62,0.5000431807795668,0.46706539960147403,0.39048964347216064
