feature,lag,n_pairs,pearson_r,pearson_p,spearman_rho,spearman_p,kendall_tau,kendall_p,mutual_info,ols_slope,ols_intercept,ols_r2,ols_adj_r2,ols_slope_p,abs_pearson,abs_spearman,abs_kendall
AUGR FP Equity_DX_ACTIVE_AVAIL_SUPPLY_QTY,2,2561,0.1520424161649175,1.0294601764888823e-14,0.14680430155765603,8.261754791793766e-14,0.12088528741055392,6.861323765521876e-14,0.10194314170540841,0.10503449096519521,4.534235598120701,0.023116896313265745,0.022735152232106426,1.0294601764886295e-14,0.1520424161649175,0.14680430155765603,0.12088528741055392
AUGR FP Equity_DX_ACTIVE_AVAILABILITY_VALUE,2,2561,0.15139999111233451,1.3343404762486438e-14,0.1466691437587727,8.709338059634437e-14,0.12109020333928963,4.5580580954414463e-14,0.11707738986305527,0.016108811393871346,4.534807033247209,0.022921957308814855,0.02254013704985003,1.3343404762478128e-14,0.15139999111233451,0.1466691437587727,0.12109020333928963
