feature,lag,n_pairs,pearson_r,pearson_p,spearman_rho,spearman_p,kendall_tau,kendall_p,mutual_info,ols_slope,ols_intercept,ols_r2,ols_adj_r2,ols_slope_p,abs_pearson,abs_spearman,abs_kendall
BIODV FP Equity_DX_ACTIVE_AVAIL_SUPPLY_QTY,2,747,-0.44025789107947305,9.20755138794208e-37,-0.49428673745129525,2.824674711979077e-47,-0.3859845611391062,2.732681838243804e-41,0.4637675276783644,-4.609061504617933e-06,12.863625325809217,0.193827010657745,0.1927448992626547,9.207551387965449e-37,0.44025789107947305,0.49428673745129525,0.3859845611391062
BIODV FP Equity_DX_ACTIVE_AVAIL_SUPPLY_MV,2,747,-0.4392790415592062,1.3733121219971916e-36,-0.4881477449580532,5.52523837755236e-46,-0.36204656231133403,4.101022764405326e-38,0.5187427017399948,-0.4013429806347065,12.862463929787769,0.19296607635317486,0.19188280934156843,1.3733121219998998e-36,0.4392790415592062,0.4881477449580532,0.36204656231133403
BIODV FP Equity_DX_ACTIVE_AVAILABILITY_VALUE,2,747,-0.4390104185556303,1.5322079606320335e-36,-0.4875363209149868,7.405225636994461e-46,-0.3598177653591701,9.864845505125286e-38,0.537209616508882,-4.014011080788166e-07,12.862234942880061,0.19273014760038987,0.19164656390589374,1.5322079606348536e-36,0.4390104185556303,0.4875363209149868,0.3598177653591701
