feature,lag,n_pairs,pearson_r,pearson_p,spearman_rho,spearman_p,kendall_tau,kendall_p,mutual_info,ols_slope,ols_intercept,ols_r2,ols_adj_r2,ols_slope_p,abs_pearson,abs_spearman,abs_kendall
BNK FP Equity_DX_DSS,2,4856,0.11225787277406109,4.312822146719503e-15,0.14954719043778752,1.0962330270379732e-25,0.11977355192397439,1.5632885386739846e-25,0.1290711639018296,0.6609072148676478,22.57843711795324,0.01260182999975723,0.012398410516856528,4.312822146708606e-15,0.11225787277406109,0.14954719043778752,0.11977355192397439
