feature,lag,n_pairs,pearson_r,pearson_p,spearman_rho,spearman_p,kendall_tau,kendall_p,mutual_info,ols_slope,ols_intercept,ols_r2,ols_adj_r2,ols_slope_p,abs_pearson,abs_spearman,abs_kendall
C40 FP Equity_DX_DSS,2,4900,-0.08011966678432024,1.954565301007688e-08,-0.08128687806682053,1.2117793019175625e-08,-0.0665159213355241,1.1530226405112432e-08,0.03075464441379916,-17.75634656032726,69.7398213157264,0.006419161005630669,0.006216306608122668,1.954565301005159e-08,0.08011966678432024,0.08128687806682053,0.0665159213355241
