feature,lag,n_pairs,pearson_r,pearson_p,spearman_rho,spearman_p,kendall_tau,kendall_p,mutual_info,ols_slope,ols_intercept,ols_r2,ols_adj_r2,ols_slope_p,abs_pearson,abs_spearman,abs_kendall
C50 FP Equity_DX_DSS,2,4249,-0.07265109666558935,2.1310031573121023e-06,-0.09224689805719755,1.7001848311865964e-09,-0.07523495887234691,1.8908236803201774e-09,0.014775579729683574,-10.645212483613044,72.31758792047894,0.005278181846712804,0.005043964324190187,2.1310031573103405e-06,0.07265109666558935,0.09224689805719755,0.07523495887234691
