feature,lag,n_pairs,pearson_r,pearson_p,spearman_rho,spearman_p,kendall_tau,kendall_p,mutual_info,ols_slope,ols_intercept,ols_r2,ols_adj_r2,ols_slope_p,abs_pearson,abs_spearman,abs_kendall
CASHE FP Equity_DX_ACTIVE_AVAILABILITY_VALUE,2,37,0.05452661655006233,0.7485687214311194,0.031245464590799747,0.8543428683116965,0.026028960314767677,0.851289957812146,0.0,6.705448633824646e-07,10.032336111111118,0.0029731519123977757,-0.025513329461533507,0.7485687214312243,0.05452661655006233,0.031245464590799747,0.026028960314767677
CASHE FP Equity_DX_ACTIVE_AVAIL_SUPPLY_QTY,2,37,0.05452661655006232,0.7485687214311194,0.031245464590799747,0.8543428683116965,0.026028960314767677,0.851289957812146,0.0,6.727777777776538e-06,10.03233611111112,0.0029731519123976646,-0.02551332946153373,0.7485687214311795,0.05452661655006232,0.031245464590799747,0.026028960314767677
