feature,lag,n_pairs,pearson_r,pearson_p,spearman_rho,spearman_p,kendall_tau,kendall_p,mutual_info,ols_slope,ols_intercept,ols_r2,ols_adj_r2,ols_slope_p,abs_pearson,abs_spearman,abs_kendall
CD9 FP Equity_DX_DSS,2,4208,-0.16478093783327796,5.3376995466607846e-27,-0.1912748535381961,5.810580424376982e-36,-0.15551300984835442,3.118433926068945e-35,0.06186461570244739,-23.803778502432266,111.93350842534862,0.027152757473214773,0.026921457605757038,5.337699546657147e-27,0.16478093783327796,0.1912748535381961,0.15551300984835442
