feature,lag,n_pairs,pearson_r,pearson_p,spearman_rho,spearman_p,kendall_tau,kendall_p,mutual_info,ols_slope,ols_intercept,ols_r2,ols_adj_r2,ols_slope_p,abs_pearson,abs_spearman,abs_kendall
CMU FP Equity_DX_DSS,2,4226,-0.046488363701676166,0.0025041337982025045,-0.047206080528193445,0.002143731050710055,-0.03851763944558612,0.0021642729722525823,0.007405972993260179,-14.283571376532572,185.9276737538298,0.0021611679596592603,0.0019249371755587497,0.002504133798202513,0.046488363701676166,0.047206080528193445,0.03851763944558612
