feature,lag,n_pairs,pearson_r,pearson_p,spearman_rho,spearman_p,kendall_tau,kendall_p,mutual_info,ols_slope,ols_intercept,ols_r2,ols_adj_r2,ols_slope_p,abs_pearson,abs_spearman,abs_kendall
CP9 FP Equity_DX_DSS,2,4206,-0.021181237897120436,0.16961963531516921,-0.022990282576226657,0.13602496229926028,-0.018765992597067172,0.1361623522316556,0.0004739456214951643,-17.191497248846257,458.9345394549994,0.00044864483885420636,0.00021088286093773334,0.1696196353151611,0.021181237897120436,0.022990282576226657,0.018765992597067172
