feature,lag,n_pairs,pearson_r,pearson_p,spearman_rho,spearman_p,kendall_tau,kendall_p,mutual_info,ols_slope,ols_intercept,ols_r2,ols_adj_r2,ols_slope_p,abs_pearson,abs_spearman,abs_kendall
CROS FP Equity_DX_ACTIVE_AVAIL_SUPPLY_MV,2,2008,-0.5811006806281396,1.0433590494159154e-181,-0.6320382395359833,2.0809897780718822e-224,-0.5194627931130639,3.105369353797645e-178,0.48483508638366546,-160.59185393411906,6.32080732968349,0.3376780010264875,0.33734783053846473,1.0433590494164803e-181,0.5811006806281396,0.6320382395359833,0.5194627931130639
CROS FP Equity_DX_ACTIVE_AVAIL_SUPPLY_QTY,2,2008,-0.3571134449713005,1.8586381391029447e-61,-0.4207981729339657,5.42059875266844e-87,-0.34645680521890115,9.032588277205097e-79,0.13622908309765602,-0.0007046937693462648,5.349255554567766,0.12753001257926944,0.1270950823761683,1.8586381391021118e-61,0.3571134449713005,0.4207981729339657,0.34645680521890115
CROS FP Equity_DX_ACTIVE_AVAILABILITY_VALUE,2,2008,-0.17627481056950428,1.7702991335020136e-15,-0.19463079891517615,1.363295175825616e-18,-0.16173825005412493,2.7002735722876023e-18,0.02481883506356386,-0.00016185768878816727,5.0340614053344455,0.031072808841314803,0.030589794289391237,1.770299133501404e-15,0.17627481056950428,0.19463079891517615,0.16173825005412493
