feature,lag,n_pairs,pearson_r,pearson_p,spearman_rho,spearman_p,kendall_tau,kendall_p,mutual_info,ols_slope,ols_intercept,ols_r2,ols_adj_r2,ols_slope_p,abs_pearson,abs_spearman,abs_kendall
CSH2 FP Equity_DX_DSS,2,2679,0.016176803332581726,0.40261500136992096,0.024501678524876044,0.2048757261458867,0.020025026547351155,0.2048168539416415,0.008618535374532943,164.04325504862075,634.9027449513833,0.00026168896606115766,-0.00011176576349947176,0.4026150013699126,0.016176803332581726,0.024501678524876044,0.020025026547351155
