feature,lag,n_pairs,pearson_r,pearson_p,spearman_rho,spearman_p,kendall_tau,kendall_p,mutual_info,ols_slope,ols_intercept,ols_r2,ols_adj_r2,ols_slope_p,abs_pearson,abs_spearman,abs_kendall
DPAM FP Equity_DX_ACTIVE_AVAILABILITY_VALUE,2,2590,0.01745707236061733,0.3745058605165867,0.02302385582812476,0.2414699034322657,0.018864236142001233,0.24137342690156294,0.002067633530507207,0.004017728619752108,401.74930606203895,0.00030474937540414526,-8.153163333801672e-05,0.3745058605165753,0.01745707236061733,0.02302385582812476,0.018864236142001233
DPAM FP Equity_DX_ACTIVE_AVAIL_SUPPLY_QTY,2,2590,0.017413201499015884,0.3757076556006777,0.02301737101231379,0.24160252378649574,0.018861660892880657,0.2415284962269536,0.002067633530507207,1.825329135817164,401.7495516041751,0.00030321958644485836,-8.30620134057991e-05,0.3757076556006854,0.017413201499015884,0.02301737101231379,0.018861660892880657
DPAM FP Equity_DX_ACTIVE_AVAIL_SUPPLY_MV,2,2590,0.017413201499015884,0.3757076556006777,0.02301737101231379,0.24160252378649574,0.018861660892880657,0.2415284962269536,0.002067633530507207,3163.903835416416,401.7495516041751,0.00030321958644485836,-8.30620134057991e-05,0.3757076556006702,0.017413201499015884,0.02301737101231379,0.018861660892880657
