feature,lag,n_pairs,pearson_r,pearson_p,spearman_rho,spearman_p,kendall_tau,kendall_p,mutual_info,ols_slope,ols_intercept,ols_r2,ols_adj_r2,ols_slope_p,abs_pearson,abs_spearman,abs_kendall
EDEU FP Equity_DX_ACTIVE_AVAILABILITY_VALUE,2,2029,0.06471448416447943,0.0035422404390566308,0.04876205785320496,0.02806248391862117,0.03983747663755581,0.028055330435694165,0.0,0.0012672919720223535,108.6736407131272,0.004187964460674598,0.0036966906394909627,0.003542240439056976,0.06471448416447943,0.04876205785320496,0.03983747663755581
EDEU FP Equity_DX_ACTIVE_AVAIL_SUPPLY_QTY,2,2029,0.06471424640578201,0.003542362350546351,0.04876185894045006,0.028063125406844584,0.039831437960009194,0.028098497082247154,0.0,0.18743179575727822,108.67364084854457,0.004187933687867851,0.0036966598515026927,0.003542362350546121,0.06471424640578201,0.04876185894045006,0.039831437960009194
EDEU FP Equity_DX_ACTIVE_AVAIL_SUPPLY_MV,2,2029,0.06471424640578201,0.003542362350546351,0.04876185894045006,0.028063125406844584,0.039831437960009194,0.028098497082247154,0.0,1249.5453050485257,108.67364084854454,0.004187933687868073,0.0036966598515029148,0.003542362350546015,0.06471424640578201,0.04876185894045006,0.039831437960009194
