feature,lag,n_pairs,pearson_r,pearson_p,spearman_rho,spearman_p,kendall_tau,kendall_p,mutual_info,ols_slope,ols_intercept,ols_r2,ols_adj_r2,ols_slope_p,abs_pearson,abs_spearman,abs_kendall
EGRO FP Equity_DX_ACTIVE_AVAIL_SUPPLY_QTY,2,1004,0.02608000633003262,0.40909857605636146,0.03665559361705808,0.24588161809959347,0.029992257552366786,0.24502581406342494,0.0013769082282879541,0.0006262426138338951,10.406649287452208,0.0006801667301743475,-0.0003171584527295046,0.40909857605632227,0.02608000633003262,0.03665559361705808,0.029992257552366786
EGRO FP Equity_DX_ACTIVE_AVAILABILITY_VALUE,2,1004,0.025997256182513192,0.4105871016233804,0.036651599287203414,0.2459331147567938,0.029961550336313862,0.24543102494472335,0.0013769082282879541,5.748631420180063e-05,10.406655316609353,0.0006758573290189807,-0.00032147215468447676,0.4105871016233825,0.025997256182513192,0.036651599287203414,0.029961550336313862
EGRO FP Equity_DX_ACTIVE_AVAIL_SUPPLY_MV,2,1004,0.02053622012641193,0.5157130461813227,0.02783547924150776,0.3782821829766422,0.022751146041132386,0.3780177665102007,0.0007157749431087046,46.50029910269018,10.406997008973082,0.0004217363370808691,-0.0005758467603871331,0.5157130461813404,0.02053622012641193,0.02783547924150776,0.022751146041132386
