feature,lag,n_pairs,pearson_r,pearson_p,spearman_rho,spearman_p,kendall_tau,kendall_p,mutual_info,ols_slope,ols_intercept,ols_r2,ols_adj_r2,ols_slope_p,abs_pearson,abs_spearman,abs_kendall
ENRG FP Equity_DX_DSS,2,4815,-0.22510938229273203,2.272404976683034e-56,-0.3418554773712821,4.3671546607412414e-132,-0.2745740252597081,5.405762266609497e-127,0.17645286949740302,-1.9993165657520586,40.900430016881955,0.05067423399621507,0.050476991992058795,2.272404976673873e-56,0.22510938229273203,0.3418554773712821,0.2745740252597081
