feature,lag,n_pairs,pearson_r,pearson_p,spearman_rho,spearman_p,kendall_tau,kendall_p,mutual_info,ols_slope,ols_intercept,ols_r2,ols_adj_r2,ols_slope_p,abs_pearson,abs_spearman,abs_kendall
EQUA FP Equity_DX_ACTIVE_AVAIL_SUPPLY_MV,2,2367,-0.16875711390122194,1.392852502007922e-16,-0.2687194691928432,1.961207649561314e-40,-0.21041472174356846,3.3398613999442515e-38,0.2097561162824071,-1.1458765184434851,134.05047756584725,0.028478963492270082,0.02806817235632597,1.3928525020056646e-16,0.16875711390122194,0.2687194691928432,0.21041472174356846
EQUA FP Equity_DX_ACTIVE_AVAILABILITY_VALUE,2,2367,-0.16870695346046605,1.4222583638468095e-16,-0.26724712586368526,5.388857601143997e-40,-0.2022803650622708,5.579330587122611e-36,0.21619506752153494,-1.1445758129507686e-06,134.05002280624402,0.028462036145911918,0.0280512378525275,1.4222583638497388e-16,0.16870695346046605,0.26724712586368526,0.2022803650622708
EQUA FP Equity_DX_ACTIVE_AVAIL_SUPPLY_QTY,2,2367,-0.1682540915930895,1.7169966006394203e-16,-0.27383192424671526,5.581933634679073e-42,-0.22127417838647553,2.349909491822754e-41,0.19637604752021387,-0.00013395536442125164,134.0464093180451,0.028309439337815823,0.0278985765214681,1.716996600639581e-16,0.1682540915930895,0.27383192424671526,0.22127417838647553
