feature,lag,n_pairs,pearson_r,pearson_p,spearman_rho,spearman_p,kendall_tau,kendall_p,mutual_info,ols_slope,ols_intercept,ols_r2,ols_adj_r2,ols_slope_p,abs_pearson,abs_spearman,abs_kendall
EVOE FP Equity_DX_ACTIVE_AVAIL_SUPPLY_MV,2,2361,0.2050101134086215,8.029555429220588e-24,0.16335769136937464,1.3817840342721062e-15,0.13342363265862875,2.0899274101841258e-15,0.03235791055110937,5652.797881876058,139.36158639863132,0.042029146599815714,0.041623054673830095,8.029555429211931e-24,0.2050101134086215,0.16335769136937464,0.13342363265862875
EVOE FP Equity_DX_ACTIVE_AVAILABILITY_VALUE,2,2361,0.174295489362371,1.464457190777656e-17,0.060361428354760806,0.0033452554557553676,0.049680874660569085,0.0029027754965928534,0.09232222074340535,0.004712756493953178,139.25957828936757,0.03037891761206868,0.029967887055736497,1.4644571907767697e-17,0.174295489362371,0.060361428354760806,0.049680874660569085
EVOE FP Equity_DX_ACTIVE_AVAIL_SUPPLY_QTY,2,2361,0.15508621711135628,3.5212387003543906e-14,0.06031052703124511,0.0033720692081545063,0.04895972858188474,0.0034752119129384897,0.08473320553737074,0.7821936260081674,139.27285696815088,0.02405173473791078,0.023638022035383455,3.521238700354019e-14,0.15508621711135628,0.06031052703124511,0.04895972858188474
