feature,lag,n_pairs,pearson_r,pearson_p,spearman_rho,spearman_p,kendall_tau,kendall_p,mutual_info,ols_slope,ols_intercept,ols_r2,ols_adj_r2,ols_slope_p,abs_pearson,abs_spearman,abs_kendall
FINM FP Equity_DX_ACTIVE_AVAIL_SUPPLY_MV,2,2260,0.7349974463938682,0.0,0.1655012649646188,2.4107035768040437e-15,0.14135840946645037,2.1389988501079668e-17,0.5191307625118422,163.08613062799412,0.319463945873449,0.5402212462055079,0.5400176240824811,0.0,0.7349974463938682,0.1655012649646188,0.14135840946645037
FINM FP Equity_DX_ACTIVE_AVAILABILITY_VALUE,2,2260,0.2558243367244951,4.233568065100825e-35,-0.05917915478026856,0.004889041908776902,-0.04448441009121723,0.007670535869186041,0.40179162008225466,0.00011463667911943315,1.6014447906298006,0.0654460912605277,0.06503220556135159,4.2335680651051756e-35,0.2558243367244951,0.05917915478026856,0.04448441009121723
FINM FP Equity_DX_ACTIVE_AVAIL_SUPPLY_QTY,2,2260,0.1827917540581862,1.9715269333218476e-18,-0.06271962688389394,0.002854897777729074,-0.05081319676776488,0.0028112430126075085,0.36419816271730987,0.0007534323697839762,1.6256978191026223,0.03341282535166856,0.03298475308654525,1.971526933320651e-18,0.1827917540581862,0.06271962688389394,0.05081319676776488
