feature,lag,n_pairs,pearson_r,pearson_p,spearman_rho,spearman_p,kendall_tau,kendall_p,mutual_info,ols_slope,ols_intercept,ols_r2,ols_adj_r2,ols_slope_p,abs_pearson,abs_spearman,abs_kendall
FORE FP Equity_DX_ACTIVE_AVAIL_SUPPLY_QTY,2,1091,0.061775579992454074,0.04134287008310036,0.050985353731377504,0.09233149109463878,0.042229311290974486,0.09231915857128109,0.0029014619212646142,452.67373394495496,667.3262660550472,0.0038162222834041692,0.0029014529742061868,0.04134287008310012,0.061775579992454074,0.050985353731377504,0.042229311290974486
FORE FP Equity_DX_ACTIVE_AVAILABILITY_VALUE,2,1091,0.061775579992454074,0.04134287008310036,0.050985353731377504,0.09233149109463878,0.042229311290974486,0.09231915857128109,0.0029014619212646142,0.41152157631359393,667.3262660550473,0.0038162222834040582,0.0029014529742060757,0.0413428700831013,0.061775579992454074,0.050985353731377504,0.042229311290974486
