feature,lag,n_pairs,pearson_r,pearson_p,spearman_rho,spearman_p,kendall_tau,kendall_p,mutual_info,ols_slope,ols_intercept,ols_r2,ols_adj_r2,ols_slope_p,abs_pearson,abs_spearman,abs_kendall
GJAJ FP Equity_DX_ACTIVE_AVAIL_SUPPLY_QTY,2,3410,-0.5515246450278497,1.0212568506461216e-270,-0.5043457949561355,1.6506870791534356e-219,-0.4217460173436806,1.3730490127784747e-190,0.4582299933024503,-0.00018368899433317956,1.5996118421052656,0.3041794340730969,0.3039752613718272,1.0212568506423677e-270,0.5515246450278497,0.5043457949561355,0.4217460173436806
GJAJ FP Equity_DX_ACTIVE_AVAIL_SUPPLY_MV,2,3410,-0.5514263587853373,1.331977719045035e-270,-0.5040009617607104,3.655794835547222e-219,-0.42145765957749554,2.4852924813863266e-190,0.45876314398536966,-110.21837830050461,1.5993051293292375,0.30407102916325424,0.30386682465303216,1.3319777190403621e-270,0.5514263587853373,0.5040009617607104,0.42145765957749554
GJAJ FP Equity_DX_ACTIVE_AVAILABILITY_VALUE,2,3410,-0.11356840153278294,2.9121500828632016e-11,-0.05666261261400437,0.0009320556114139041,-0.04679766103176658,0.0006350022509901438,0.2772568364377288,-2.9880496331476585e-05,1.283129874018806,0.01289778182671164,0.012608139157059828,2.912150082863456e-11,0.11356840153278294,0.05666261261400437,0.04679766103176658
