feature,lag,n_pairs,pearson_r,pearson_p,spearman_rho,spearman_p,kendall_tau,kendall_p,mutual_info,ols_slope,ols_intercept,ols_r2,ols_adj_r2,ols_slope_p,abs_pearson,abs_spearman,abs_kendall
GLUX FP Equity_DX_DSS,2,4204,-0.029159263397124015,0.058694375846509605,-0.02888443180929015,0.06111672200450522,-0.02358745950105564,0.06112453226093437,0.005064434971432608,-55.931939119048494,115.87443911904768,0.0008502626418630532,0.000612483075618786,0.058694375846506566,0.029159263397124015,0.02888443180929015,0.02358745950105564
