feature,lag,n_pairs,pearson_r,pearson_p,spearman_rho,spearman_p,kendall_tau,kendall_p,mutual_info,ols_slope,ols_intercept,ols_r2,ols_adj_r2,ols_slope_p,abs_pearson,abs_spearman,abs_kendall
GOV10 FP Equity_DX_ACTIVE_AVAILABILITY_VALUE,2,319,0.24905874040565493,6.731387525411656e-06,0.2974207630359552,6.15413828308225e-08,0.24212308291526918,7.243013235290995e-08,0.091785604109488,1.1631038439048329e-05,10.216665104983562,0.06203025617245128,0.059071361081512674,6.7313875254179566e-06,0.24905874040565493,0.2974207630359552,0.24212308291526918
GOV10 FP Equity_DX_ACTIVE_AVAIL_SUPPLY_QTY,2,319,0.24882605142944064,6.870342865462117e-06,0.2957442706612389,7.354021999452357e-08,0.24170148749322493,1.327886336425628e-07,0.09621093573753048,0.00012104889871335278,10.216679293630175,0.061914403869966494,0.058955143314351255,6.87034286545702e-06,0.24882605142944064,0.2957442706612389,0.24170148749322493
GOV10 FP Equity_DX_ACTIVE_AVAIL_SUPPLY_MV,2,319,0.24865405101162685,6.97480741405023e-06,0.2957442706612389,7.354021999452357e-08,0.24170148749322493,1.327886336425628e-07,0.09607130653774254,10.28746985596037,10.216701068891348,0.061828837084492716,0.05886930660210943,6.974807414050311e-06,0.24865405101162685,0.2957442706612389,0.24170148749322493
