feature,lag,n_pairs,pearson_r,pearson_p,spearman_rho,spearman_p,kendall_tau,kendall_p,mutual_info,ols_slope,ols_intercept,ols_r2,ols_adj_r2,ols_slope_p,abs_pearson,abs_spearman,abs_kendall
HLT FP Equity_DX_DSS,2,4855,-0.2860379898208709,4.4511306199533835e-92,-0.3250936334159636,6.868461476169753e-120,-0.26559589072211254,5.870096144273002e-114,0.10424951787717651,-44.558483218231814,83.81841254068253,0.08181773162076433,0.08162853271938808,4.451130619989242e-92,0.2860379898208709,0.3250936334159636,0.26559589072211254
