feature,lag,n_pairs,pearson_r,pearson_p,spearman_rho,spearman_p,kendall_tau,kendall_p,mutual_info,ols_slope,ols_intercept,ols_r2,ols_adj_r2,ols_slope_p,abs_pearson,abs_spearman,abs_kendall
INS FP Equity_DX_DSS,2,4788,-0.2073016063154717,1.241311814319493e-47,-0.22870658602805682,7.363621320709702e-58,-0.18518270859727592,4.153522453158805e-56,0.0919213470006901,-7.324154653201345,33.90226051727548,0.0429739559809752,0.0427739923278162,1.2413118143145834e-47,0.2073016063154717,0.22870658602805682,0.18518270859727592
