feature,lag,n_pairs,pearson_r,pearson_p,spearman_rho,spearman_p,kendall_tau,kendall_p,mutual_info,ols_slope,ols_intercept,ols_r2,ols_adj_r2,ols_slope_p,abs_pearson,abs_spearman,abs_kendall
IQEC FP Equity_DX_ACTIVE_AVAIL_SUPPLY_QTY,2,2088,-0.021458992009691483,0.32704339710620994,-0.022062136960567597,0.31362716261169027,-0.018038327641079124,0.31351210357377934,3.101814121775348e-05,-0.0034796917425323174,24.453907522759945,0.00046048833807188494,-1.8677295514857306e-05,0.32704339710630614,0.021458992009691483,0.022062136960567597,0.018038327641079124
IQEC FP Equity_DX_ACTIVE_AVAILABILITY_VALUE,2,2088,-0.021458992009691483,0.32704339710620994,-0.022062136960567597,0.31362716261169027,-0.018038327641079124,0.31351210357377934,3.101814121775348e-05,-0.00014845101290672624,24.453907522759945,0.00046048833807188494,-1.8677295514857306e-05,0.3270433971061194,0.021458992009691483,0.022062136960567597,0.018038327641079124
IQEC FP Equity_DX_ACTIVE_AVAIL_SUPPLY_MV,2,2088,-0.021458992009691483,0.32704339710620994,-0.022062136960567597,0.31362716261169027,-0.018038327641079124,0.31351210357377934,3.101814121775348e-05,-104.39075227597249,24.453907522759945,0.00046048833807188494,-1.8677295514857306e-05,0.3270433971062947,0.021458992009691483,0.022062136960567597,0.018038327641079124
