feature,lag,n_pairs,pearson_r,pearson_p,spearman_rho,spearman_p,kendall_tau,kendall_p,mutual_info,ols_slope,ols_intercept,ols_r2,ols_adj_r2,ols_slope_p,abs_pearson,abs_spearman,abs_kendall
MFA8 FP Equity_DX_ACTIVE_AVAIL_SUPPLY_MV,2,104,0.3001151303255247,0.00196630424775882,0.9040742622503996,1.9143162168174952e-39,0.7422740628015917,5.884556688628308e-28,0.8712288062703193,0.17571685925277353,81.88447909300055,0.09006909145030628,0.08114820019001523,0.0019663042477588103,0.3001151303255247,0.9040742622503996,0.7422740628015917
MFA8 FP Equity_DX_ACTIVE_AVAILABILITY_VALUE,2,104,0.3000944314146551,0.0019677891310884345,0.9079661121860262,2.5589425494993277e-40,0.7479934593318268,2.8599215668735806e-28,0.9393539716834995,1.7574844057060033e-07,81.88381296967889,0.0900566677660849,0.08113565470496809,0.001967789131088448,0.3000944314146551,0.9079661121860262,0.7479934593318268
MFA8 FP Equity_DX_ACTIVE_AVAIL_SUPPLY_QTY,2,104,0.296078352548874,0.0022758346929944557,0.6701118215898448,7.28068485621441e-15,0.5584176919025395,1.3165407292906284e-12,0.4071689307638118,1.7555082910322502e-05,81.99738644179016,0.08766239084805527,0.07871790448382054,0.002275834692994408,0.296078352548874,0.6701118215898448,0.5584176919025395
