feature,lag,n_pairs,pearson_r,pearson_p,spearman_rho,spearman_p,kendall_tau,kendall_p,mutual_info,ols_slope,ols_intercept,ols_r2,ols_adj_r2,ols_slope_p,abs_pearson,abs_spearman,abs_kendall
MHM FP Equity_DX_DSS,2,4677,-0.025126235358848538,0.08576745874943213,0.060488819978787314,3.481694304394188e-05,0.05015915235436058,3.529458136662217e-05,0.020685689434290833,-0.06684448904649322,0.13952741587575518,0.0006313277033079823,0.00041755900335149754,0.08576745874942417,0.025126235358848538,0.060488819978787314,0.05015915235436058
