feature,lag,n_pairs,pearson_r,pearson_p,spearman_rho,spearman_p,kendall_tau,kendall_p,mutual_info,ols_slope,ols_intercept,ols_r2,ols_adj_r2,ols_slope_p,abs_pearson,abs_spearman,abs_kendall
MLAAT FP Equity_DX_ACTIVE_AVAILABILITY_VALUE,2,1048,0.08292813137187259,0.00723039983759327,0.1943469199509411,2.2294616815875315e-10,0.16279419902122674,1.497312680361733e-10,0.1094587646680667,6.207270712853244e-05,0.21538231395539306,0.0068770749728309655,0.005927626669745778,0.007230399837593197,0.08292813137187259,0.1943469199509411,0.16279419902122674
MLAAT FP Equity_DX_ACTIVE_AVAIL_SUPPLY_QTY,2,1048,0.08218536841530699,0.007770053719239175,0.19407613164888127,2.36376752235935e-10,0.16127783794648431,2.7962232452033924e-10,0.08794128003722079,1.8487274792973604e-05,0.215400110675266,0.006754434781559904,0.005804869231637921,0.007770053719238854,0.08218536841530699,0.19407613164888127,0.16127783794648431
