feature,lag,n_pairs,pearson_r,pearson_p,spearman_rho,spearman_p,kendall_tau,kendall_p,mutual_info,ols_slope,ols_intercept,ols_r2,ols_adj_r2,ols_slope_p,abs_pearson,abs_spearman,abs_kendall
MLALE FP Equity_DX_ACTIVE_AVAIL_SUPPLY_QTY,2,743,-0.1323270875732879,0.00029824600985479884,-0.2074247462411628,1.1522310667191718e-08,-0.1807373279397846,1.602770447362511e-08,0.033300489444069825,-4.946200445866044e-06,1.0395441988950422,0.01751045810562868,0.016184561287957533,0.0002982460098547829,0.1323270875732879,0.2074247462411628,0.1807373279397846
MLALE FP Equity_DX_ACTIVE_AVAILABILITY_VALUE,2,743,-0.1323270875732879,0.00029824600985479884,-0.2074247462411628,1.1522310667191718e-08,-0.1807373279397846,1.602770447362511e-08,0.033300489444069825,-0.004946200445866048,1.0395441988950422,0.01751045810562868,0.016184561287957533,0.000298246009854782,0.1323270875732879,0.2074247462411628,0.1807373279397846
MLALE FP Equity_DX_ACTIVE_AVAIL_SUPPLY_MV,2,743,-0.13232385092219529,0.00029834882117104266,-0.20731766042436553,1.1727865911871932e-08,-0.1801453753141151,1.6843673013959775e-08,0.02774076001853487,-1.7924059283931033,1.0395429196118622,0.017509601522878726,0.016183703549225492,0.0002983488211710371,0.13232385092219529,0.20731766042436553,0.1801453753141151
