feature,lag,n_pairs,pearson_r,pearson_p,spearman_rho,spearman_p,kendall_tau,kendall_p,mutual_info,ols_slope,ols_intercept,ols_r2,ols_adj_r2,ols_slope_p,abs_pearson,abs_spearman,abs_kendall
MLCMG FP Equity_DX_ACTIVE_AVAIL_SUPPLY_MV,2,1069,0.11459635087285736,0.00017349052831714637,0.04036248186222936,0.18728026759705257,0.09478753564413231,2.704768509000826e-05,1.2436102669503222,6.588055540911013,2.0187042411590563,0.013132323633375131,0.012207424217848706,0.00017349052831716768,0.11459635087285736,0.04036248186222936,0.09478753564413231
MLCMG FP Equity_DX_ACTIVE_AVAILABILITY_VALUE,2,1069,0.10717265627560277,0.0004479635079468897,0.05724931072054909,0.06132520333177222,0.15341787714267763,3.6128423266993342e-12,1.7006497784516759,6.0605154175867475e-06,2.021183331706494,0.01148597825316966,0.010559535871026315,0.0004479635079469107,0.10717265627560277,0.05724931072054909,0.15341787714267763
MLCMG FP Equity_DX_ACTIVE_AVAIL_SUPPLY_QTY,2,1069,-0.07681378866135523,0.011996595996894288,0.04078827915804905,0.18266632971985455,0.03510471127042206,0.16536091802552,0.4804425438596063,-2.1416377613801972e-05,2.4173661027320694,0.005900358128511862,0.00496868086340263,0.011996595996894698,0.07681378866135523,0.04078827915804905,0.03510471127042206
