feature,lag,n_pairs,pearson_r,pearson_p,spearman_rho,spearman_p,kendall_tau,kendall_p,mutual_info,ols_slope,ols_intercept,ols_r2,ols_adj_r2,ols_slope_p,abs_pearson,abs_spearman,abs_kendall
MLCMB FP Equity_DX_ACTIVE_AVAIL_SUPPLY_QTY,2,4385,-0.6177588970547341,0.0,-0.7445326499417495,0.0,-0.5865036501846262,0.0,0.6369701385427873,-0.2155084803323535,108.5717278354149,0.3816260548902807,0.3814849702575839,0.0,0.6177588970547341,0.7445326499417495,0.5865036501846262
MLCMB FP Equity_DX_ACTIVE_AVAIL_SUPPLY_MV,2,4385,-0.5917704943369717,0.0,-0.7874607866087723,0.0,-0.6166486190219514,0.0,0.7115626716387773,-2822.599693117221,106.8085957486304,0.350192317967823,0.35004406159501167,0.0,0.5917704943369717,0.7874607866087723,0.6166486190219514
MLCMB FP Equity_DX_ACTIVE_AVAILABILITY_VALUE,2,4385,0.00416599207733012,0.7827080121838683,-0.724197541940885,0.0,-0.5259380248905566,0.0,0.7230604920042452,7.719483795990051e-08,86.58673338521157,1.7355489987713746e-05,-0.0002107947825449319,0.7827080121838473,0.00416599207733012,0.724197541940885,0.5259380248905566
