feature,lag,n_pairs,pearson_r,pearson_p,spearman_rho,spearman_p,kendall_tau,kendall_p,mutual_info,ols_slope,ols_intercept,ols_r2,ols_adj_r2,ols_slope_p,abs_pearson,abs_spearman,abs_kendall
MLCOT FP Equity_DX_ACTIVE_AVAILABILITY_VALUE,2,2275,0.32785971683266646,3.775797485097305e-58,-0.05966374278533043,0.004416785105001739,-0.0026190607339774325,0.8620074030889503,1.292203107497338,6.95995507008276e-08,0.13038487371216012,0.10749199392159647,0.10709933751769041,3.775797485097139e-58,0.32785971683266646,0.05966374278533043,0.0026190607339774325
MLCOT FP Equity_DX_ACTIVE_AVAIL_SUPPLY_MV,2,2275,0.3072167142611094,6.343368502937465e-51,-0.1969835907923763,2.4609046163406244e-21,-0.10372633700108894,6.2871972267494936e-12,1.1855319263877941,0.06020610239469673,0.12213864418112046,0.09438210952139214,0.09398368546046887,6.343368502935846e-51,0.3072167142611094,0.1969835907923763,0.10372633700108894
MLCOT FP Equity_DX_ACTIVE_AVAIL_SUPPLY_QTY,2,2275,-0.16611250750163828,1.5341181059290248e-15,-0.005485542841199328,0.7937054933295986,0.0397464423795716,0.009872344670754143,1.2763183267219236,-5.286939840812546e-08,0.6053139578300029,0.027593365148481874,0.027165557566057097,1.5341181059288653e-15,0.16611250750163828,0.005485542841199328,0.0397464423795716
