feature,lag,n_pairs,pearson_r,pearson_p,spearman_rho,spearman_p,kendall_tau,kendall_p,mutual_info,ols_slope,ols_intercept,ols_r2,ols_adj_r2,ols_slope_p,abs_pearson,abs_spearman,abs_kendall
MLCVG FP Equity_DX_ACTIVE_AVAIL_SUPPLY_QTY,2,852,-0.4381495026004679,2.8112730156972823e-41,-0.2973635389756633,7.421089388885811e-19,-0.24501202787813514,2.200628206286667e-18,0.39405401424379694,-770.5184697270836,5732.6786041531495,0.19197498662903678,0.19102436896624742,2.8112730156964386e-41,0.4381495026004679,0.2973635389756633,0.24501202787813514
MLCVG FP Equity_DX_ACTIVE_AVAIL_SUPPLY_MV,2,852,-0.4166932865083315,4.10523350867656e-37,-0.2973635389756633,7.421089388885811e-19,-0.24501202787813514,2.200628206286667e-18,0.3934820331991,-118907.02828202953,5735.391289583709,0.17363329502111424,0.1726610988976096,4.105233508679121e-37,0.4166932865083315,0.2973635389756633,0.24501202787813514
MLCVG FP Equity_DX_ACTIVE_AVAILABILITY_VALUE,2,852,0.07845093415494389,0.02201692342574137,-0.0406591524924589,0.23580026507702423,-0.0318329562666238,0.258387772058843,0.22129906634532182,0.04151428262189337,5354.336341150678,0.0061545490697840766,0.00498531912751321,0.02201692342574267,0.07845093415494389,0.0406591524924589,0.0318329562666238
