feature,lag,n_pairs,pearson_r,pearson_p,spearman_rho,spearman_p,kendall_tau,kendall_p,mutual_info,ols_slope,ols_intercept,ols_r2,ols_adj_r2,ols_slope_p,abs_pearson,abs_spearman,abs_kendall
MLDYX FP Equity_DX_ACTIVE_AVAIL_SUPPLY_QTY,2,1644,-0.23726825438182825,1.7977546239681528e-22,-0.8353591119928813,0.0,-0.7451934195431613,3.9234533267950515e-255,0.6741474086926011,-1.580663906626854e-05,2.6020359560307913,0.056296224537400685,0.0557214962941226,1.797754623968883e-22,0.23726825438182825,0.8353591119928813,0.7451934195431613
MLDYX FP Equity_DX_ACTIVE_AVAIL_SUPPLY_MV,2,1644,-0.10098224433611483,4.098991530942067e-05,-0.843698487413599,0.0,-0.7341092070137062,2.565649119610291e-258,0.6602128960947846,-0.28903383227728074,1.754778653382787,0.01019741367115834,0.009594610634417244,4.098991530942666e-05,0.10098224433611483,0.843698487413599,0.7341092070137062
MLDYX FP Equity_DX_ACTIVE_AVAILABILITY_VALUE,2,1644,0.042375977184089295,0.08586001962435749,-0.06718279199550856,0.006429782796928512,-0.06461365676396845,0.005517640325396866,0.12423997292715594,2.4652441076457516e-07,1.3943177666167021,0.0017957234423052748,0.0011878036636464584,0.08586001962436152,0.042375977184089295,0.06718279199550856,0.06461365676396845
