feature,lag,n_pairs,pearson_r,pearson_p,spearman_rho,spearman_p,kendall_tau,kendall_p,mutual_info,ols_slope,ols_intercept,ols_r2,ols_adj_r2,ols_slope_p,abs_pearson,abs_spearman,abs_kendall
MLEAS FP Equity_DX_ACTIVE_AVAIL_SUPPLY_QTY,2,1089,-0.0584087786738139,0.0539894383421341,-0.2205547810667273,1.8284507338408206e-13,-0.19936523692667338,1.168715958645313e-16,0.5524743545564248,-0.00027580528379266044,1.2821696748699722,0.003411585426167041,0.0024947607577457953,0.0539894383421319,0.0584087786738139,0.2205547810667273,0.19936523692667338
MLEAS FP Equity_DX_ACTIVE_AVAILABILITY_VALUE,2,1089,0.05031327467652465,0.09701863992749227,-0.1283296899758631,2.1608218530931625e-05,-0.11944791073576845,4.4270367106856117e-07,0.8373189342809368,0.00018456341404162935,1.2307771041785827,0.002531425608675142,0.0016137912256103393,0.09701863992746308,0.05031327467652465,0.1283296899758631,0.11944791073576845
