feature,lag,n_pairs,pearson_r,pearson_p,spearman_rho,spearman_p,kendall_tau,kendall_p,mutual_info,ols_slope,ols_intercept,ols_r2,ols_adj_r2,ols_slope_p,abs_pearson,abs_spearman,abs_kendall
MLEDU FP Equity_DX_ACTIVE_AVAIL_SUPPLY_QTY,2,1314,-0.30922225546663334,1.645408451967264e-30,-0.39286939672017,9.663704277600196e-50,-0.2890197451102035,1.3716435642539142e-40,0.9365403354801285,-8.65505164480831e-05,3.9649930066761856,0.09561840327587079,0.0949290880344652,1.6454084519678275e-30,0.30922225546663334,0.39286939672017,0.2890197451102035
MLEDU FP Equity_DX_ACTIVE_AVAILABILITY_VALUE,2,1314,0.3038109603789134,1.8489371082940352e-29,0.0753628220230511,0.006273654834704974,0.13404784328133995,3.077721734289884e-10,1.2955933443312824,0.00015015064102407526,2.7071365651429953,0.09230109964635647,0.0916092559723064,1.8489371082928304e-29,0.3038109603789134,0.0753628220230511,0.13404784328133995
MLEDU FP Equity_DX_ACTIVE_AVAIL_SUPPLY_MV,2,1314,-0.197916401416867,4.513575510764172e-13,-0.11084562018677509,5.657759455291566e-05,-0.094659676258126,5.753071743539802e-05,0.1318191952609511,-182.79094430937636,3.575539615096212,0.03917090194980177,0.0384385626982392,4.5135755107651327e-13,0.197916401416867,0.11084562018677509,0.094659676258126
