feature,lag,n_pairs,pearson_r,pearson_p,spearman_rho,spearman_p,kendall_tau,kendall_p,mutual_info,ols_slope,ols_intercept,ols_r2,ols_adj_r2,ols_slope_p,abs_pearson,abs_spearman,abs_kendall
MLEDR FP Equity_DX_ACTIVE_AVAIL_SUPPLY_QTY,2,2661,-0.34978678525563317,1.948924258063355e-77,-0.778569741226238,0.0,-0.6302540972471231,0.0,0.7141120480236767,-1.0205320613155795,118.15488318215961,0.12235079513947011,0.12202072774388506,1.948924258063788e-77,0.34978678525563317,0.778569741226238,0.6302540972471231
MLEDR FP Equity_DX_ACTIVE_AVAILABILITY_VALUE,2,2661,-0.3240378641738118,4.226130116543569e-66,-0.7591923241334385,0.0,-0.5542688625109297,0.0,1.1508373689794569,-0.011937921718042602,117.65255593428746,0.10500053741832616,0.10466394491641495,4.226130116537699e-66,0.3240378641738118,0.7591923241334385,0.5542688625109297
