feature,lag,n_pairs,pearson_r,pearson_p,spearman_rho,spearman_p,kendall_tau,kendall_p,mutual_info,ols_slope,ols_intercept,ols_r2,ols_adj_r2,ols_slope_p,abs_pearson,abs_spearman,abs_kendall
MLFIR FP Equity_DX_ACTIVE_AVAIL_SUPPLY_QTY,2,991,-0.4626748090224556,1.0121299548695103e-53,-0.40670959861824196,9.131785805256101e-41,-0.3520405515325257,1.7240896982402728e-37,0.19968507150176817,-4.683696493341247e-05,27.230851256429553,0.21406797890396634,0.21327330547515344,1.0121299548717741e-53,0.4626748090224556,0.40670959861824196,0.3520405515325257
MLFIR FP Equity_DX_ACTIVE_AVAIL_SUPPLY_MV,2,991,-0.45575119014657517,5.5246381822188814e-52,-0.406697133491931,9.18708866766154e-41,-0.3503230021921394,1.5700441428784103e-37,0.2010740404757958,-8.680554090734704,27.185746043061826,0.20770914732002066,0.20690804433449994,5.52463818221909e-52,0.45575119014657517,0.406697133491931,0.3503230021921394
MLFIR FP Equity_DX_ACTIVE_AVAILABILITY_VALUE,2,991,-0.3418025339038173,1.535907795706755e-28,-0.30782769626515916,3.4040968532918044e-23,-0.2654354255464211,3.506714396241994e-22,0.10686598876909281,-8.114989205736208e-06,26.51962326311702,0.11682897218307076,0.11593597822167856,1.535907795708689e-28,0.3418025339038173,0.30782769626515916,0.2654354255464211
