feature,lag,n_pairs,pearson_r,pearson_p,spearman_rho,spearman_p,kendall_tau,kendall_p,mutual_info,ols_slope,ols_intercept,ols_r2,ols_adj_r2,ols_slope_p,abs_pearson,abs_spearman,abs_kendall
MLFTI FP Equity_DX_ACTIVE_AVAIL_SUPPLY_QTY,2,2179,-0.011813457439431194,0.5815293695752296,-0.009370200640366227,0.6619972521587076,-0.007712187313517339,0.6618949995609926,0.004197398722600942,-0.0001624412049790857,0.333394168962351,0.00013955777667362668,-0.0003197258440077455,0.5815293695752268,0.011813457439431194,0.009370200640366227,0.007712187313517339
MLFTI FP Equity_DX_ACTIVE_AVAILABILITY_VALUE,2,2179,-0.011813457439431192,0.5815293695752296,-0.009370200640366227,0.6619972521587076,-0.007712187313517339,0.6618949995609926,0.004197398722600942,-0.003961980609245944,0.333394168962351,0.00013955777667362668,-0.0003197258440077455,0.5815293695752299,0.011813457439431192,0.009370200640366227,0.007712187313517339
