feature,lag,n_pairs,pearson_r,pearson_p,spearman_rho,spearman_p,kendall_tau,kendall_p,mutual_info,ols_slope,ols_intercept,ols_r2,ols_adj_r2,ols_slope_p,abs_pearson,abs_spearman,abs_kendall
MLGEQ FP Equity_DX_ACTIVE_AVAIL_SUPPLY_QTY,2,1108,-0.36247964646459635,9.723935358744056e-36,-0.4790824050733862,1.1948158368053486e-64,-0.3775557897880601,2.2929498808110388e-60,0.48799019196224647,-5.9102208995540517e-05,0.09391024299505427,0.13139149410109918,0.13060613378835162,9.72393535873937e-36,0.36247964646459635,0.4790824050733862,0.3775557897880601
MLGEQ FP Equity_DX_ACTIVE_AVAILABILITY_VALUE,2,1108,-0.3143829027108469,7.679977771594463e-27,-0.4029725339339406,1.6433668893311277e-44,-0.275532118156677,1.1001223626238827e-34,0.8043505675395068,-0.0027793951309280232,0.08839618272060835,0.09883660951689732,0.09802181440796154,7.679977771597326e-27,0.3143829027108469,0.4029725339339406,0.275532118156677
