feature,lag,n_pairs,pearson_r,pearson_p,spearman_rho,spearman_p,kendall_tau,kendall_p,mutual_info,ols_slope,ols_intercept,ols_r2,ols_adj_r2,ols_slope_p,abs_pearson,abs_spearman,abs_kendall
MLGRC FP Equity_DX_ACTIVE_AVAILABILITY_VALUE,2,2638,0.26672542065331206,3.312626495496577e-44,0.17170725188936062,6.626759534458935e-19,0.14901475294829858,6.59630842152989e-21,0.6689099885271168,0.000444794004805279,6.896894420945439,0.07114245002268482,0.07079007614181332,3.312626495490873e-44,0.26672542065331206,0.17170725188936062,0.14901475294829858
MLGRC FP Equity_DX_ACTIVE_AVAIL_SUPPLY_QTY,2,2638,-0.2330059940992605,7.398968605075805e-34,-0.14872131714649206,1.620252368259597e-14,-0.13918170867641916,2.8626922277581736e-18,0.9090467382619174,-0.010563672530775553,12.610055621099486,0.05429179328618394,0.053933026895169656,7.398968605076813e-34,0.2330059940992605,0.14872131714649206,0.13918170867641916
MLGRC FP Equity_DX_ACTIVE_AVAIL_SUPPLY_MV,2,2638,-0.02672051321834489,0.17006368987451878,-0.08621438299449014,9.239065258379029e-06,-0.08307268497046007,7.778891080300093e-07,0.36551524538136926,-41.83361129315,9.282369949077497,0.0007139858266510535,0.00033489401550790276,0.17006368987446277,0.02672051321834489,0.08621438299449014,0.08307268497046007
