feature,lag,n_pairs,pearson_r,pearson_p,spearman_rho,spearman_p,kendall_tau,kendall_p,mutual_info,ols_slope,ols_intercept,ols_r2,ols_adj_r2,ols_slope_p,abs_pearson,abs_spearman,abs_kendall
MLIML FP Equity_DX_ACTIVE_AVAILABILITY_VALUE,2,1926,-0.01161384859278367,0.6104899861367779,-0.002152362253180516,0.9247931461171035,-0.0017656945291217674,0.924764002790932,0.011557516230225495,-0.0035487486157253613,0.7877885714285725,0.00013488147913631732,-0.0003847989358953807,0.6104899861367756,0.01161384859278367,0.002152362253180516,0.0017656945291217674
MLIML FP Equity_DX_ACTIVE_AVAIL_SUPPLY_QTY,2,1926,-0.011613848592783669,0.6104899861367779,-0.002152362253180516,0.9247931461171035,-0.0017656945291217674,0.924764002790932,0.011557516230225495,-0.0015259619047618856,0.7877885714285723,0.00013488147913631732,-0.0003847989358953807,0.6104899861367807,0.011613848592783669,0.002152362253180516,0.0017656945291217674
