feature,lag,n_pairs,pearson_r,pearson_p,spearman_rho,spearman_p,kendall_tau,kendall_p,mutual_info,ols_slope,ols_intercept,ols_r2,ols_adj_r2,ols_slope_p,abs_pearson,abs_spearman,abs_kendall
MLIRF FP Equity_DX_ACTIVE_AVAIL_SUPPLY_QTY,2,931,-0.49391507487825204,2.0364980576381567e-58,-0.5094983473741432,1.2011986193235642e-62,-0.41973562559298555,8.896630471610704e-54,0.43230091092567013,-9.357162568769224e-05,1.356091026889537,0.24395210119198962,0.2431382713762652,2.0364980576384705e-58,0.49391507487825204,0.5094983473741432,0.41973562559298555
MLIRF FP Equity_DX_ACTIVE_AVAIL_SUPPLY_MV,2,931,-0.41542781695559,3.808717808993182e-40,-0.3967436187510154,1.847959013060986e-36,-0.3363944411860934,1.1699412938249672e-33,0.22716903657482668,-52.149799219255364,1.331479343826139,0.1725802711004878,0.17168961477228595,3.808717808990945e-40,0.41542781695559,0.3967436187510154,0.3363944411860934
MLIRF FP Equity_DX_ACTIVE_AVAILABILITY_VALUE,2,931,-0.2969469732279005,2.083410681912825e-20,-0.3512225514801551,2.0421633811767733e-28,-0.2921985239333734,1.2634951328607166e-26,0.23841039379502815,-3.97708433330285e-05,1.306709288439285,0.08817750490921128,0.08719599522665933,2.083410681912223e-20,0.2969469732279005,0.3512225514801551,0.2921985239333734
