feature,lag,n_pairs,pearson_r,pearson_p,spearman_rho,spearman_p,kendall_tau,kendall_p,mutual_info,ols_slope,ols_intercept,ols_r2,ols_adj_r2,ols_slope_p,abs_pearson,abs_spearman,abs_kendall
MLMAD FP Equity_DX_ACTIVE_AVAILABILITY_VALUE,2,2056,0.16568912168525865,4.011851281598318e-14,0.3096704287314788,6.15342007965727e-47,0.23750166995462357,8.210926252305116e-43,0.5835516005246566,8.28552103697201e-05,6.660581839225093,0.02745288504483212,0.02697939569967367,4.011851281600435e-14,0.16568912168525865,0.3096704287314788,0.23750166995462357
MLMAD FP Equity_DX_ACTIVE_AVAIL_SUPPLY_QTY,2,2056,0.14055540594107746,1.5421354748427616e-10,0.30890018749516307,1.0596712728289208e-46,0.2345228916204375,1.992966547201946e-41,0.5599757243977683,0.00054486171323366,6.695033215852362,0.019755822139261636,0.01927858544117933,1.5421354748410186e-10,0.14055540594107746,0.30890018749516307,0.2345228916204375
MLMAD FP Equity_DX_ACTIVE_AVAIL_SUPPLY_MV,2,2056,0.11296074568753711,2.816591735244139e-07,0.06040027762624051,0.0061518892441869266,0.047514340429024894,0.007719770405300683,0.19205207032289207,53.456050886690974,6.7329612197483195,0.012760130066283848,0.012279487481116402,2.816591735246557e-07,0.11296074568753711,0.06040027762624051,0.047514340429024894
