feature,lag,n_pairs,pearson_r,pearson_p,spearman_rho,spearman_p,kendall_tau,kendall_p,mutual_info,ols_slope,ols_intercept,ols_r2,ols_adj_r2,ols_slope_p,abs_pearson,abs_spearman,abs_kendall
MLMCA FP Equity_DX_ACTIVE_AVAIL_SUPPLY_QTY,2,379,-0.08702823337181802,0.09067003757262379,-0.08392718769447201,0.10281221356055532,-0.06979092989536502,0.10384938631684962,0.06078482189862533,-0.000512125279508296,6.14940139186168,0.007573913403820187,0.004941483465899399,0.09067003757262784,0.08702823337181802,0.08392718769447201,0.06979092989536502
MLMCA FP Equity_DX_ACTIVE_AVAILABILITY_VALUE,2,379,-0.08469074774927865,0.09970908631414778,-0.0841301315519477,0.10198007447933859,-0.07005156899227098,0.1018163135067229,0.05398253698279554,-9.211834239579188e-05,6.149588581491869,0.007172522754332222,0.004539028119728394,0.09970908631414482,0.08469074774927865,0.0841301315519477,0.07005156899227098
MLMCA FP Equity_DX_ACTIVE_AVAIL_SUPPLY_MV,2,379,-0.05939881308661012,0.24867626793688835,-0.05478242162309837,0.28743013932848227,-0.04611524718926591,0.28683429547283845,0.030810730784446738,-42.7338695263622,6.144005361930292,0.0035282189960983423,0.0008850577732764098,0.24867626793689313,0.05939881308661012,0.05478242162309837,0.04611524718926591
