feature,lag,n_pairs,pearson_r,pearson_p,spearman_rho,spearman_p,kendall_tau,kendall_p,mutual_info,ols_slope,ols_intercept,ols_r2,ols_adj_r2,ols_slope_p,abs_pearson,abs_spearman,abs_kendall
MLMFI FP Equity_DX_ACTIVE_AVAIL_SUPPLY_QTY,2,1162,-0.3860763015268016,1.3296192365820488e-42,-0.3760849102656769,2.393924362536104e-40,-0.32719016503085957,1.3599401618210461e-37,0.5197032383381526,-0.0013390396738920366,14.424717241379245,0.14905491060061338,0.14832133724768293,1.3296192365856574e-42,0.3860763015268016,0.3760849102656769,0.32719016503085957
MLMFI FP Equity_DX_ACTIVE_AVAILABILITY_VALUE,2,1162,-0.3778370868097922,9.75553191925738e-41,-0.34709586719691565,3.0922558330492434e-34,-0.27758874046581117,1.6440003976225394e-28,0.6670548983524025,-0.00010717743373151005,14.402446384347035,0.1427608641689102,0.14202186491388347,9.755531919223777e-41,0.3778370868097922,0.34709586719691565,0.27758874046581117
MLMFI FP Equity_DX_ACTIVE_AVAIL_SUPPLY_MV,2,1162,-0.3657402373744611,4.290532039650607e-38,-0.35460873377419316,9.262780912776728e-36,-0.2946969892568234,1.655086253453017e-31,0.6034091029837549,-113.92661893305082,14.364300030253732,0.13376592123472708,0.13301916771855016,4.290532039661252e-38,0.3657402373744611,0.35460873377419316,0.2946969892568234
