feature,lag,n_pairs,pearson_r,pearson_p,spearman_rho,spearman_p,kendall_tau,kendall_p,mutual_info,ols_slope,ols_intercept,ols_r2,ols_adj_r2,ols_slope_p,abs_pearson,abs_spearman,abs_kendall
MLMGL FP Equity_DX_ACTIVE_AVAIL_SUPPLY_QTY,2,1677,-0.08315975532152683,0.0006523555133992342,-0.07795070041466208,0.0013999780177524086,-0.06400002344554787,0.0014167233473048018,0.019595848020899087,-0.0159006977671451,12.140418660287096,0.00691554490513524,0.006322658663287628,0.0006523555133992355,0.08315975532152683,0.07795070041466208,0.06400002344554787
MLMGL FP Equity_DX_ACTIVE_AVAILABILITY_VALUE,2,1677,-0.08315975532152683,0.0006523555133992342,-0.07795070041466208,0.0013999780177524086,-0.06400002344554787,0.0014167233473048018,0.019595848020899087,-0.006115652987363496,12.140418660287096,0.00691554490513524,0.006322658663287628,0.0006523555133992609,0.08315975532152683,0.07795070041466208,0.06400002344554787
