feature,lag,n_pairs,pearson_r,pearson_p,spearman_rho,spearman_p,kendall_tau,kendall_p,mutual_info,ols_slope,ols_intercept,ols_r2,ols_adj_r2,ols_slope_p,abs_pearson,abs_spearman,abs_kendall
MLMIB FP Equity_DX_ACTIVE_AVAILABILITY_VALUE,2,1051,0.2078568604383975,1.0106656456530462e-11,-0.3196304529969088,2.163571048637337e-26,-0.23977138735721887,2.9364270497104394e-25,0.9202015701561104,9.19438416330551e-05,0.6007143756991467,0.04320447443130715,0.04229237192838187,1.0106656456531609e-11,0.2078568604383975,0.3196304529969088,0.23977138735721887
MLMIB FP Equity_DX_ACTIVE_AVAIL_SUPPLY_MV,2,1051,0.19985662424024253,6.254233905955721e-11,-0.03900400899979437,0.20642674967407315,-0.03302138394690483,0.20627513221642169,0.2261148463487639,84.742575818797,0.606337682672234,0.03994267025270426,0.03902745830823595,6.254233905959461e-11,0.19985662424024253,0.03900400899979437,0.03302138394690483
MLMIB FP Equity_DX_ACTIVE_AVAIL_SUPPLY_QTY,2,1051,0.06529240593919952,0.03430546755893056,-0.425767345825668,1.5869011407198626e-47,-0.35735538001479555,2.7926643389384344e-52,0.5905127741748384,7.596229981016327e-05,0.6423205525035625,0.004263098273328936,0.003313873390844102,0.03430546755893259,0.06529240593919952,0.425767345825668,0.35735538001479555
