feature,lag,n_pairs,pearson_r,pearson_p,spearman_rho,spearman_p,kendall_tau,kendall_p,mutual_info,ols_slope,ols_intercept,ols_r2,ols_adj_r2,ols_slope_p,abs_pearson,abs_spearman,abs_kendall
MLMTP FP Equity_DX_ACTIVE_AVAIL_SUPPLY_QTY,2,571,-0.018168892677896113,0.664839637997388,-0.023492864787349178,0.5753270691755752,-0.019966763092576754,0.5748763049222025,0.0,-7.726408125578812e-05,9.646801754385974,0.0003301086611412485,-0.0014267804273278006,0.6648396379973162,0.018168892677896113,0.023492864787349178,0.019966763092576754
MLMTP FP Equity_DX_ACTIVE_AVAILABILITY_VALUE,2,571,-0.018168892677896113,0.664839637997388,-0.023492864787349178,0.5753270691755752,-0.019966763092576754,0.5748763049222025,0.0,-8.133061184816951e-06,9.646801754385976,0.0003301086611408044,-0.0014267804273282447,0.6648396379974266,0.018168892677896113,0.023492864787349178,0.019966763092576754
MLMTP FP Equity_DX_ACTIVE_AVAIL_SUPPLY_MV,2,571,-0.018168892677896113,0.664839637997388,-0.023492864787349178,0.5753270691755752,-0.019966763092576754,0.5748763049222025,0.0,-7.340087719298659,9.646801754385974,0.0003301086611412485,-0.0014267804273278006,0.6648396379973684,0.018168892677896113,0.023492864787349178,0.019966763092576754
