feature,lag,n_pairs,pearson_r,pearson_p,spearman_rho,spearman_p,kendall_tau,kendall_p,mutual_info,ols_slope,ols_intercept,ols_r2,ols_adj_r2,ols_slope_p,abs_pearson,abs_spearman,abs_kendall
MLNMA FP Equity_DX_ACTIVE_AVAIL_SUPPLY_QTY,2,3191,-0.18304780051856487,1.9203541771235198e-25,-0.348114765003639,1.4215150147087942e-91,-0.2851145196583624,4.415691086304956e-86,0.15308752105432344,-0.007328880547181559,1.0925623205466408,0.03350649727468469,0.03320342624843031,1.9203541771214042e-25,0.18304780051856487,0.348114765003639,0.2851145196583624
MLNMA FP Equity_DX_ACTIVE_AVAILABILITY_VALUE,2,3191,-0.18002521452165818,1.1921322457074315e-24,-0.34703636881460614,5.553185048120127e-91,-0.27601145643865854,1.418026364132804e-82,0.20099333558107713,-0.06736938194808521,1.0920051327460922,0.032409077863568836,0.03210566271081361,1.1921322457080517e-24,0.18002521452165818,0.34703636881460614,0.27601145643865854
