feature,lag,n_pairs,pearson_r,pearson_p,spearman_rho,spearman_p,kendall_tau,kendall_p,mutual_info,ols_slope,ols_intercept,ols_r2,ols_adj_r2,ols_slope_p,abs_pearson,abs_spearman,abs_kendall
MLODT FP Equity_DX_ACTIVE_AVAIL_SUPPLY_MV,2,1631,0.47414718637832365,3.463374504351844e-92,-0.10479895519281873,2.2271433131515585e-05,-0.08432491093803055,2.7601495300647917e-05,0.1911209020229292,57.04991580677893,2.844594175667153,0.22481555435048095,0.22433968912908764,3.463374504350271e-92,0.47414718637832365,0.10479895519281873,0.08432491093803055
MLODT FP Equity_DX_ACTIVE_AVAILABILITY_VALUE,2,1631,0.4671302760905034,3.524577445359033e-89,-0.6124854044568265,1.4939159760696006e-168,-0.4435245901604235,7.184291511980177e-127,1.3025910080875107,5.643502732432752e-05,2.8245694892905377,0.21821069484039024,0.21773077507049476,3.524577445359416e-89,0.4671302760905034,0.6124854044568265,0.4435245901604235
MLODT FP Equity_DX_ACTIVE_AVAIL_SUPPLY_QTY,2,1631,-0.06197695889798133,0.01229831081050233,-0.6472928501432058,2.5893380857015567e-194,-0.5055290068804539,7.992529495925534e-157,1.0094041852474027,-3.778045942238894e-06,3.5900604191036933,0.0038411434342427997,0.0032296278685178814,0.012298310810502314,0.06197695889798133,0.6472928501432058,0.5055290068804539
