feature,lag,n_pairs,pearson_r,pearson_p,spearman_rho,spearman_p,kendall_tau,kendall_p,mutual_info,ols_slope,ols_intercept,ols_r2,ols_adj_r2,ols_slope_p,abs_pearson,abs_spearman,abs_kendall
MLONL FP Equity_DX_ACTIVE_AVAILABILITY_VALUE,2,935,0.006767844444984669,0.8362667132732654,0.03609432665581537,0.27021530800603505,0.029996625457768003,0.2620313792607728,0.0039054185903479866,8.7718603917085e-06,2.326762393249295,4.5803718431658424e-05,-0.001025958549823125,0.8362667132732685,0.006767844444984669,0.03609432665581537,0.029996625457768003
MLONL FP Equity_DX_ACTIVE_AVAIL_SUPPLY_QTY,2,935,0.005704727348472122,0.8617036431604084,0.03555265395395163,0.27747459722019224,0.029390121063047333,0.27256551109411786,0.008522607657057923,1.820429857644344e-05,2.3268737911068205,3.2543914120775064e-05,-0.0010392325661428004,0.8617036431604113,0.005704727348472122,0.03555265395395163,0.029390121063047333
MLONL FP Equity_DX_ACTIVE_AVAIL_SUPPLY_MV,2,935,0.0022952628484163235,0.9441218473349917,-0.0032134066021196938,0.9218309577839466,-0.002645733121594171,0.9217685211298711,0.0,3.636349036402043,2.3272730192719524,5.2682315432317495e-06,-0.0010665374831069219,0.9441218473349988,0.0022952628484163235,0.0032134066021196938,0.002645733121594171
