feature,lag,n_pairs,pearson_r,pearson_p,spearman_rho,spearman_p,kendall_tau,kendall_p,mutual_info,ols_slope,ols_intercept,ols_r2,ols_adj_r2,ols_slope_p,abs_pearson,abs_spearman,abs_kendall
MLPHO FP Equity_DX_ACTIVE_AVAIL_SUPPLY_MV,2,1380,-0.2928785352266953,1.063922775072563e-28,-0.7907791503021289,4.750833515924708e-296,-0.6139514388700742,5.968419932486115e-192,0.817488576536705,-13.083302672331929,2.1472398018888272,0.08577783639653458,0.08511439505865104,1.0639227750725915e-28,0.2928785352266953,0.7907791503021289,0.6139514388700742
MLPHO FP Equity_DX_ACTIVE_AVAIL_SUPPLY_QTY,2,1380,-0.29252680797336894,1.2439669371850597e-28,-0.7943056116838809,1.5029999245291656e-300,-0.6232710621695513,3.641123558167972e-197,0.7516472259036788,-1.6095252706098398e-06,2.145862827354302,0.08557193338308855,0.08490834262356961,1.2439669371845987e-28,0.29252680797336894,0.7943056116838809,0.6232710621695513
MLPHO FP Equity_DX_ACTIVE_AVAILABILITY_VALUE,2,1380,-0.29051057100604183,3.0352146513930644e-28,-0.7859554171982548,4.9308160353032536e-290,-0.5878122355327923,4.667597189848917e-182,0.9202872001187314,-1.3015995804900275e-05,2.140269080670122,0.08439639186625658,0.08373194802871387,3.035214651393686e-28,0.29051057100604183,0.7859554171982548,0.5878122355327923
