feature,lag,n_pairs,pearson_r,pearson_p,spearman_rho,spearman_p,kendall_tau,kendall_p,mutual_info,ols_slope,ols_intercept,ols_r2,ols_adj_r2,ols_slope_p,abs_pearson,abs_spearman,abs_kendall
MLSEQ FP Equity_DX_ACTIVE_AVAIL_SUPPLY_MV,2,2863,0.7965789731545118,0.0,0.6934141062994689,0.0,0.5949066910610569,0.0,1.1541366109667588,0.0963500223221844,0.14343263356025646,0.6345380604718971,0.6344103212410239,0.0,0.7965789731545118,0.6934141062994689,0.5949066910610569
MLSEQ FP Equity_DX_ACTIVE_AVAILABILITY_VALUE,2,2863,0.7964059433196496,0.0,0.6856727328086198,0.0,0.5900463796428083,0.0,1.9237271983544377,9.631703156969166e-08,0.1438241783800736,0.6342624265548608,0.6341345909821781,0.0,0.7964059433196496,0.6856727328086198,0.5900463796428083
MLSEQ FP Equity_DX_ACTIVE_AVAIL_SUPPLY_QTY,2,2863,0.7503382247501975,0.0,0.5430102549552119,2.4902473938018205e-219,0.42159530567847303,2.8393890126746e-209,1.2958315040838135,2.2573184231454485e-07,0.10866123832967374,0.5630074515212788,0.5628547103299197,0.0,0.7503382247501975,0.5430102549552119,0.42159530567847303
