feature,lag,n_pairs,pearson_r,pearson_p,spearman_rho,spearman_p,kendall_tau,kendall_p,mutual_info,ols_slope,ols_intercept,ols_r2,ols_adj_r2,ols_slope_p,abs_pearson,abs_spearman,abs_kendall
MLSGT FP Equity_DX_ACTIVE_AVAILABILITY_VALUE,2,751,-0.07144873521322966,0.05031824249170555,-0.0945440577327726,0.00953048954050412,-0.08011635915668748,0.00964871241160205,0.0,-0.07279645152851287,142.30716547752752,0.00510492176357058,0.003776623928808953,0.05031824249170539,0.07144873521322966,0.0945440577327726,0.08011635915668748
MLSGT FP Equity_DX_ACTIVE_AVAIL_SUPPLY_QTY,2,751,-0.06729736411058593,0.06529098742204899,-0.09471567053465509,0.009400324493509712,-0.0804179101353848,0.00945288241774321,0.009669798957524733,-0.2384015536589421,142.1485966168715,0.0045289352162319885,0.003199868374064052,0.06529098742204736,0.06729736411058593,0.09471567053465509,0.0804179101353848
