feature,lag,n_pairs,pearson_r,pearson_p,spearman_rho,spearman_p,kendall_tau,kendall_p,mutual_info,ols_slope,ols_intercept,ols_r2,ols_adj_r2,ols_slope_p,abs_pearson,abs_spearman,abs_kendall
MLUMG FP Equity_DX_ACTIVE_AVAIL_SUPPLY_QTY,2,1765,-0.4597994239147191,4.863920226021201e-93,-0.5355500790923506,1.405010125533126e-131,-0.43959655639391504,4.8487209458731735e-112,0.30651794677958355,-0.3216312687636439,4.9384960937499915,0.21141551023230765,0.2109682133010724,4.863920226030385e-93,0.4597994239147191,0.5355500790923506,0.43959655639391504
MLUMG FP Equity_DX_ACTIVE_AVAILABILITY_VALUE,2,1765,-0.4503383975635392,7.137955838092771e-89,-0.5301999631985386,1.5869494682680262e-128,-0.4043742272427298,8.79203505362175e-101,0.4884314343357794,-0.17626015658795363,4.92536549900442,0.20280467232009658,0.20235249119265475,7.137955838102322e-89,0.4503383975635392,0.5301999631985386,0.4043742272427298
