feature,lag,n_pairs,pearson_r,pearson_p,spearman_rho,spearman_p,kendall_tau,kendall_p,mutual_info,ols_slope,ols_intercept,ols_r2,ols_adj_r2,ols_slope_p,abs_pearson,abs_spearman,abs_kendall
PABZ FP Equity_DX_ACTIVE_AVAILABILITY_VALUE,2,1321,0.4418731641577675,3.0049629940879706e-64,0.49842314031593926,7.025188273088878e-84,0.402921090571255,1.0388624294328245e-75,0.3315246113910524,0.003277690401669926,64.87575337314924,0.19525189320279723,0.19464177333411092,3.0049629940675946e-64,0.4418731641577675,0.49842314031593926,0.402921090571255
PABZ FP Equity_DX_ACTIVE_AVAIL_SUPPLY_QTY,2,1321,0.4341426689997841,7.684041468170678e-62,0.4966067598380264,3.4369292267828135e-83,0.40169252056482346,7.127021941739076e-74,0.28013865319414766,0.2553921683139735,64.89970775911411,0.1884798570462558,0.18786460295758722,7.684041468163102e-62,0.4341426689997841,0.4966067598380264,0.40169252056482346
PABZ FP Equity_DX_ACTIVE_AVAIL_SUPPLY_MV,2,1321,0.09036322096758091,0.001009299995104574,0.09102851467613629,0.0009255568847578618,0.07435150349382379,0.0009411537052792379,0.005917726735021112,909.1280998022073,66.02339875247222,0.008165511703635664,0.007413552273539792,0.001009299995104694,0.09036322096758091,0.09102851467613629,0.07435150349382379
