feature,lag,n_pairs,pearson_r,pearson_p,spearman_rho,spearman_p,kendall_tau,kendall_p,mutual_info,ols_slope,ols_intercept,ols_r2,ols_adj_r2,ols_slope_p,abs_pearson,abs_spearman,abs_kendall
SOLVA FP Equity_DX_ACTIVE_AVAIL_SUPPLY_QTY,2,855,0.028764241468464097,0.4008967365043303,0.031887743451288905,0.35170741339974587,0.026052770251870538,0.35140660549598934,0.0,0.0027884829560239468,8.270730679156912,0.0008273815872561485,-0.000343981388608805,0.40089673650432633,0.028764241468464097,0.031887743451288905,0.026052770251870538
SOLVA FP Equity_DX_ACTIVE_AVAILABILITY_VALUE,2,855,0.028764241468464097,0.4008967365043303,0.031887743451288905,0.35170741339974587,0.026052770251870538,0.35140660549598934,0.0,0.0002091257654135255,8.270730679156916,0.0008273815872561485,-0.000343981388608805,0.40089673650432955,0.028764241468464097,0.031887743451288905,0.026052770251870538
SOLVA FP Equity_DX_ACTIVE_AVAIL_SUPPLY_MV,2,855,0.028764241468464097,0.4008967365043303,0.031887743451288905,0.35170741339974587,0.026052770251870538,0.35140660549598934,0.0,250.96346604215543,8.270730679156905,0.0008273815872560375,-0.000343981388608805,0.4008967365043288,0.028764241468464097,0.031887743451288905,0.026052770251870538
