feature,lag,n_pairs,pearson_r,pearson_p,spearman_rho,spearman_p,kendall_tau,kendall_p,mutual_info,ols_slope,ols_intercept,ols_r2,ols_adj_r2,ols_slope_p,abs_pearson,abs_spearman,abs_kendall
SPEUS FP Equity_DX_ACTIVE_AVAIL_SUPPLY_QTY,2,559,-0.1881054362384009,7.55272817424818e-06,-0.20519431144646233,9.944004173728157e-07,-0.1676929148545247,1.252762120336587e-06,0.34566926511258833,-0.0009656113468762592,13.458513232104131,0.03538365514243935,0.033651848419176233,7.552728174247786e-06,0.1881054362384009,0.20519431144646233,0.1676929148545247
SPEUS FP Equity_DX_ACTIVE_AVAIL_SUPPLY_MV,2,559,-0.1881054362384009,7.55272817424818e-06,-0.20519431144646233,9.944004173728157e-07,-0.1676929148545247,1.252762120336587e-06,0.34566926511258833,-91.34683341449384,13.458513232104117,0.03538365514243891,0.03365184841917579,7.552728174247928e-06,0.1881054362384009,0.20519431144646233,0.1676929148545247
SPEUS FP Equity_DX_ACTIVE_AVAILABILITY_VALUE,2,559,-0.1859160439192072,9.66935793384934e-06,-0.19526423153923622,3.300432591214439e-06,-0.12116983597839304,0.00025333754644708123,0.5225675753941623,-7.389244673449583e-05,13.456571942699009,0.03456477538656866,0.032831498502163936,9.669357933852791e-06,0.1859160439192072,0.19526423153923622,0.12116983597839304
