feature,lag,n_pairs,pearson_r,pearson_p,spearman_rho,spearman_p,kendall_tau,kendall_p,mutual_info,ols_slope,ols_intercept,ols_r2,ols_adj_r2,ols_slope_p,abs_pearson,abs_spearman,abs_kendall
TELE FP Equity_DX_DSS,2,4856,-0.3753415293546628,2.6976837202701183e-162,-0.40836273384742977,1.4331073251403592e-194,-0.3255764002418277,2.6984925669152097e-175,0.1502142148834047,-4.326059314289494,33.353515788939305,0.14088126365829734,0.14070427174722577,2.6976837203162945e-162,0.3753415293546628,0.40836273384742977,0.3255764002418277
