feature,lag,n_pairs,pearson_r,pearson_p,spearman_rho,spearman_p,kendall_tau,kendall_p,mutual_info,ols_slope,ols_intercept,ols_r2,ols_adj_r2,ols_slope_p,abs_pearson,abs_spearman,abs_kendall
TNO FP Equity_DX_DSS,2,4688,-0.14149033080598483,2.156753481906883e-22,-0.17911610620003224,4.263649685777613e-35,-0.14627036282370987,1.4383270672084842e-34,0.034175168219166774,-27.016947079992818,46.94836683308003,0.020019513711586945,0.01981038428642945,2.156753481909628e-22,0.14149033080598483,0.17911610620003224,0.14627036282370987
