feature,lag,n_pairs,pearson_r,pearson_p,spearman_rho,spearman_p,kendall_tau,kendall_p,mutual_info,ols_slope,ols_intercept,ols_r2,ols_adj_r2,ols_slope_p,abs_pearson,abs_spearman,abs_kendall
USHY FP Equity_DX_DSS,2,2256,0.23834550089027104,1.6561167479351275e-30,0.18841107329855636,1.7967408780578792e-19,0.15349697181520044,4.0956747473439022e-19,0.04258943989800035,8.674269917681487,89.46334309088911,0.05680857779463411,0.0563901255221384,1.656116747935251e-30,0.23834550089027104,0.18841107329855636,0.15349697181520044
