feature,lag,n_pairs,pearson_r,pearson_p,spearman_rho,spearman_p,kendall_tau,kendall_p,mutual_info,ols_slope,ols_intercept,ols_r2,ols_adj_r2,ols_slope_p,abs_pearson,abs_spearman,abs_kendall
UTI FP Equity_DX_DSS,2,4857,-0.08253347866912888,8.397115541883027e-09,-0.07330191454605886,3.151801498957751e-07,-0.05881354384864404,3.954847842983342e-07,0.13367192798139027,-2.6794167321867066,44.44499151693721,0.006811775101227657,0.0066072049210219586,8.397115541823479e-09,0.08253347866912888,0.07330191454605886,0.05881354384864404
