feature,lag,n_pairs,pearson_r,pearson_p,spearman_rho,spearman_p,kendall_tau,kendall_p,mutual_info,ols_slope,ols_intercept,ols_r2,ols_adj_r2,ols_slope_p,abs_pearson,abs_spearman,abs_kendall
3CAC FP Equity_DX_ACTIVE_AVAIL_SUPPLY_QTY,3,521,-0.02952352004617137,0.5013196234162615,-0.05170064428589215,0.23877959752712094,-0.04189493229289661,0.23996694993070788,0.003994982380039591,-0.004868609147412039,52.8149835128339,0.0008716382359165165,-0.0010534645805846399,0.5013196234162487,0.02952352004617137,0.05170064428589215,0.04189493229289661
3CAC FP Equity_DX_ACTIVE_AVAILABILITY_VALUE,3,521,-0.019995829744134698,0.6488484128962836,-0.05103002116914613,0.24493424447044787,-0.04136402372456129,0.24492823009242792,0.0,-6.283374400311507e-05,52.80470372361378,0.00039983320715653026,-0.001526178674910561,0.6488484128963183,0.019995829744134698,0.05103002116914613,0.04136402372456129
3CAC FP Equity_DX_ACTIVE_AVAIL_SUPPLY_MV,3,521,-0.002251740163700962,0.9591075520635173,-0.0005600454191287407,0.9898251959337748,-0.0002894388795011191,0.993538998547892,0.01479543518648363,-6.0671310956328,52.78635845471816,5.070333765067048e-06,-0.0019217021704087678,0.9591075520635004,0.002251740163700962,0.0005600454191287407,0.0002894388795011191
