feature,lag,n_pairs,pearson_r,pearson_p,spearman_rho,spearman_p,kendall_tau,kendall_p,mutual_info,ols_slope,ols_intercept,ols_r2,ols_adj_r2,ols_slope_p,abs_pearson,abs_spearman,abs_kendall
3CAS FP Equity_DX_ACTIVE_AVAILABILITY_VALUE,3,525,-0.10314782584935403,0.018074467709204834,-0.1099545469254526,0.011701582658052953,-0.08965463327492548,0.011601132930515701,0.01930172970302957,-0.00027645687350145147,41.48839196434134,0.010639473977448688,0.008747771250828151,0.018074467709204,0.10314782584935403,0.1099545469254526,0.08965463327492548
3CAS FP Equity_DX_ACTIVE_AVAIL_SUPPLY_MV,3,525,-0.10099986015908435,0.020634674921695687,-0.10306142068880775,0.018171834306517233,-0.08363913825042525,0.01892046989621322,0.02644368377439621,-280.7824213599526,41.483281926916554,0.010200971752154397,0.008308430589156646,0.020634674921697536,0.10099986015908435,0.10306142068880775,0.08363913825042525
3CAS FP Equity_DX_ACTIVE_AVAIL_SUPPLY_QTY,3,525,-0.09924520895765478,0.022954550730426595,-0.11000048370495809,0.011666390727520239,-0.08968222257921123,0.011661530904751177,0.015508402833979584,-0.009712311085695688,41.48301014156169,0.009849611501048572,0.007956398521127062,0.02295455073042539,0.09924520895765478,0.11000048370495809,0.08968222257921123
