feature,lag,n_pairs,pearson_r,pearson_p,spearman_rho,spearman_p,kendall_tau,kendall_p,mutual_info,ols_slope,ols_intercept,ols_r2,ols_adj_r2,ols_slope_p,abs_pearson,abs_spearman,abs_kendall
AAA FP Equity_DX_ACTIVE_AVAILABILITY_VALUE,3,2162,0.35116287721222783,9.090834103335953e-64,-0.060070733339769165,0.0052054746608033355,-0.04764751815146455,0.005514157410791418,0.33468471592301596,1.0547207091613078e-05,8.73259876573084,0.12331536633196993,0.12290949381638294,9.090834103325396e-64,0.35116287721222783,0.060070733339769165,0.04764751815146455
AAA FP Equity_DX_ACTIVE_AVAIL_SUPPLY_MV,3,2162,0.3503601258108283,1.822995593241608e-63,-0.06045269289113656,0.00492599286477231,-0.04796649624876373,0.005224282759412461,0.3313980575898068,10.53057729380201,8.736195494488827,0.12275221775817913,0.12234608452565987,1.8229955932435418e-63,0.3503601258108283,0.06045269289113656,0.04796649624876373
AAA FP Equity_DX_ACTIVE_AVAIL_SUPPLY_QTY,3,2162,0.3211576184366435,4.652470546270199e-53,-0.06348417251308479,0.0031458443400332026,-0.05163158773636265,0.0028324922546135033,0.31965046579326617,0.000466827253913482,8.837491747740398,0.10314221587989669,0.1027270039428041,4.652470546269542e-53,0.3211576184366435,0.06348417251308479,0.05163158773636265
