feature,lag,n_pairs,pearson_r,pearson_p,spearman_rho,spearman_p,kendall_tau,kendall_p,mutual_info,ols_slope,ols_intercept,ols_r2,ols_adj_r2,ols_slope_p,abs_pearson,abs_spearman,abs_kendall
AINJ FP Equity_DX_ACTIVE_AVAIL_SUPPLY_QTY,3,289,-0.12298138760376442,0.036657245799667657,0.006530564929875221,0.9119814180046975,0.01222160992901004,0.7930825025952097,0.12197111741302247,-0.0006586035585486799,15.455846906445613,0.015124421696947166,0.0116927994728947,0.036657245799666956,0.12298138760376442,0.006530564929875221,0.01222160992901004
AINJ FP Equity_DX_ACTIVE_AVAIL_SUPPLY_MV,3,289,0.05451865313832416,0.3557532706156121,-0.04480968719642968,0.44794556419902554,-0.034743585400518466,0.4611253087760314,0.1093632477334634,21.204890128718784,15.119377187252367,0.0029722835400167735,-0.0005016806288333786,0.3557532706156088,0.05451865313832416,0.04480968719642968,0.034743585400518466
AINJ FP Equity_DX_ACTIVE_AVAILABILITY_VALUE,3,289,0.052738409595749006,0.37170231127866754,0.031808595229478126,0.5902050686248804,0.028115375752235206,0.544844146025536,0.10691622936199296,2.1881165818331423e-05,15.121041352852307,0.002781339846688824,-0.0006932896311973025,0.3717023112786668,0.052738409595749006,0.031808595229478126,0.028115375752235206
