feature,lag,n_pairs,pearson_r,pearson_p,spearman_rho,spearman_p,kendall_tau,kendall_p,mutual_info,ols_slope,ols_intercept,ols_r2,ols_adj_r2,ols_slope_p,abs_pearson,abs_spearman,abs_kendall
ALARF FP Equity_DX_ACTIVE_AVAIL_SUPPLY_QTY,3,2029,-0.33154275047315446,2.966497991174662e-53,-0.7732126534599963,0.0,-0.559141730138439,7.565581789247095e-244,1.1079713923516104,-0.00012382796753614999,3.6800757390954817,0.10992059539130428,0.10948148369687472,2.966497991179268e-53,0.33154275047315446,0.7732126534599963,0.559141730138439
ALARF FP Equity_DX_ACTIVE_AVAILABILITY_VALUE,3,2029,-0.2338711280022909,1.311316845735527e-26,-0.7491600530516033,0.0,-0.4675365288717721,2.2262769166469602e-176,1.351554049519163,-4.9315684159730996e-05,3.4915362863086363,0.05469570451306416,0.05422934817587277,1.31131684573477e-26,0.2338711280022909,0.7491600530516033,0.4675365288717721
ALARF FP Equity_DX_ACTIVE_AVAIL_SUPPLY_MV,3,2029,-0.05481480671457363,0.01353260675394607,-0.3094212040646757,2.8738879254783063e-46,-0.22196908637520016,3.2229827979407055e-36,0.4900574946801781,-2.7083962004875284,3.253298769548915,0.0030046630351556747,0.0025128054441517778,0.013532606753947338,0.05481480671457363,0.3094212040646757,0.22196908637520016
