feature,lag,n_pairs,pearson_r,pearson_p,spearman_rho,spearman_p,kendall_tau,kendall_p,mutual_info,ols_slope,ols_intercept,ols_r2,ols_adj_r2,ols_slope_p,abs_pearson,abs_spearman,abs_kendall
ALAUD FP Equity_DX_ACTIVE_AVAIL_SUPPLY_QTY,3,996,-0.270933958230893,3.2299185949990274e-18,-0.3833599370483383,3.218108445628225e-36,-0.3110699547727089,2.1006805208513645e-34,0.21181404261733805,-0.024690639661464633,4.818038387674157,0.07340520972265963,0.07247302180487547,3.2299185950014775e-18,0.270933958230893,0.3833599370483383,0.3110699547727089
ALAUD FP Equity_DX_ACTIVE_AVAILABILITY_VALUE,3,996,-0.21073166233945378,1.8448306293110464e-11,-0.3805223498079908,1.1443373088147861e-35,-0.3043997932720968,3.433999704891127e-33,0.23154698580586963,-0.004736225772010688,4.794773407367658,0.04440783351234989,0.04344647318389139,1.8448306293108037e-11,0.21073166233945378,0.3805223498079908,0.3043997932720968
