feature,lag,n_pairs,pearson_r,pearson_p,spearman_rho,spearman_p,kendall_tau,kendall_p,mutual_info,ols_slope,ols_intercept,ols_r2,ols_adj_r2,ols_slope_p,abs_pearson,abs_spearman,abs_kendall
ALBLU FP Equity_DX_ACTIVE_AVAIL_SUPPLY_QTY,3,2986,-0.026285029396631653,0.1510097847747873,-0.028273361236988773,0.12243335466839869,-0.023130874888345553,0.12241414260265196,0.006189121985399559,-0.03612270351758836,4.512270351758798,0.0006909027703820847,0.00035601366273141366,0.15100978477478416,0.026285029396631653,0.028273361236988773,0.023130874888345553
ALBLU FP Equity_DX_ACTIVE_AVAILABILITY_VALUE,3,2986,-0.026285029396631653,0.1510097847747873,-0.028273361236988773,0.12243335466839869,-0.023130874888345553,0.12241414260265196,0.006189121985399559,-0.043003218473319414,4.512270351758798,0.0006909027703820847,0.00035601366273141366,0.15100978477478408,0.026285029396631653,0.028273361236988773,0.023130874888345553
