feature,lag,n_pairs,pearson_r,pearson_p,spearman_rho,spearman_p,kendall_tau,kendall_p,mutual_info,ols_slope,ols_intercept,ols_r2,ols_adj_r2,ols_slope_p,abs_pearson,abs_spearman,abs_kendall
ALCOF FP Equity_DX_ACTIVE_AVAILABILITY_VALUE,3,4473,-0.33704661724749835,2.979250362455198e-119,-0.5597337800054878,0.0,-0.4296032399491292,4.30239983073982e-294,0.3618893073496756,-0.02521838643490188,154.14370090988882,0.11360042219798183,0.11340216686856963,2.97925036246372e-119,0.33704661724749835,0.5597337800054878,0.4296032399491292
ALCOF FP Equity_DX_ACTIVE_AVAIL_SUPPLY_QTY,3,4473,-0.3336940824968713,8.675064640373897e-117,-0.5630304166385373,0.0,-0.44229971407317376,1.4423551717279523e-302,0.321987994412531,-0.013164707976102983,153.68254430317245,0.11135174069342924,0.11115298241579419,8.675064640301696e-117,0.3336940824968713,0.5630304166385373,0.44229971407317376
ALCOF FP Equity_DX_ACTIVE_AVAIL_SUPPLY_MV,3,4473,-0.30152401951874896,1.1347900757632285e-94,-0.3915882513860395,7.505080424072478e-164,-0.30325073374181066,1.295154962001481e-140,0.29244984464715484,-7254.90589421688,149.5337759145115,0.09091673434674341,0.09071340550181983,1.1347900757728001e-94,0.30152401951874896,0.3915882513860395,0.30325073374181066
