feature,lag,n_pairs,pearson_r,pearson_p,spearman_rho,spearman_p,kendall_tau,kendall_p,mutual_info,ols_slope,ols_intercept,ols_r2,ols_adj_r2,ols_slope_p,abs_pearson,abs_spearman,abs_kendall
ALCWE FP Equity_DX_ACTIVE_AVAIL_SUPPLY_MV,3,803,0.1509521868301837,1.7426513059169628e-05,0.12184505069206468,0.0005396219794675311,0.09969582084596566,0.0005673383917557271,0.015585867222409622,98.98539063986169,4.752607441816218,0.02278656270881463,0.021566570901959237,1.742651305916978e-05,0.1509521868301837,0.12184505069206468,0.09969582084596566
ALCWE FP Equity_DX_ACTIVE_AVAILABILITY_VALUE,3,803,0.14786773726378794,2.5903008776182847e-05,-0.3495006817472092,1.7475440679968414e-24,-0.2773099890305571,4.8222715604979526e-23,0.24552857207602918,0.00010149018243885488,4.750844413720339,0.021864867723512482,0.02064372523627589,2.5903008776184815e-05,0.14786773726378794,0.3495006817472092,0.2773099890305571
ALCWE FP Equity_DX_ACTIVE_AVAIL_SUPPLY_QTY,3,803,0.1385195712186533,8.211244867506423e-05,-0.34991461537202556,1.5295072426307811e-24,-0.2792136706812255,2.932445211985352e-23,0.2726366290219915,0.00087354576681758,4.748955250935504,0.01918767161059942,0.017963186806118303,8.211244867506458e-05,0.1385195712186533,0.34991461537202556,0.2792136706812255
