feature,lag,n_pairs,pearson_r,pearson_p,spearman_rho,spearman_p,kendall_tau,kendall_p,mutual_info,ols_slope,ols_intercept,ols_r2,ols_adj_r2,ols_slope_p,abs_pearson,abs_spearman,abs_kendall
ALDEV FP Equity_DX_ACTIVE_AVAIL_SUPPLY_QTY,3,1533,-0.2439586145249707,3.2981668399763115e-22,-0.5437692586771131,1.0936602023401843e-118,-0.45488317366003,1.612640548200067e-100,0.45459436372056405,-0.008617015469309024,47.76447058823544,0.059515805600943716,0.05890151154842971,3.2981668399736384e-22,0.2439586145249707,0.5437692586771131,0.45488317366003
ALDEV FP Equity_DX_ACTIVE_AVAILABILITY_VALUE,3,1533,-0.23834288364721543,3.0494090044879445e-21,-0.52461170221442,3.7828787325115896e-109,-0.41614708912299825,2.9075112088694252e-93,0.450020927012031,-0.00010637730550184915,47.26609636605708,0.056807330185269955,0.056191267043653625,3.0494090044886758e-21,0.23834288364721543,0.52461170221442,0.41614708912299825
ALDEV FP Equity_DX_ACTIVE_AVAIL_SUPPLY_MV,3,1533,-0.23271819290201545,2.67273955151245e-20,-0.5309675304059646,3.0260716548565894e-112,-0.42313857357775675,1.998020665782742e-96,0.478138864192458,-100.8126892181468,47.26902246053987,0.054157757307581655,0.053539963550107816,2.6727395515127566e-20,0.23271819290201545,0.5309675304059646,0.42313857357775675
