feature,lag,n_pairs,pearson_r,pearson_p,spearman_rho,spearman_p,kendall_tau,kendall_p,mutual_info,ols_slope,ols_intercept,ols_r2,ols_adj_r2,ols_slope_p,abs_pearson,abs_spearman,abs_kendall
ALENR FP Equity_DX_ACTIVE_AVAIL_SUPPLY_QTY,3,1296,-0.1110272896255807,6.188247222014337e-05,0.14809240138162363,8.520757273260144e-08,0.12087896300489467,1.0501844471490224e-07,0.3464976814458034,-0.00018260431870516122,11.919337452038285,0.012327059041602362,0.011563787835297545,6.188247222012894e-05,0.1110272896255807,0.14809240138162363,0.12087896300489467
ALENR FP Equity_DX_ACTIVE_AVAIL_SUPPLY_MV,3,1296,-0.10908716624853271,8.316305692078414e-05,0.1536499961532322,2.7116363136149753e-08,0.13297446580459873,2.7347982531931785e-09,0.4162166812419943,-22.76835794219876,11.907586404294975,0.011900009840135284,0.011136408611263637,8.316305692077504e-05,0.10908716624853271,0.1536499961532322,0.13297446580459873
ALENR FP Equity_DX_ACTIVE_AVAILABILITY_VALUE,3,1296,-0.10891849947098302,8.530823269735711e-05,0.1539033904692368,2.571153405419533e-08,0.13564340059158275,1.0809878997213112e-09,0.4525693570024403,-2.2894077425592862e-05,11.906465949067762,0.01186323952701096,0.011099609882132211,8.53082326973661e-05,0.10891849947098302,0.1539033904692368,0.13564340059158275
