feature,lag,n_pairs,pearson_r,pearson_p,spearman_rho,spearman_p,kendall_tau,kendall_p,mutual_info,ols_slope,ols_intercept,ols_r2,ols_adj_r2,ols_slope_p,abs_pearson,abs_spearman,abs_kendall
ALERO FP Equity_DX_ACTIVE_AVAILABILITY_VALUE,3,2186,-0.03532222562649984,0.09872838339404956,-0.05160387870865927,0.01582396932460096,-0.04123011044200252,0.017693125795635905,0.12078857899272255,-3.262356960208357e-05,3.4603448045940914,0.001247659623208608,0.0007903554380543909,0.09872838339405082,0.03532222562649984,0.05160387870865927,0.04123011044200252
ALERO FP Equity_DX_ACTIVE_AVAIL_SUPPLY_QTY,3,2186,-0.03468763246241764,0.10493843915977309,-0.051913850296843506,0.015204796299491336,-0.04263716174910523,0.014760632178916405,0.10582192418830205,-3.496476727511899e-05,3.4597225164287675,0.0012032318458482516,0.0007459073183051501,0.1049384391597697,0.03468763246241764,0.051913850296843506,0.04263716174910523
ALERO FP Equity_DX_ACTIVE_AVAIL_SUPPLY_MV,3,2186,-0.034275073675522676,0.10913920911650025,-0.09211582409183351,1.6064944686358254e-05,-0.07551201471419,1.661613056970027e-05,0.020015046484256782,-25.18386183174336,3.4588148725685017,0.0011747806754629497,0.0007174431208272214,0.10913920911650003,0.034275073675522676,0.09211582409183351,0.07551201471419
