feature,lag,n_pairs,pearson_r,pearson_p,spearman_rho,spearman_p,kendall_tau,kendall_p,mutual_info,ols_slope,ols_intercept,ols_r2,ols_adj_r2,ols_slope_p,abs_pearson,abs_spearman,abs_kendall
ALHGO FP Equity_DX_ACTIVE_AVAIL_SUPPLY_QTY,3,1129,-0.28745632296195156,6.407380916962337e-23,-0.5131256492041845,7.648350595463792e-77,-0.3839556739215076,1.9509087587810365e-66,1.1498965018053884,-4.989115736433932e-05,48.86266370559324,0.08263113761080598,0.08181714571871257,6.407380916961449e-23,0.28745632296195156,0.5131256492041845,0.3839556739215076
ALHGO FP Equity_DX_ACTIVE_AVAILABILITY_VALUE,3,1129,-0.23176140883919655,3.1124904598633647e-15,-0.23199450117406223,2.9155961849795864e-15,-0.11633437727469305,4.445087856179249e-08,1.867535232005579,-8.702617043924739e-07,48.3013621466001,0.053713350627129564,0.05287369965164335,3.112490459862033e-15,0.23176140883919655,0.23199450117406223,0.11633437727469305
ALHGO FP Equity_DX_ACTIVE_AVAIL_SUPPLY_MV,3,1129,-0.23102507078385204,3.824367014939366e-15,-0.23353723630489276,1.888464009340962e-15,-0.12115908372436661,1.2181648007406027e-08,1.81376205380844,-0.8670822616015235,48.29506026040222,0.053372583330682954,0.05253262998847408,3.8243670149365906e-15,0.23102507078385204,0.23353723630489276,0.12115908372436661
