feature,lag,n_pairs,pearson_r,pearson_p,spearman_rho,spearman_p,kendall_tau,kendall_p,mutual_info,ols_slope,ols_intercept,ols_r2,ols_adj_r2,ols_slope_p,abs_pearson,abs_spearman,abs_kendall
ALI2S FP Equity_DX_ACTIVE_AVAILABILITY_VALUE,3,2875,-0.01853229797425204,0.3205457748481211,-0.016310725040167718,0.3819859181476397,-0.013354552888256942,0.38189333335968667,0.0,-0.4683353686434523,4.259272284122561,0.00034344606820757573,-4.502610501777582e-06,0.32054577484810887,0.01853229797425204,0.016310725040167718,0.013354552888256942
ALI2S FP Equity_DX_ACTIVE_AVAIL_SUPPLY_QTY,3,2875,-0.018532297974252036,0.3205457748481211,-0.016310725040167718,0.3819859181476397,-0.013354552888256942,0.38189333335968667,0.0,-1.2926056174559075,4.259272284122561,0.00034344606820757573,-4.502610501777582e-06,0.32054577484811125,0.018532297974252036,0.016310725040167718,0.013354552888256942
