feature,lag,n_pairs,pearson_r,pearson_p,spearman_rho,spearman_p,kendall_tau,kendall_p,mutual_info,ols_slope,ols_intercept,ols_r2,ols_adj_r2,ols_slope_p,abs_pearson,abs_spearman,abs_kendall
ALIMR FP Equity_DX_ACTIVE_AVAILABILITY_VALUE,3,1562,0.046902549080054604,0.0638500701657527,0.21436044233962426,1.081222411979563e-17,0.18979158989945127,2.792047280338138e-21,0.3963988572320998,0.00021192040019766818,3.070559388556153,0.002199849110206542,0.001560233628866925,0.06385007016575373,0.046902549080054604,0.21436044233962426,0.18979158989945127
ALIMR FP Equity_DX_ACTIVE_AVAIL_SUPPLY_QTY,3,1562,0.04145393969939752,0.10147572579315445,0.21635437553319148,5.307930744335743e-18,0.17729685602594586,1.2518377100970378e-17,0.2682384757346703,0.0007260330072726264,3.074929262844373,0.001718429116601472,0.0010785050327019041,0.10147572579315078,0.04145393969939752,0.21635437553319148,0.17729685602594586
