feature,lag,n_pairs,pearson_r,pearson_p,spearman_rho,spearman_p,kendall_tau,kendall_p,mutual_info,ols_slope,ols_intercept,ols_r2,ols_adj_r2,ols_slope_p,abs_pearson,abs_spearman,abs_kendall
ALISP FP Equity_DX_ACTIVE_AVAIL_SUPPLY_MV,3,4757,0.13379792220097153,1.906527635755751e-20,0.18274836247484338,5.325659134445865e-37,0.17175228116489183,4.994538074157786e-57,0.9326539073472313,1.5878268157219793,4.737927447646122,0.01790188398529713,0.017695343897807136,1.906527635757717e-20,0.13379792220097153,0.18274836247484338,0.17175228116489183
ALISP FP Equity_DX_ACTIVE_AVAILABILITY_VALUE,3,4757,0.13242366612621448,4.6687462337886705e-20,0.1346409517131138,1.0955299115810118e-20,0.13294097709052755,1.3441028040265882e-35,1.0939291661791937,1.6804311571806142e-06,4.739023937533069,0.017536027350307237,0.017329410321358707,4.668746233769845e-20,0.13242366612621448,0.1346409517131138,0.13294097709052755
ALISP FP Equity_DX_ACTIVE_AVAIL_SUPPLY_QTY,3,4757,0.0847829756896776,4.725034216105019e-09,0.11473268330848735,2.0651033846132954e-15,0.10165503754787451,6.7795772666413e-21,0.9481536171010227,5.927052786460212e-06,4.792947758210254,0.007188152966796757,0.0069793597287245435,4.7250342161150345e-09,0.0847829756896776,0.11473268330848735,0.10165503754787451
