feature,lag,n_pairs,pearson_r,pearson_p,spearman_rho,spearman_p,kendall_tau,kendall_p,mutual_info,ols_slope,ols_intercept,ols_r2,ols_adj_r2,ols_slope_p,abs_pearson,abs_spearman,abs_kendall
ALMAR FP Equity_DX_ACTIVE_AVAIL_SUPPLY_QTY,3,1484,-0.8798320243336187,0.0,-0.8821108978905645,0.0,-0.7299256066035643,6.034151655743643e-289,0.9474951394705466,-0.0010672088475728275,3.1955390909139547,0.7741043910429946,0.773951964856114,0.0,0.8798320243336187,0.8821108978905645,0.7299256066035643
ALMAR FP Equity_DX_ACTIVE_AVAILABILITY_VALUE,3,1484,-0.30903977144637773,3.3148614893780107e-34,-0.6521144029581271,1.8787098942596064e-180,-0.31771027247492123,1.2236008616118308e-64,1.5497137415145477,-0.00026736089992860897,2.344896005418806,0.09550558033562895,0.09489526021439798,3.314861489380133e-34,0.30903977144637773,0.6521144029581271,0.31771027247492123
ALMAR FP Equity_DX_ACTIVE_AVAIL_SUPPLY_MV,3,1484,0.05459391129586804,0.03547432005768439,-0.005710495231851136,0.8260267358523072,-0.004676346184125808,0.8259414964415036,0.0533165919885048,49.88354307382237,2.0504749140893472,0.00298049515058052,0.0023077424482530473,0.03547432005768948,0.05459391129586804,0.005710495231851136,0.004676346184125808
