feature,lag,n_pairs,pearson_r,pearson_p,spearman_rho,spearman_p,kendall_tau,kendall_p,mutual_info,ols_slope,ols_intercept,ols_r2,ols_adj_r2,ols_slope_p,abs_pearson,abs_spearman,abs_kendall
ALMCE FP Equity_DX_ACTIVE_AVAIL_SUPPLY_QTY,3,577,-0.12634729125366623,0.0023612447189678113,-0.16058387572812616,0.00010699209485886028,-0.1318087757170615,5.3338416511959786e-05,0.5042558381874414,-0.00026291510349991996,7.334641669482191,0.015963638007138847,0.01425227042106425,0.0023612447189678906,0.12634729125366623,0.16058387572812616,0.1318087757170615
ALMCE FP Equity_DX_ACTIVE_AVAIL_SUPPLY_MV,3,577,0.06696384981064893,0.10808888483514674,-0.021467904607676974,0.606820118302823,-0.023406842857387082,0.48060388309463076,0.4301486812229838,17.780319402274028,7.132830698934334,0.004484157181463222,0.0027528252809091436,0.1080888848351504,0.06696384981064893,0.021467904607676974,0.023406842857387082
ALMCE FP Equity_DX_ACTIVE_AVAILABILITY_VALUE,3,577,0.03186681026063026,0.4448665578301602,0.01444831842884525,0.7290977449304692,0.026877119313135696,0.3975218751688159,0.6853537600869877,9.218323690352952e-06,7.165879371707989,0.0010154935961870226,-0.0007218707627762999,0.4448665578301708,0.03186681026063026,0.01444831842884525,0.026877119313135696
