feature,lag,n_pairs,pearson_r,pearson_p,spearman_rho,spearman_p,kendall_tau,kendall_p,mutual_info,ols_slope,ols_intercept,ols_r2,ols_adj_r2,ols_slope_p,abs_pearson,abs_spearman,abs_kendall
ALNSC FP Equity_DX_ACTIVE_AVAIL_SUPPLY_QTY,3,2953,-0.7881115160224244,0.0,-0.6105195113675698,3.318567440132412e-301,-0.4996457589967252,2.5772233691114774e-240,0.35448981568951154,-0.0037446654977920527,60.78525752978305,0.6211197616871647,0.6209913712302644,0.0,0.7881115160224244,0.6105195113675698,0.4996457589967252
ALNSC FP Equity_DX_ACTIVE_AVAIL_SUPPLY_MV,3,2953,-0.788020965961426,0.0,-0.6104127176021849,4.510391029309238e-301,-0.4993229773212244,3.7636365693270836e-240,0.35525208018699694,-51.92000970697491,60.78397449693168,0.6209770427947792,0.6208486039749875,0.0,0.788020965961426,0.6104127176021849,0.4993229773212244
ALNSC FP Equity_DX_ACTIVE_AVAILABILITY_VALUE,3,2953,-0.7426881154076571,0.0,-0.5999111353451654,3.264949771971185e-288,-0.472772602344358,1.0824487410859664e-232,0.4038155079240222,-9.751933561166097e-05,60.013104488693294,0.551585636767778,0.5514336834084992,0.0,0.7426881154076571,0.5999111353451654,0.472772602344358
