feature,lag,n_pairs,pearson_r,pearson_p,spearman_rho,spearman_p,kendall_tau,kendall_p,mutual_info,ols_slope,ols_intercept,ols_r2,ols_adj_r2,ols_slope_p,abs_pearson,abs_spearman,abs_kendall
ALOBR FP Equity_DX_ACTIVE_AVAIL_SUPPLY_QTY,3,4471,-0.1307068353603813,1.7089359302594516e-18,-0.15672472388581457,5.545302479300888e-26,-0.12768334347896648,1.336235850888557e-25,0.06155682236916471,-0.0021862881758686692,11.577363721033857,0.017084276809926635,0.016864335945484976,1.7089359302547137e-18,0.1307068353603813,0.15672472388581457,0.12768334347896648
ALOBR FP Equity_DX_ACTIVE_AVAILABILITY_VALUE,3,4471,-0.129668312236925,3.184479727558891e-18,-0.15670617029285963,5.620321574697594e-26,-0.12743247595797647,1.4385328408148624e-25,0.05214132310185948,-0.000305371100578816,11.576712412633306,0.016813871198372632,0.01659386982696931,3.184479727555812e-18,0.129668312236925,0.15670617029285963,0.12743247595797647
ALOBR FP Equity_DX_ACTIVE_AVAIL_SUPPLY_MV,3,4471,-0.12503634412720455,4.810688042961835e-17,-0.15634095282913238,7.319693943420366e-26,-0.1276018157489119,1.5089533699290383e-25,0.05593182885790804,-238.5422410163879,11.572109649075465,0.01563408735269811,0.015413821988489729,4.8106880429724584e-17,0.12503634412720455,0.15634095282913238,0.1276018157489119
