feature,lag,n_pairs,pearson_r,pearson_p,spearman_rho,spearman_p,kendall_tau,kendall_p,mutual_info,ols_slope,ols_intercept,ols_r2,ols_adj_r2,ols_slope_p,abs_pearson,abs_spearman,abs_kendall
ALOSM FP Equity_DX_ACTIVE_AVAIL_SUPPLY_MV,3,1832,0.13818467310109192,2.866998421777992e-09,0.10713433076448337,4.3139857260071996e-06,0.08783168830872416,4.395029857440987e-06,0.08024478688027514,96.48588244811882,8.601631659318,0.01909500388005536,0.018558990220973404,2.8669984217798728e-09,0.13818467310109192,0.10713433076448337,0.08783168830872416
ALOSM FP Equity_DX_ACTIVE_AVAILABILITY_VALUE,3,1832,0.13700662996853336,3.910821911171653e-09,0.1259098281345349,6.407897636708206e-08,0.1016000643650435,6.690209812090058e-08,0.11781071520085629,9.54162980976101e-05,8.604683467263378,0.018770816655334976,0.018234625844764096,3.910821911174958e-09,0.13700662996853336,0.1259098281345349,0.1016000643650435
ALOSM FP Equity_DX_ACTIVE_AVAIL_SUPPLY_QTY,3,1832,0.11604723828577304,6.342555731052951e-07,0.12057341364598871,2.265247604142946e-07,0.09607917858405005,4.004636436793801e-07,0.13165265148930905,0.000910105405286064,8.606674985005188,0.013466961513755593,0.012927872421686581,6.342555731050543e-07,0.11604723828577304,0.12057341364598871,0.09607917858405005
