feature,lag,n_pairs,pearson_r,pearson_p,spearman_rho,spearman_p,kendall_tau,kendall_p,mutual_info,ols_slope,ols_intercept,ols_r2,ols_adj_r2,ols_slope_p,abs_pearson,abs_spearman,abs_kendall
ALPOU FP Equity_DX_ACTIVE_AVAIL_SUPPLY_MV,3,2419,0.030235867425428827,0.13710148403783345,0.027782711329577724,0.17193781119344445,0.02276837702068045,0.17157737064043455,0.003905823774814854,66.24630575888041,5.586305413616904,0.0009142076789686593,0.0005008498832215214,0.13710148403780073,0.030235867425428827,0.027782711329577724,0.02276837702068045
ALPOU FP Equity_DX_ACTIVE_AVAILABILITY_VALUE,3,2419,0.02624692177708769,0.19688887313463108,0.03346177311334109,0.0998932123453445,0.027375962332514766,0.09993265948468284,0.006318994445285053,4.794865351378427e-05,5.586211037509873,0.0006889009027721826,0.00027544988949246285,0.19688887313461068,0.02624692177708769,0.03346177311334109,0.027375962332514766
ALPOU FP Equity_DX_ACTIVE_AVAIL_SUPPLY_QTY,3,2419,0.01719769964259757,0.39785099753708697,0.03344706519309445,0.10004243566564178,0.02736723509205949,0.1001461709827556,0.006849197255993422,0.00019783172627230568,5.586917878331103,0.0002957608729972083,-0.00011785279648024449,0.39785099753708375,0.01719769964259757,0.03344706519309445,0.02736723509205949
