feature,lag,n_pairs,pearson_r,pearson_p,spearman_rho,spearman_p,kendall_tau,kendall_p,mutual_info,ols_slope,ols_intercept,ols_r2,ols_adj_r2,ols_slope_p,abs_pearson,abs_spearman,abs_kendall
ALSAS FP Equity_DX_ACTIVE_AVAIL_SUPPLY_QTY,3,3136,-0.005483160812120877,0.7588914030916943,-0.003215879665134545,0.8571384916509354,-0.0026340200355586575,0.8571050362336011,0.0044425988245790915,-0.012837894736842027,7.733789473684213,3.006505249192326e-05,-0.00028900640090556706,0.7588914030916909,0.005483160812120877,0.003215879665134545,0.0026340200355586575
ALSAS FP Equity_DX_ACTIVE_AVAILABILITY_VALUE,3,3136,-0.005483160812120874,0.7588914030916943,-0.003215879665134545,0.8571384916509354,-0.0026340200355586575,0.8571050362336011,0.0044425988245790915,-0.0019903712770297875,7.733789473684213,3.006505249192326e-05,-0.00028900640090556706,0.7588914030916891,0.005483160812120874,0.003215879665134545,0.0026340200355586575
