feature,lag,n_pairs,pearson_r,pearson_p,spearman_rho,spearman_p,kendall_tau,kendall_p,mutual_info,ols_slope,ols_intercept,ols_r2,ols_adj_r2,ols_slope_p,abs_pearson,abs_spearman,abs_kendall
ALTOO FP Equity_DX_ACTIVE_AVAILABILITY_VALUE,3,952,-0.29157107875476207,4.124518235808916e-20,-0.6429179264213104,3.859434359036974e-112,-0.47041682108995325,9.273511670539914e-79,0.6064192525307259,-0.005424757712447204,1.489565631963948,0.08501369396621539,0.08405055048617982,4.124518235807473e-20,0.29157107875476207,0.6429179264213104,0.47041682108995325
ALTOO FP Equity_DX_ACTIVE_AVAIL_SUPPLY_QTY,3,952,-0.2684302828068341,3.5607909831183965e-17,-0.6531181582709676,7.550154909577227e-117,-0.496641900282782,3.002135775094311e-86,0.5781257847074721,-0.002379814887405988,1.4752296033671644,0.07205481672775715,0.07107803232431265,3.5607909831193955e-17,0.2684302828068341,0.6531181582709676,0.496641900282782
