feature,lag,n_pairs,pearson_r,pearson_p,spearman_rho,spearman_p,kendall_tau,kendall_p,mutual_info,ols_slope,ols_intercept,ols_r2,ols_adj_r2,ols_slope_p,abs_pearson,abs_spearman,abs_kendall
ALTXC FP Equity_DX_ACTIVE_AVAILABILITY_VALUE,3,2405,0.20316339572332057,8.031187621383087e-24,0.44904757135470963,1.1166135333454608e-119,0.3813489514514786,4.132362488589256e-123,0.4265004095908307,0.0010423297471779578,8.189471649333473,0.04127536536183052,0.04087639547642141,8.031187621425049e-24,0.20316339572332057,0.44904757135470963,0.3813489514514786
ALTXC FP Equity_DX_ACTIVE_AVAIL_SUPPLY_QTY,3,2405,0.17150069033903012,2.4755772424605973e-17,0.43134843214899926,1.4181422958046783e-109,0.35673157056820254,3.839737839738052e-99,0.20355321531411996,0.007915026925826163,8.208181024761117,0.029412486786764003,0.029008580206151047,2.4755772424593372e-17,0.17150069033903012,0.43134843214899926,0.35673157056820254
ALTXC FP Equity_DX_ACTIVE_AVAIL_SUPPLY_MV,3,2405,-0.0011440907707939445,0.9552796892591977,0.00608291449755073,0.7655820697185517,0.005036281290831375,0.7655131534682618,0.006877503188721379,-6.090095713686667,8.285900957136912,1.3089436924351716e-06,-0.0004148369951573194,0.9552796892592368,0.0011440907707939445,0.00608291449755073,0.005036281290831375
