feature,lag,n_pairs,pearson_r,pearson_p,spearman_rho,spearman_p,kendall_tau,kendall_p,mutual_info,ols_slope,ols_intercept,ols_r2,ols_adj_r2,ols_slope_p,abs_pearson,abs_spearman,abs_kendall
ALUNT FP Equity_DX_ACTIVE_AVAIL_SUPPLY_QTY,3,1747,-0.27205849305936647,5.068415915747868e-31,-0.40987465561278524,9.46169031110866e-72,-0.3363412171068411,9.386026010159891e-66,0.16106489492331666,-0.009321268677643067,2.372540880503152,0.074015823645733,0.07348517368793683,5.068415915737188e-31,0.27205849305936647,0.40987465561278524,0.3363412171068411
ALUNT FP Equity_DX_ACTIVE_AVAILABILITY_VALUE,3,1747,-0.26187001923548364,8.724618913540225e-29,-0.4057910712175649,3.1205805775763603e-70,-0.31674619090637857,5.0019933465546176e-61,0.22769761107739317,-0.006076867014617185,2.368559322923743,0.06857590697439253,0.06804213958583905,8.724618913525808e-29,0.26187001923548364,0.4057910712175649,0.31674619090637857
