feature,lag,n_pairs,pearson_r,pearson_p,spearman_rho,spearman_p,kendall_tau,kendall_p,mutual_info,ols_slope,ols_intercept,ols_r2,ols_adj_r2,ols_slope_p,abs_pearson,abs_spearman,abs_kendall
ALVAP FP Equity_DX_ACTIVE_AVAIL_SUPPLY_QTY,3,1326,-0.13846481013088155,4.1544345081959145e-07,-0.29767111103289046,1.544163821242684e-28,-0.23306564301793958,3.062870725938836e-26,0.26226643241272907,-0.031047653673493148,8.007034813928707,0.01917250364458134,0.01843169737845185,4.1544345081955836e-07,0.13846481013088155,0.29767111103289046,0.23306564301793958
ALVAP FP Equity_DX_ACTIVE_AVAILABILITY_VALUE,3,1326,-0.11614478559231928,2.2382273420068945e-05,-0.2972864607427219,1.8256968584129198e-28,-0.22979138827482798,8.996749394777983e-26,0.2862147165178368,-0.003905889576193332,7.991284312818179,0.013489611220286135,0.012744512739334635,2.2382273420073715e-05,0.11614478559231928,0.2972864607427219,0.22979138827482798
