feature,lag,n_pairs,pearson_r,pearson_p,spearman_rho,spearman_p,kendall_tau,kendall_p,mutual_info,ols_slope,ols_intercept,ols_r2,ols_adj_r2,ols_slope_p,abs_pearson,abs_spearman,abs_kendall
ARVEN FP Equity_DX_DSS,3,966,-0.5058068422156627,7.039073596518144e-64,-0.4697007845807536,3.6295312085502315e-54,-0.3922696922513959,1.080490364791102e-48,0.28089489610549223,-4.052649665958959,6.673639781071655,0.2558405616321805,0.25506861200731756,7.039073596509582e-64,0.5058068422156627,0.4697007845807536,0.3922696922513959
