feature,lag,n_pairs,pearson_r,pearson_p,spearman_rho,spearman_p,kendall_tau,kendall_p,mutual_info,ols_slope,ols_intercept,ols_r2,ols_adj_r2,ols_slope_p,abs_pearson,abs_spearman,abs_kendall
AUGR FP Equity_DX_ACTIVE_AVAILABILITY_VALUE,3,2560,0.15153153198526026,1.2804578156315184e-14,0.14611162245638898,1.0940634727025565e-13,0.12018211988988431,7.141981644485569e-14,0.09684223588488061,0.016141572302184812,4.534224091679578,0.022961805185799378,0.022579851239429405,1.2804578156315015e-14,0.15153153198526026,0.14611162245638898,0.12018211988988431
AUGR FP Equity_DX_ACTIVE_AVAIL_SUPPLY_QTY,3,2560,0.151281093750343,1.4163587145302741e-14,0.14601395799460434,1.1363604067933506e-13,0.120303445415609,9.186238966436298e-14,0.09554131808980837,0.10468608834590165,4.534045269557664,0.022885969326299493,0.022503985733385523,1.4163587145321792e-14,0.151281093750343,0.14601395799460434,0.120303445415609
