feature,lag,n_pairs,pearson_r,pearson_p,spearman_rho,spearman_p,kendall_tau,kendall_p,mutual_info,ols_slope,ols_intercept,ols_r2,ols_adj_r2,ols_slope_p,abs_pearson,abs_spearman,abs_kendall
BIODV FP Equity_DX_ACTIVE_AVAIL_SUPPLY_QTY,3,746,-0.44367652194041346,2.518758265345431e-37,-0.4975377868881397,6.583164515180947e-48,-0.38868899631545467,8.510969684675476e-42,0.47402309148791155,-4.634704554571603e-06,12.870327978281155,0.19684885612114222,0.1957693518954985,2.5187582653493953e-37,0.44367652194041346,0.4975377868881397,0.38868899631545467
BIODV FP Equity_DX_ACTIVE_AVAIL_SUPPLY_MV,3,746,-0.4432268327659428,3.032688399248633e-37,-0.4921218700538413,9.329716986039991e-47,-0.36623287360016965,6.45836748354394e-39,0.5223997208212234,-0.4040651057141953,12.86962954453894,0.19645002528372912,0.19536998499513192,3.032688399250523e-37,0.4432268327659428,0.4921218700538413,0.36623287360016965
BIODV FP Equity_DX_ACTIVE_AVAILABILITY_VALUE,3,746,-0.4426820481289864,3.7963011508128725e-37,-0.49153894759762906,1.237579622790562e-46,-0.36495139822868866,1.005873569537172e-38,0.5207897094375857,-4.0387388122285614e-07,12.86915842697874,0.19596739573567423,0.19488670675144792,3.796301150823505e-37,0.4426820481289864,0.49153894759762906,0.36495139822868866
