feature,lag,n_pairs,pearson_r,pearson_p,spearman_rho,spearman_p,kendall_tau,kendall_p,mutual_info,ols_slope,ols_intercept,ols_r2,ols_adj_r2,ols_slope_p,abs_pearson,abs_spearman,abs_kendall
BNK FP Equity_DX_DSS,3,4855,0.11062586991773223,1.0761337192177782e-14,0.1488604804135815,1.852192048635878e-25,0.11924658746418804,2.5618105612735595e-25,0.1304087509271623,0.6508938567876421,22.580398900796414,0.012238083095054697,0.012034546742921037,1.0761337192226254e-14,0.11062586991773223,0.1488604804135815,0.11924658746418804
