feature,lag,n_pairs,pearson_r,pearson_p,spearman_rho,spearman_p,kendall_tau,kendall_p,mutual_info,ols_slope,ols_intercept,ols_r2,ols_adj_r2,ols_slope_p,abs_pearson,abs_spearman,abs_kendall
BRES FP Equity_DX_DSS,3,4845,-0.20662045502103762,7.22518896457145e-48,-0.1874995783365906,1.4018533886294247e-39,-0.15077854967379842,5.0845218169525323e-39,0.09557367049778365,-4.929423101966134,59.13298464457022,0.04269201243310061,0.042494344048304655,7.225188964545369e-48,0.20662045502103762,0.1874995783365906,0.15077854967379842
