feature,lag,n_pairs,pearson_r,pearson_p,spearman_rho,spearman_p,kendall_tau,kendall_p,mutual_info,ols_slope,ols_intercept,ols_r2,ols_adj_r2,ols_slope_p,abs_pearson,abs_spearman,abs_kendall
C40 FP Equity_DX_DSS,3,4899,-0.08009191080290551,1.9833154007178795e-08,-0.08124149818704773,1.2388808059129373e-08,-0.06647529436069168,1.180879966768511e-08,0.030387859729528288,-17.74945293920993,69.74361864123568,0.006414714176060654,0.00621181744626198,1.9833154007164373e-08,0.08009191080290551,0.08124149818704773,0.06647529436069168
