feature,lag,n_pairs,pearson_r,pearson_p,spearman_rho,spearman_p,kendall_tau,kendall_p,mutual_info,ols_slope,ols_intercept,ols_r2,ols_adj_r2,ols_slope_p,abs_pearson,abs_spearman,abs_kendall
C50 FP Equity_DX_DSS,3,4248,-0.07219598539388077,2.4740426549708534e-06,-0.09133948726381891,2.462534921397752e-09,-0.07449387976128359,2.7301902168020174e-09,0.014832986654919389,-10.576762236144962,72.32419839000752,0.005212260306993399,0.004977972096985583,2.4740426549733284e-06,0.07219598539388077,0.09133948726381891,0.07449387976128359
