feature,lag,n_pairs,pearson_r,pearson_p,spearman_rho,spearman_p,kendall_tau,kendall_p,mutual_info,ols_slope,ols_intercept,ols_r2,ols_adj_r2,ols_slope_p,abs_pearson,abs_spearman,abs_kendall
CASHE FP Equity_DX_ACTIVE_AVAIL_SUPPLY_QTY,3,36,0.057591682039681104,0.7386571791223585,0.048854726352763896,0.777213413288764,0.04069784637782399,0.7725595994657445,0.0,6.857142857131376e-06,10.032771428571426,0.003316801840159811,-0.02599740987042365,0.7386571791227075,0.057591682039681104,0.048854726352763896,0.04069784637782399
CASHE FP Equity_DX_ACTIVE_AVAILABILITY_VALUE,3,36,0.057591682039681104,0.7386571791223585,0.048854726352763896,0.777213413288764,0.04069784637782399,0.7725595994657445,0.0,6.834384357222098e-07,10.03277142857143,0.003316801840159922,-0.025997409870423427,0.7386571791226975,0.057591682039681104,0.048854726352763896,0.04069784637782399
