feature,lag,n_pairs,pearson_r,pearson_p,spearman_rho,spearman_p,kendall_tau,kendall_p,mutual_info,ols_slope,ols_intercept,ols_r2,ols_adj_r2,ols_slope_p,abs_pearson,abs_spearman,abs_kendall
CD9 FP Equity_DX_DSS,3,4207,-0.16135786630097962,6.159992992251573e-26,-0.1898947898904407,1.8788901037604727e-35,-0.1543420985638085,1.010972014456424e-34,0.062227570993213965,-23.29835532729571,111.93363074742606,0.02603636101720519,0.025804740651216407,6.159992992227509e-26,0.16135786630097962,0.1898947898904407,0.1543420985638085
