feature,lag,n_pairs,pearson_r,pearson_p,spearman_rho,spearman_p,kendall_tau,kendall_p,mutual_info,ols_slope,ols_intercept,ols_r2,ols_adj_r2,ols_slope_p,abs_pearson,abs_spearman,abs_kendall
CMU FP Equity_DX_DSS,3,4225,-0.034913602330499956,0.02324373985793106,-0.04307763283024214,0.005102073270879196,-0.03515340363265537,0.005133647303060542,0.0052649662191723845,-10.724960212201758,185.9148173842072,0.001218959627692473,0.0009824497909951546,0.023243739857930695,0.034913602330499956,0.04307763283024214,0.03515340363265537
