feature,lag,n_pairs,pearson_r,pearson_p,spearman_rho,spearman_p,kendall_tau,kendall_p,mutual_info,ols_slope,ols_intercept,ols_r2,ols_adj_r2,ols_slope_p,abs_pearson,abs_spearman,abs_kendall
CP9 FP Equity_DX_DSS,3,4205,-0.020014228754648235,0.19442956350314294,-0.021740140321051045,0.1586850220450061,-0.017745186941688022,0.1588339640832157,0.0,-16.230779048323246,459.00531017881525,0.00040056935264343174,0.0001627393667650301,0.194429563503176,0.020014228754648235,0.021740140321051045,0.017745186941688022
