feature,lag,n_pairs,pearson_r,pearson_p,spearman_rho,spearman_p,kendall_tau,kendall_p,mutual_info,ols_slope,ols_intercept,ols_r2,ols_adj_r2,ols_slope_p,abs_pearson,abs_spearman,abs_kendall
CROS FP Equity_DX_ACTIVE_AVAIL_SUPPLY_MV,3,2007,-0.5753190212026731,3.0576558264694563e-177,-0.6263482405754366,3.9215297882563096e-219,-0.5146895636049132,5.976196760050343e-175,0.48539329197156533,-158.94641873244294,6.309576574273581,0.33099197615760223,0.3306583063202744,3.0576558264643354e-177,0.5753190212026731,0.6263482405754366,0.5146895636049132
CROS FP Equity_DX_ACTIVE_AVAIL_SUPPLY_QTY,3,2007,-0.3527998946836258,6.754786785389156e-60,-0.4168082709087834,3.508447181174495e-85,-0.3429157564140763,3.523905933215321e-77,0.14059940196838694,-0.0006959236736934036,5.3465514402973895,0.12446776568877771,0.12403109125769984,6.754786785389208e-60,0.3527998946836258,0.4168082709087834,0.3429157564140763
CROS FP Equity_DX_ACTIVE_AVAILABILITY_VALUE,3,2007,-0.1712869320513453,1.1101267317075805e-14,-0.19015698369735745,8.535556494959299e-18,-0.15781601697811756,1.7355596627207334e-17,0.02072664564825022,-0.0001572168108278322,5.033241018863491,0.029339213091562844,0.02885509299834177,1.1101267317071602e-14,0.1712869320513453,0.19015698369735745,0.15781601697811756
