feature,lag,n_pairs,pearson_r,pearson_p,spearman_rho,spearman_p,kendall_tau,kendall_p,mutual_info,ols_slope,ols_intercept,ols_r2,ols_adj_r2,ols_slope_p,abs_pearson,abs_spearman,abs_kendall
CSH2 FP Equity_DX_DSS,3,2678,0.03592794362485994,0.06302975905296858,0.04936090426352881,0.010626050264850586,0.040342277611872236,0.010651772048824792,0.012273962603350785,364.28546352412883,634.3925364758719,0.0012908171331109664,0.0009176074235194287,0.06302975905296955,0.03592794362485994,0.04936090426352881,0.040342277611872236
