feature,lag,n_pairs,pearson_r,pearson_p,spearman_rho,spearman_p,kendall_tau,kendall_p,mutual_info,ols_slope,ols_intercept,ols_r2,ols_adj_r2,ols_slope_p,abs_pearson,abs_spearman,abs_kendall
DPAM FP Equity_DX_ACTIVE_AVAIL_SUPPLY_QTY,3,2589,0.01923863705698468,0.3278160531806425,0.030938027939389493,0.11553092931171244,0.025352338053032036,0.11551255763384348,0.0,2.0158576506633157,401.8420688321725,0.0003701251558105856,-1.6279898245930013e-05,0.32781605318063434,0.01923863705698468,0.030938027939389493,0.025352338053032036
DPAM FP Equity_DX_ACTIVE_AVAIL_SUPPLY_MV,3,2589,0.019238637056984677,0.3278160531806425,0.030938027939389493,0.11553092931171244,0.025352338053032036,0.11551255763384348,0.0,3494.1532611498155,401.8420688321725,0.0003701251558105856,-1.6279898245930013e-05,0.3278160531806279,0.019238637056984677,0.030938027939389493,0.025352338053032036
DPAM FP Equity_DX_ACTIVE_AVAILABILITY_VALUE,3,2589,0.019208046033923117,0.32858593039093903,0.030936813009161495,0.11554522918392553,0.025328767776653466,0.11578095328537831,0.0,0.00441891220978218,401.84229657316126,0.00036894903244166777,-1.7456476243182806e-05,0.3285859303909242,0.019208046033923117,0.030936813009161495,0.025328767776653466
