feature,lag,n_pairs,pearson_r,pearson_p,spearman_rho,spearman_p,kendall_tau,kendall_p,mutual_info,ols_slope,ols_intercept,ols_r2,ols_adj_r2,ols_slope_p,abs_pearson,abs_spearman,abs_kendall
EGRO FP Equity_DX_ACTIVE_AVAIL_SUPPLY_QTY,3,1003,0.028362812040873025,0.3695505114473555,0.04738933030989806,0.13366633042296186,0.03871851112937954,0.13361312867212458,1.3100212107763909e-05,0.0006809861051875675,10.406247974140834,0.0008044491068662785,-0.00019374824667339752,0.3695505114473394,0.028362812040873025,0.04738933030989806,0.03871851112937954
EGRO FP Equity_DX_ACTIVE_AVAILABILITY_VALUE,3,1003,0.028246380784298784,0.37151955323358876,0.04738305920541957,0.1337178223294105,0.038686307424480405,0.133872032777452,1.3100212107763909e-05,6.245307059816438e-05,10.406255356099532,0.0007978580274117242,-0.0002003459106230121,0.3715195532335802,0.028246380784298784,0.04738305920541957,0.038686307424480405
EGRO FP Equity_DX_ACTIVE_AVAIL_SUPPLY_MV,3,1003,0.020995117444509086,0.5065859176306907,0.028695442656531532,0.36396096236558406,0.02345399863150916,0.3637004380032569,0.0,47.53433133732548,10.406656686626752,0.0004407949565092828,-0.0005577656878898996,0.5065859176307019,0.020995117444509086,0.028695442656531532,0.02345399863150916
