feature,lag,n_pairs,pearson_r,pearson_p,spearman_rho,spearman_p,kendall_tau,kendall_p,mutual_info,ols_slope,ols_intercept,ols_r2,ols_adj_r2,ols_slope_p,abs_pearson,abs_spearman,abs_kendall
ENRG FP Equity_DX_DSS,3,4814,-0.22612753782888853,7.245484042723224e-57,-0.3433491218421883,2.8425441545040276e-133,-0.27576660502715833,4.6710794249872e-128,0.18052871403143644,-2.008376590635507,40.90364017386734,0.05113366336455538,0.050936475846551366,7.245484042673667e-57,0.22612753782888853,0.3433491218421883,0.27576660502715833
