feature,lag,n_pairs,pearson_r,pearson_p,spearman_rho,spearman_p,kendall_tau,kendall_p,mutual_info,ols_slope,ols_intercept,ols_r2,ols_adj_r2,ols_slope_p,abs_pearson,abs_spearman,abs_kendall
EQUA FP Equity_DX_ACTIVE_AVAIL_SUPPLY_MV,3,2366,-0.16821982157594084,1.7671460683602174e-16,-0.2683246514552094,2.671922766005144e-40,-0.21019810583991008,4.1044554377662835e-38,0.21212846912797323,-1.141624430771372,134.06428216671813,0.02829790837104129,0.027886866877120497,1.7671460683629737e-16,0.16821982157594084,0.2683246514552094,0.21019810583991008
EQUA FP Equity_DX_ACTIVE_AVAILABILITY_VALUE,3,2366,-0.16821199009172721,1.7728990497385893e-16,-0.2668812636078143,7.182659919438257e-40,-0.20246583423626868,4.9785303581760505e-36,0.21013532082481934,-1.1406144894745793e-06,134.06406839700858,0.028295273610619343,0.02788423100216364,1.7728990497393333e-16,0.16821199009172721,0.2668812636078143,0.20246583423626868
EQUA FP Equity_DX_ACTIVE_AVAIL_SUPPLY_QTY,3,2366,-0.16771912008912332,2.1746203060000368e-16,-0.27340836866169854,7.817705287137951e-42,-0.22083306183292933,3.5059613072347897e-41,0.19329232982915023,-0.00013345885517466799,134.0602313568405,0.028129703243469972,0.02771859059678794,2.1746203059952356e-16,0.16771912008912332,0.27340836866169854,0.22083306183292933
