feature,lag,n_pairs,pearson_r,pearson_p,spearman_rho,spearman_p,kendall_tau,kendall_p,mutual_info,ols_slope,ols_intercept,ols_r2,ols_adj_r2,ols_slope_p,abs_pearson,abs_spearman,abs_kendall
EVOE FP Equity_DX_ACTIVE_AVAIL_SUPPLY_MV,3,2360,0.2004409424606312,8.183571537931971e-23,0.15968933104675267,6.0119131063885346e-15,0.1304274951786731,8.762447156202679e-15,0.032032240207718,5646.4967493583445,139.40503250641586,0.040176571414505924,0.03976952161442737,8.183571537943714e-23,0.2004409424606312,0.15968933104675267,0.1304274951786731
EVOE FP Equity_DX_ACTIVE_AVAILABILITY_VALUE,3,2360,0.16918315351951546,1.2926972501272867e-16,0.0572095420864397,0.005435313019683318,0.04694453213869501,0.004908968188360918,0.09178707082122761,0.004665088276713672,139.30445528513897,0.02862293943480776,0.028210989875619874,1.2926972501277363e-16,0.16918315351951546,0.0572095420864397,0.04694453213869501
EVOE FP Equity_DX_ACTIVE_AVAIL_SUPPLY_QTY,3,2360,0.1497355158100137,2.641224873928124e-13,0.057158342453920145,0.005477169453872677,0.04640916539287353,0.005620288355480133,0.08495302263824589,0.7685459670736257,139.31916931436518,0.02242072469489087,0.022006144849553766,2.641224873927529e-13,0.1497355158100137,0.057158342453920145,0.04640916539287353
