feature,lag,n_pairs,pearson_r,pearson_p,spearman_rho,spearman_p,kendall_tau,kendall_p,mutual_info,ols_slope,ols_intercept,ols_r2,ols_adj_r2,ols_slope_p,abs_pearson,abs_spearman,abs_kendall
FCMC FP Equity_DX_ACTIVE_AVAIL_SUPPLY_QTY,3,1997,-0.2815523355709913,1.0495903600614703e-37,-0.2406963366022299,1.029841069570889e-27,-0.19514203641950567,8.374187096579937e-28,0.32904202347288747,-18.866302071904656,1255.3395635715265,0.07927171766547947,0.07881019972947212,1.049590360063337e-37,0.2815523355709913,0.2406963366022299,0.19514203641950567
FCMC FP Equity_DX_ACTIVE_AVAILABILITY_VALUE,3,1997,-0.2674612550784006,4.653226663768673e-34,-0.20442749265438595,2.7752362190298276e-20,-0.16584696949410993,1.1995940023091167e-21,0.5151959627118448,-0.015020026075206836,1255.2050051501024,0.0715355229681146,0.07107012724027906,4.653226663763387e-34,0.2674612550784006,0.20442749265438595,0.16584696949410993
FCMC FP Equity_DX_ACTIVE_AVAIL_SUPPLY_MV,3,1997,-0.24160541246624298,6.449001549123946e-28,-0.09750649807316603,1.2710662794528483e-05,-0.07923171309319062,1.444337122844204e-05,0.09283059931543458,-13257.776536344281,1248.2514232522542,0.05837317533298325,0.05790118193716021,6.449001549124576e-28,0.24160541246624298,0.09750649807316603,0.07923171309319062
