feature,lag,n_pairs,pearson_r,pearson_p,spearman_rho,spearman_p,kendall_tau,kendall_p,mutual_info,ols_slope,ols_intercept,ols_r2,ols_adj_r2,ols_slope_p,abs_pearson,abs_spearman,abs_kendall
FORE FP Equity_DX_ACTIVE_AVAIL_SUPPLY_QTY,3,1090,0.06184543801173585,0.04120632807849978,0.05100751383343075,0.09233945530358342,0.04224865565068368,0.09232710064740694,0.0,452.240009182735,667.7599908172654,0.0038248582028633793,0.0029092560504762055,0.04120632807849927,0.06184543801173585,0.05100751383343075,0.04224865565068368
FORE FP Equity_DX_ACTIVE_AVAILABILITY_VALUE,3,1090,0.061845438011735844,0.04120632807849978,0.05100751383343075,0.09233945530358342,0.04224865565068368,0.09232710064740694,0.0,0.41112728107521546,667.7599908172654,0.0038248582028633793,0.0029092560504762055,0.04120632807849781,0.061845438011735844,0.05100751383343075,0.04224865565068368
