feature,lag,n_pairs,pearson_r,pearson_p,spearman_rho,spearman_p,kendall_tau,kendall_p,mutual_info,ols_slope,ols_intercept,ols_r2,ols_adj_r2,ols_slope_p,abs_pearson,abs_spearman,abs_kendall
GJAJ FP Equity_DX_ACTIVE_AVAIL_SUPPLY_QTY,3,3409,-0.5523302090543311,1.3843850544659143e-271,-0.5055408487445789,1.2078475693165012e-220,-0.4227506541964584,1.989894819402156e-191,0.40145627454529365,-0.00018374728733945112,1.5990412461605994,0.30506865983400244,0.3048646882049546,1.3843850544593938e-271,0.5523302090543311,0.5055408487445789,0.4227506541964584
GJAJ FP Equity_DX_ACTIVE_AVAIL_SUPPLY_MV,3,3409,-0.552225657459303,1.8376867757714717e-271,-0.5051832547325864,2.7632699285976874e-220,-0.42245162177824336,3.6864450385558144e-191,0.40167679269772805,-110.25212286140551,1.5987302631579001,0.3049531767563596,0.30474917123148626,1.8376867757893173e-271,0.552225657459303,0.5051832547325864,0.42245162177824336
GJAJ FP Equity_DX_ACTIVE_AVAILABILITY_VALUE,3,3409,-0.11328592360149427,3.282142597599221e-11,-0.05765610002346646,0.0007573942806938982,-0.047976758905578884,0.00046218238968857297,0.25402336396148995,-2.9770892816329563e-05,1.2821716660661246,0.012833700486242106,0.012543953993869428,3.282142597600586e-11,0.11328592360149427,0.05765610002346646,0.047976758905578884
