feature,lag,n_pairs,pearson_r,pearson_p,spearman_rho,spearman_p,kendall_tau,kendall_p,mutual_info,ols_slope,ols_intercept,ols_r2,ols_adj_r2,ols_slope_p,abs_pearson,abs_spearman,abs_kendall
GLUX FP Equity_DX_DSS,3,4203,-0.029176823245350442,0.05857237575118447,-0.028901103780603222,0.060998212099976,-0.02360107504288058,0.06100606470449517,0.005494458903356869,-55.94912164801319,115.89662164801133,0.000851287014690616,0.000613451091580508,0.058572375751180294,0.029176823245350442,0.028901103780603222,0.02360107504288058
