feature,lag,n_pairs,pearson_r,pearson_p,spearman_rho,spearman_p,kendall_tau,kendall_p,mutual_info,ols_slope,ols_intercept,ols_r2,ols_adj_r2,ols_slope_p,abs_pearson,abs_spearman,abs_kendall
GOV10 FP Equity_DX_ACTIVE_AVAILABILITY_VALUE,3,318,0.2478199101104708,7.75609126388936e-06,0.29141029251100176,1.213773164073913e-07,0.23674249615438586,1.461291092262883e-07,0.08813282597624617,1.1562144905949558e-05,10.217309849441968,0.06141470784716174,0.05844450122642486,7.756091263884548e-06,0.2478199101104708,0.29141029251100176,0.23674249615438586
GOV10 FP Equity_DX_ACTIVE_AVAIL_SUPPLY_QTY,3,318,0.24765878146650158,7.865712316930819e-06,0.29042903442462226,1.3437156082266153e-07,0.23765763330487064,2.2365750797463617e-07,0.08068641518996023,0.00012036611660410772,10.217319145097965,0.06133487203747223,0.05836441277176796,7.865712316921468e-06,0.24765878146650158,0.29042903442462226,0.23765763330487064
GOV10 FP Equity_DX_ACTIVE_AVAIL_SUPPLY_MV,3,318,0.24756358375621196,7.931169505519354e-06,0.29042903442462226,1.3437156082266153e-07,0.23765763330487064,2.2365750797463617e-07,0.08051801892385213,10.232582322356741,10.217335633236317,0.06128772800221871,0.05831711954652952,7.931169505523567e-06,0.24756358375621196,0.29042903442462226,0.23765763330487064
