feature,lag,n_pairs,pearson_r,pearson_p,spearman_rho,spearman_p,kendall_tau,kendall_p,mutual_info,ols_slope,ols_intercept,ols_r2,ols_adj_r2,ols_slope_p,abs_pearson,abs_spearman,abs_kendall
HLT FP Equity_DX_DSS,3,4854,-0.2868496604526603,1.355550584925949e-92,-0.32540288040125037,4.204632556944111e-120,-0.2658123739225985,4.064952371652657e-114,0.1057506934070962,-44.681266510232604,83.83305898028719,0.08228272770180634,0.08209358564238778,1.3555505849240643e-92,0.2868496604526603,0.32540288040125037,0.2658123739225985
