feature,lag,n_pairs,pearson_r,pearson_p,spearman_rho,spearman_p,kendall_tau,kendall_p,mutual_info,ols_slope,ols_intercept,ols_r2,ols_adj_r2,ols_slope_p,abs_pearson,abs_spearman,abs_kendall
INS FP Equity_DX_DSS,3,4787,-0.20569263720077166,6.729948881823757e-47,-0.22826010675055294,1.2685701022436503e-57,-0.18474412018454178,7.699844670042962e-56,0.09435222685392541,-7.2671857044791945,33.89865951146433,0.04230946099860822,0.04210931668533735,6.729948881844018e-47,0.20569263720077166,0.22826010675055294,0.18474412018454178
