feature,lag,n_pairs,pearson_r,pearson_p,spearman_rho,spearman_p,kendall_tau,kendall_p,mutual_info,ols_slope,ols_intercept,ols_r2,ols_adj_r2,ols_slope_p,abs_pearson,abs_spearman,abs_kendall
IQEC FP Equity_DX_ACTIVE_AVAIL_SUPPLY_QTY,3,2087,-0.02145491526572624,0.32725133371132087,-0.022059827133551098,0.31379388836811173,-0.01803644411159637,0.31367873297261395,0.0,-0.003478803131991425,24.453640939597324,0.0004603133890593858,-1.9082144087301245e-05,0.32725133371128556,0.02145491526572624,0.022059827133551098,0.01803644411159637
IQEC FP Equity_DX_ACTIVE_AVAILABILITY_VALUE,3,2087,-0.02145491526572624,0.32725133371132087,-0.022059827133551098,0.31379388836811173,-0.01803644411159637,0.31367873297261395,0.0,-0.00014841310290066492,24.453640939597324,0.0004603133890593858,-1.9082144087301245e-05,0.32725133371126247,0.02145491526572624,0.022059827133551098,0.01803644411159637
IQEC FP Equity_DX_ACTIVE_AVAIL_SUPPLY_MV,3,2087,-0.02145491526572624,0.32725133371132087,-0.022059827133551098,0.31379388836811173,-0.01803644411159637,0.31367873297261395,0.0,-104.36409395974546,24.453640939597324,0.0004603133890593858,-1.9082144087301245e-05,0.3272513337112749,0.02145491526572624,0.022059827133551098,0.01803644411159637
