feature,lag,n_pairs,pearson_r,pearson_p,spearman_rho,spearman_p,kendall_tau,kendall_p,mutual_info,ols_slope,ols_intercept,ols_r2,ols_adj_r2,ols_slope_p,abs_pearson,abs_spearman,abs_kendall
MFA8 FP Equity_DX_ACTIVE_AVAIL_SUPPLY_MV,3,103,0.259283722509916,0.00817587655090691,0.863762577796812,7.89914704148669e-32,0.6933853321107912,2.2777831101317572e-24,0.8332789590187715,0.151969991857954,84.01623869360643,0.06722804875859878,0.05799268290472348,0.008175876550906814,0.259283722509916,0.863762577796812,0.6933853321107912
MFA8 FP Equity_DX_ACTIVE_AVAILABILITY_VALUE,3,103,0.25926518226450557,0.008180609569639723,0.8659572391757094,3.682456635758813e-32,0.6959839112240722,1.854848686942206e-24,0.8173635042346796,1.5199721782914996e-07,84.01568729516529,0.06721843473464717,0.057982973692415896,0.00818060956963951,0.25926518226450557,0.8659572391757094,0.6959839112240722
MFA8 FP Equity_DX_ACTIVE_AVAIL_SUPPLY_QTY,3,103,0.25452761118255846,0.009472130530613257,0.6618197173585222,2.717602607722782e-14,0.5496663909422611,3.680902584156357e-12,0.3946973678161725,1.5105056478480511e-05,84.18089157654573,0.06478430485429965,0.055524743516223385,0.009472130530613115,0.25452761118255846,0.6618197173585222,0.5496663909422611
