feature,lag,n_pairs,pearson_r,pearson_p,spearman_rho,spearman_p,kendall_tau,kendall_p,mutual_info,ols_slope,ols_intercept,ols_r2,ols_adj_r2,ols_slope_p,abs_pearson,abs_spearman,abs_kendall
MHM FP Equity_DX_DSS,3,4676,-0.025218664925515343,0.08465408745434753,0.060402834314300595,3.5791371839594756e-05,0.05008813563579429,3.627921405883129e-05,0.03398617930893488,-0.06709044702291525,0.13952947141316105,0.0006359810606255678,0.000422167620544478,0.08465408745435254,0.025218664925515343,0.060402834314300595,0.05008813563579429
