feature,lag,n_pairs,pearson_r,pearson_p,spearman_rho,spearman_p,kendall_tau,kendall_p,mutual_info,ols_slope,ols_intercept,ols_r2,ols_adj_r2,ols_slope_p,abs_pearson,abs_spearman,abs_kendall
MLAAT FP Equity_DX_ACTIVE_AVAILABILITY_VALUE,3,1047,0.08258798187911764,0.007501793980837914,0.19448094079897318,2.2089403381152247e-10,0.16251424037578482,1.6424223767714968e-10,0.15170047760473437,6.170507230287296e-05,0.2150341006008218,0.00682077475086551,0.005870364009000317,0.0075017939808374404,0.08258798187911764,0.19448094079897318,0.16251424037578482
MLAAT FP Equity_DX_ACTIVE_AVAIL_SUPPLY_QTY,3,1047,0.08194648802442242,0.007981085186996511,0.19425470524468816,2.319565695099559e-10,0.16140419462581254,2.763221684470146e-10,0.14835553658851697,1.8399837988806233e-05,0.21504797467625278,0.006715226899537297,0.005764715154943589,0.007981085186996332,0.08194648802442242,0.19425470524468816,0.16140419462581254
