feature,lag,n_pairs,pearson_r,pearson_p,spearman_rho,spearman_p,kendall_tau,kendall_p,mutual_info,ols_slope,ols_intercept,ols_r2,ols_adj_r2,ols_slope_p,abs_pearson,abs_spearman,abs_kendall
MLALE FP Equity_DX_ACTIVE_AVAIL_SUPPLY_QTY,3,742,-0.13219958917006103,0.0003051805754912095,-0.20262521041503154,2.5768359988896452e-08,-0.17658290477347055,3.4734559979496567e-08,0.061189444769644386,-4.938958738478246e-06,1.0380760719225508,0.01747673137673289,0.01614899722994456,0.00030518057549126326,0.13219958917006103,0.20262521041503154,0.17658290477347055
MLALE FP Equity_DX_ACTIVE_AVAILABILITY_VALUE,3,742,-0.13219958917006103,0.0003051805754912095,-0.20262521041503154,2.5768359988896452e-08,-0.17658290477347055,3.4734559979496567e-08,0.061189444769644386,-0.0049389587384782805,1.0380760719225508,0.01747673137673289,0.01614899722994456,0.00030518057549123057,0.13219958917006103,0.20262521041503154,0.17658290477347055
MLALE FP Equity_DX_ACTIVE_AVAIL_SUPPLY_MV,3,742,-0.13219634912364853,0.0003052856602818661,-0.20251143525880233,2.6244636257422495e-08,-0.17597977405830362,3.657808323293662e-08,0.05989148357780616,-1.7897815861282176,1.038074791459942,0.017475874721620932,0.01614813941719062,0.0003052856602818655,0.13219634912364853,0.20251143525880233,0.17597977405830362
