feature,lag,n_pairs,pearson_r,pearson_p,spearman_rho,spearman_p,kendall_tau,kendall_p,mutual_info,ols_slope,ols_intercept,ols_r2,ols_adj_r2,ols_slope_p,abs_pearson,abs_spearman,abs_kendall
MLBON FP Equity_DX_ACTIVE_AVAILABILITY_VALUE,3,707,0.11442004114250312,0.0023113974164984865,0.13399490694280464,0.0003533564243021092,0.11789327259352772,0.00036095400166486885,0.0022506144284726304,0.0005678998232571497,14.09331977592363,0.013091945815052242,0.011692076234648185,0.0023113974164985446,0.11442004114250312,0.13399490694280464,0.11789327259352772
MLBON FP Equity_DX_ACTIVE_AVAIL_SUPPLY_QTY,3,707,0.11332199626410158,0.002548137486380189,0.13390570676099822,0.00035660988139372767,0.11773927585914985,0.00037057277374444997,0.0022506144284726304,0.009325667440510686,14.093608531630869,0.012841874837281386,0.011441650546270554,0.0025481374863803113,0.11332199626410158,0.13390570676099822,0.11773927585914985
MLBON FP Equity_DX_ACTIVE_AVAIL_SUPPLY_MV,3,707,0.08222232072986962,0.028809602254130425,0.08232434936275768,0.02861109024221864,0.07248764948560325,0.028712436237072814,0.0,299.4034090909145,14.105965909090914,0.00676051002620548,0.005351659685817189,0.028809602254127546,0.08222232072986962,0.08232434936275768,0.07248764948560325
