feature,lag,n_pairs,pearson_r,pearson_p,spearman_rho,spearman_p,kendall_tau,kendall_p,mutual_info,ols_slope,ols_intercept,ols_r2,ols_adj_r2,ols_slope_p,abs_pearson,abs_spearman,abs_kendall
MLCFM FP Equity_DX_ACTIVE_AVAILABILITY_VALUE,3,1883,-0.23784535273451785,1.255758871930615e-25,-0.03870582892464621,0.0931331174042887,-0.03146687927163267,0.09506097470384157,0.03538985750038104,-0.0009506578738483627,1023.097266102376,0.056570411817408295,0.05606885435425968,1.2557588719316565e-25,0.23784535273451785,0.03870582892464621,0.03146687927163267
MLCFM FP Equity_DX_ACTIVE_AVAIL_SUPPLY_MV,3,1883,-0.23362734161871193,9.26015757581183e-25,-0.03942111678866409,0.08723796540518329,-0.03222840795280547,0.08761354724304583,0.04152980648837512,-591.879915711821,1022.9513437458381,0.05458173475182637,0.0540791200440921,9.260157575820592e-25,0.23362734161871193,0.03942111678866409,0.03222840795280547
MLCFM FP Equity_DX_ACTIVE_AVAIL_SUPPLY_QTY,3,1883,-0.2292336175911576,7.118467226560272e-24,-0.03799766614029702,0.09928006893149134,-0.03106400950231093,0.09972145263148573,0.03642747645842204,-0.7292152418665275,1022.8253450713402,0.05254805143392971,0.05204435555484088,7.118467226543528e-24,0.2292336175911576,0.03799766614029702,0.03106400950231093
