feature,lag,n_pairs,pearson_r,pearson_p,spearman_rho,spearman_p,kendall_tau,kendall_p,mutual_info,ols_slope,ols_intercept,ols_r2,ols_adj_r2,ols_slope_p,abs_pearson,abs_spearman,abs_kendall
MLCHE FP Equity_DX_ACTIVE_AVAILABILITY_VALUE,3,2179,0.758862813832581,0.0,0.7105606472602939,0.0,0.6077307595592933,4.593297959479287e-307,1.1637056311962088,0.03080369787350014,18.961077342796063,0.5758727702179027,0.5756779483392707,0.0,0.758862813832581,0.7105606472602939,0.6077307595592933
MLCHE FP Equity_DX_ACTIVE_AVAIL_SUPPLY_QTY,3,2179,0.7497419771628894,0.0,0.6724686710477186,7.637401633930884e-287,0.5528742171981195,3.4011885591221447e-216,0.6083782022769986,1.9078946738211093,19.098656294200822,0.5621130323201184,0.5619118899371696,0.0,0.7497419771628894,0.6724686710477186,0.5528742171981195
