feature,lag,n_pairs,pearson_r,pearson_p,spearman_rho,spearman_p,kendall_tau,kendall_p,mutual_info,ols_slope,ols_intercept,ols_r2,ols_adj_r2,ols_slope_p,abs_pearson,abs_spearman,abs_kendall
MLCMB FP Equity_DX_ACTIVE_AVAIL_SUPPLY_QTY,3,4384,-0.6164233441105402,0.0,-0.7427320494087791,0.0,-0.585001488166944,0.0,0.6294703779669226,-0.21499015855141315,108.54359762434008,0.3799777391644207,0.3798362461792917,0.0,0.6164233441105402,0.7427320494087791,0.585001488166944
MLCMB FP Equity_DX_ACTIVE_AVAIL_SUPPLY_MV,3,4384,-0.5900046846906466,0.0,-0.785787545849634,0.0,-0.6152490446559992,0.0,0.696753685524075,-2813.4805111344995,106.76760211219087,0.3481055279569085,0.34795676153243504,0.0,0.5900046846906466,0.785787545849634,0.6152490446559992
MLCMB FP Equity_DX_ACTIVE_AVAILABILITY_VALUE,3,4384,0.003915273217375851,0.7955084883872964,-0.7229458750003004,0.0,-0.5253859149307348,0.0,0.7029798658944366,7.252780440714665e-08,86.6063017540308,1.5329364366878373e-05,-0.00021287343586928742,0.7955084883873147,0.003915273217375851,0.7229458750003004,0.5253859149307348
