feature,lag,n_pairs,pearson_r,pearson_p,spearman_rho,spearman_p,kendall_tau,kendall_p,mutual_info,ols_slope,ols_intercept,ols_r2,ols_adj_r2,ols_slope_p,abs_pearson,abs_spearman,abs_kendall
MLCMG FP Equity_DX_ACTIVE_AVAIL_SUPPLY_MV,3,1068,0.10758234690551209,0.00042841890987915354,0.036113098323659595,0.23832317707170894,0.09113546619984306,5.487573098636942e-05,1.2397686814503754,6.186147970540767,2.0313440960082483,0.011573961365697438,0.010646732436397022,0.00042841890987918303,0.10758234690551209,0.036113098323659595,0.09113546619984306
MLCMG FP Equity_DX_ACTIVE_AVAILABILITY_VALUE,3,1068,0.09906988702433672,0.0011877018780693017,0.05018044041339998,0.10120856641401747,0.14583121316399714,3.9599429408993487e-11,1.6583974723494457,5.603701109616348e-06,2.0364573059016786,0.009814842515013522,0.008885963380412254,0.0011877018780692963,0.09906988702433672,0.05018044041339998,0.14583121316399714
MLCMG FP Equity_DX_ACTIVE_AVAIL_SUPPLY_QTY,3,1068,-0.08241947222108884,0.007040501636556576,0.03547870244369691,0.24667616546877874,0.030757357805474516,0.2243931110477333,0.46141509419116034,-2.2993713051226335e-05,2.433354173199422,0.006792969401201887,0.005861255488820327,0.007040501636557158,0.08241947222108884,0.03547870244369691,0.030757357805474516
