feature,lag,n_pairs,pearson_r,pearson_p,spearman_rho,spearman_p,kendall_tau,kendall_p,mutual_info,ols_slope,ols_intercept,ols_r2,ols_adj_r2,ols_slope_p,abs_pearson,abs_spearman,abs_kendall
MLEAS FP Equity_DX_ACTIVE_AVAILABILITY_VALUE,3,1088,0.05350378295104499,0.07772373922402713,-0.12681893825200663,2.7257834208401816e-05,-0.11888259253851384,5.100957529426238e-07,0.8799408221523715,0.00019512246965344045,1.227236635179255,0.0028626547900721944,0.0019444804390501558,0.07772373922405836,0.05350378295104499,0.12681893825200663,0.11888259253851384
MLEAS FP Equity_DX_ACTIVE_AVAIL_SUPPLY_QTY,3,1088,-0.0532593792132581,0.07909193692227068,-0.21725549251254656,4.3371200907841796e-13,-0.19680021655125085,2.9667324852830056e-16,0.5978043072331483,-0.000250028089887649,1.2773649413417079,0.0028365614741820977,0.001918363096165665,0.07909193692225946,0.0532593792132581,0.21725549251254656,0.19680021655125085
