feature,lag,n_pairs,pearson_r,pearson_p,spearman_rho,spearman_p,kendall_tau,kendall_p,mutual_info,ols_slope,ols_intercept,ols_r2,ols_adj_r2,ols_slope_p,abs_pearson,abs_spearman,abs_kendall
MLFIR FP Equity_DX_ACTIVE_AVAIL_SUPPLY_QTY,3,990,-0.4618704021894894,1.8257042449052268e-53,-0.4052241702793126,2.04842118102133e-40,-0.35078808653419086,3.4221998802305167e-37,0.2064844974051261,-4.6713713984856506e-05,27.246903789951485,0.21332426841868068,0.21252803792112884,1.8257042449069903e-53,0.4618704021894894,0.4052241702793126,0.35078808653419086
MLFIR FP Equity_DX_ACTIVE_AVAIL_SUPPLY_MV,3,990,-0.4550264891010156,9.384685435988362e-52,-0.40520967613209136,2.0627653580849655e-40,-0.3490761248426031,3.116803027430109e-37,0.19310482296933396,-8.658991462578195,27.202096632090118,0.2070491057835966,0.20624652390685938,9.384685435988882e-52,0.4550264891010156,0.40520967613209136,0.3490761248426031
MLFIR FP Equity_DX_ACTIVE_AVAILABILITY_VALUE,3,990,-0.3423772738763523,1.3100783225764383e-28,-0.3079985204621586,3.3780474723871685e-23,-0.2656113083149174,3.489790551897016e-22,0.10027720036494259,-8.1212486246015e-06,26.53974900145252,0.11722219766700337,0.11632869786707123,1.3100783225745951e-28,0.3423772738763523,0.3079985204621586,0.2656113083149174
