feature,lag,n_pairs,pearson_r,pearson_p,spearman_rho,spearman_p,kendall_tau,kendall_p,mutual_info,ols_slope,ols_intercept,ols_r2,ols_adj_r2,ols_slope_p,abs_pearson,abs_spearman,abs_kendall
MLFTI FP Equity_DX_ACTIVE_AVAIL_SUPPLY_QTY,3,2178,-0.01180644431559868,0.581840447048819,-0.009359610159906573,0.6624283762532439,-0.0077035000097826585,0.6623261703242367,0.0,-0.0001623093706936162,0.3331568672485088,0.00013939212737779094,-0.00032010263726967025,0.5818404470488205,0.01180644431559868,0.009359610159906573,0.0077035000097826585
MLFTI FP Equity_DX_ACTIVE_AVAILABILITY_VALUE,3,2178,-0.011806444315598673,0.581840447048819,-0.009359610159906573,0.6624283762532439,-0.0077035000097826585,0.6623261703242367,0.0,-0.003958765138868687,0.3331568672485088,0.00013939212737779094,-0.00032010263726967025,0.581840447048819,0.011806444315598673,0.009359610159906573,0.0077035000097826585
