feature,lag,n_pairs,pearson_r,pearson_p,spearman_rho,spearman_p,kendall_tau,kendall_p,mutual_info,ols_slope,ols_intercept,ols_r2,ols_adj_r2,ols_slope_p,abs_pearson,abs_spearman,abs_kendall
MLGEQ FP Equity_DX_ACTIVE_AVAIL_SUPPLY_QTY,3,1107,-0.36136051659968454,1.7523540481842357e-35,-0.47491453453280796,2.3603115772272064e-63,-0.37318077271829325,5.701854998114835e-59,0.4416477251153448,-5.8916405061584944e-05,0.0937737725993519,0.13058142295719166,0.12979461881507148,1.7523540481838984e-35,0.36136051659968454,0.47491453453280796,0.37318077271829325
MLGEQ FP Equity_DX_ACTIVE_AVAILABILITY_VALUE,3,1107,-0.31341627997052923,1.1775843815619753e-26,-0.3986257789316304,1.7994658069300905e-43,-0.2734311719746731,3.69279633514807e-34,0.7033444723233289,-0.002770587049420359,0.08827153117433013,0.09822976455056487,0.09741368288952468,1.1775843815622079e-26,0.31341627997052923,0.3986257789316304,0.2734311719746731
