feature,lag,n_pairs,pearson_r,pearson_p,spearman_rho,spearman_p,kendall_tau,kendall_p,mutual_info,ols_slope,ols_intercept,ols_r2,ols_adj_r2,ols_slope_p,abs_pearson,abs_spearman,abs_kendall
MLGRC FP Equity_DX_ACTIVE_AVAILABILITY_VALUE,3,2637,0.27032267398055165,2.18382933205762e-45,0.17534419351129119,1.1867430636877312e-19,0.1523600033531865,8.934435515401223e-22,0.6385898397510594,0.0004508122176763199,6.865647245583486,0.07307434806799595,0.07272257362703494,2.1838293320560746e-45,0.27032267398055165,0.17534419351129119,0.1523600033531865
MLGRC FP Equity_DX_ACTIVE_AVAIL_SUPPLY_QTY,3,2637,-0.23063065985872175,3.561980585942009e-33,-0.14612168574841103,4.6799739335473175e-14,-0.13686293300667882,1.0396317837685855e-17,0.873227265612841,-0.010459502356874638,12.573415263996491,0.05319050126686886,0.05283118077399096,3.561980585943941e-33,0.23063065985872175,0.14612168574841103,0.13686293300667882
MLGRC FP Equity_DX_ACTIVE_AVAIL_SUPPLY_MV,3,2637,-0.024162968896245335,0.21482637160665077,-0.0839597411951228,1.581229311887092e-05,-0.08113729571765267,1.4031276862471746e-06,0.33419346335422206,-37.83512765636249,9.251566406999741,0.0005838490658801598,0.00020456399911183976,0.2148263716066307,0.024162968896245335,0.0839597411951228,0.08113729571765267
