feature,lag,n_pairs,pearson_r,pearson_p,spearman_rho,spearman_p,kendall_tau,kendall_p,mutual_info,ols_slope,ols_intercept,ols_r2,ols_adj_r2,ols_slope_p,abs_pearson,abs_spearman,abs_kendall
MLIML FP Equity_DX_ACTIVE_AVAIL_SUPPLY_QTY,3,1925,-0.012370179296253236,0.5875377230434065,-0.006421091303785423,0.7782930721800251,-0.0052675796084054455,0.7782110896050798,0.0,-0.0016252304227304453,0.7875691268191287,0.00015302133582228983,-0.0003669198907321203,0.5875377230434028,0.012370179296253236,0.006421091303785423,0.0052675796084054455
MLIML FP Equity_DX_ACTIVE_AVAILABILITY_VALUE,3,1925,-0.012370179296253236,0.5875377230434065,-0.006421091303785423,0.7782930721800251,-0.0052675796084054455,0.7782110896050798,0.0,-0.0037796056342568433,0.7875691268191253,0.00015302133582173472,-0.0003669198907327864,0.5875377230434041,0.012370179296253236,0.006421091303785423,0.0052675796084054455
