feature,lag,n_pairs,pearson_r,pearson_p,spearman_rho,spearman_p,kendall_tau,kendall_p,mutual_info,ols_slope,ols_intercept,ols_r2,ols_adj_r2,ols_slope_p,abs_pearson,abs_spearman,abs_kendall
MLMAD FP Equity_DX_ACTIVE_AVAILABILITY_VALUE,3,2055,0.16429296004715802,6.670809114677389e-14,0.3097934275692674,5.934302793413268e-47,0.237658709388128,7.744524917904073e-43,0.5690109568181012,8.215609970051262e-05,6.662418054063785,0.02699217672105725,0.026518232335631553,6.670809114690364e-14,0.16429296004715802,0.3097934275692674,0.237658709388128
MLMAD FP Equity_DX_ACTIVE_AVAIL_SUPPLY_QTY,3,2055,0.13993264815018855,1.8785943003692175e-10,0.30897786459771703,1.0550917817004864e-46,0.23496798393538218,1.5033845582145565e-41,0.579998519020767,0.0005424436374242455,6.69596852110058,0.019581146018324502,0.019103591778684148,1.8785943003665344e-10,0.13993264815018855,0.30897786459771703,0.23496798393538218
MLMAD FP Equity_DX_ACTIVE_AVAIL_SUPPLY_MV,3,2055,0.11033660509136194,5.32924551586654e-07,0.057394297541207895,0.009258279809296154,0.044990130780567725,0.011670656610603724,0.216166965266122,52.21497838554104,6.735738948969478,0.012174166423086996,0.011693004302494203,5.329245515857761e-07,0.11033660509136194,0.057394297541207895,0.044990130780567725
