feature,lag,n_pairs,pearson_r,pearson_p,spearman_rho,spearman_p,kendall_tau,kendall_p,mutual_info,ols_slope,ols_intercept,ols_r2,ols_adj_r2,ols_slope_p,abs_pearson,abs_spearman,abs_kendall
MLMCA FP Equity_DX_ACTIVE_AVAIL_SUPPLY_QTY,3,378,-0.08838372011598375,0.08615389804361738,-0.08548514311739311,0.09700386597354413,-0.07087356046829903,0.0990861042477934,0.0755890520718463,-0.0005183284773928928,6.153409937292423,0.007811681981540586,0.005172883263406369,0.08615389804362271,0.08838372011598375,0.08548514311739311,0.07087356046829903
MLMCA FP Equity_DX_ACTIVE_AVAILABILITY_VALUE,3,378,-0.08612543951736203,0.09451796364515007,-0.08573358168458495,0.09603320947424827,-0.07145749918601577,0.0956077354392223,0.07360194636729389,-9.33597282655954e-05,6.1536167751178175,0.0074175913320586595,0.0047777445004950625,0.09451796364515211,0.08612543951736203,0.08573358168458495,0.07145749918601577
MLMCA FP Equity_DX_ACTIVE_AVAIL_SUPPLY_MV,3,378,-0.06132884766306814,0.23422721916841346,-0.06259604497020006,0.22468412672757096,-0.052700803819956045,0.22421534224465034,0.04557759777225545,-43.97150537634408,6.148048387096771,0.003761227555679536,0.001111656352370205,0.23422721916841416,0.06132884766306814,0.06259604497020006,0.052700803819956045
