feature,lag,n_pairs,pearson_r,pearson_p,spearman_rho,spearman_p,kendall_tau,kendall_p,mutual_info,ols_slope,ols_intercept,ols_r2,ols_adj_r2,ols_slope_p,abs_pearson,abs_spearman,abs_kendall
MLMGL FP Equity_DX_ACTIVE_AVAIL_SUPPLY_QTY,3,1676,-0.08314925016750535,0.0006558314250889082,-0.07796402369035019,0.00140195107946707,-0.06401137237602779,0.0014187200018610294,0.030302907111758648,-0.015897107520446808,12.138264512268085,0.006913797803418609,0.006320556344519779,0.0006558314250889209,0.08314925016750535,0.07796402369035019,0.06401137237602779
MLMGL FP Equity_DX_ACTIVE_AVAILABILITY_VALUE,3,1676,-0.08314925016750535,0.0006558314250889082,-0.07796402369035019,0.00140195107946707,-0.06401137237602779,0.0014187200018610294,0.030302907111758648,-0.00611427212324875,12.138264512268083,0.006913797803418387,0.006320556344519557,0.0006558314250889583,0.08314925016750535,0.07796402369035019,0.06401137237602779
