feature,lag,n_pairs,pearson_r,pearson_p,spearman_rho,spearman_p,kendall_tau,kendall_p,mutual_info,ols_slope,ols_intercept,ols_r2,ols_adj_r2,ols_slope_p,abs_pearson,abs_spearman,abs_kendall
MLMIB FP Equity_DX_ACTIVE_AVAILABILITY_VALUE,3,1050,0.20905570709178536,7.817876908690968e-12,-0.32498902112945277,2.981709710346235e-27,-0.24495680443614773,2.927050241263329e-26,0.8847093349744903,9.164778836798878e-05,0.5959283940904594,0.04370428866764653,0.04279179275988676,7.817876908691422e-12,0.20905570709178536,0.32498902112945277,0.24495680443614773
MLMIB FP Equity_DX_ACTIVE_AVAIL_SUPPLY_MV,3,1050,0.20134699739886452,4.574626880596312e-11,-0.03919096372088136,0.20447416017190465,-0.03318176924768958,0.20432428417879844,0.2324466829602332,84.61146560150979,0.6014122257053239,0.04054061336153869,0.03962509867963182,4.574626880596862e-11,0.20134699739886452,0.03919096372088136,0.03318176924768958
MLMIB FP Equity_DX_ACTIVE_AVAIL_SUPPLY_QTY,3,1050,0.06672442651047078,0.030621812335388285,-0.429563347879112,2.1681683034495083e-48,-0.36024142171537565,4.974911836147905e-53,0.622220339550962,7.693140026305279e-05,0.636844479996715,0.004452149093151281,0.0035021988537363713,0.030621812335389853,0.06672442651047078,0.429563347879112,0.36024142171537565
