feature,lag,n_pairs,pearson_r,pearson_p,spearman_rho,spearman_p,kendall_tau,kendall_p,mutual_info,ols_slope,ols_intercept,ols_r2,ols_adj_r2,ols_slope_p,abs_pearson,abs_spearman,abs_kendall
MLNMA FP Equity_DX_ACTIVE_AVAIL_SUPPLY_QTY,3,3190,-0.18305258117105638,1.9479779334720034e-25,-0.34768211189603504,2.621215013323164e-91,-0.2847602513833976,7.58740077346801e-86,0.15450598455292486,-0.007328300656329593,1.0928423105431144,0.03350824747338621,0.033205081929933766,1.947977933470712e-25,0.18305258117105638,0.34768211189603504,0.2847602513833976
MLNMA FP Equity_DX_ACTIVE_AVAILABILITY_VALUE,3,3190,-0.1801357587222816,1.1344839214844281e-24,-0.3466226755591658,9.972609649971617e-91,-0.27604580592923156,1.4323685604610806e-82,0.19204830506654225,-0.06740365711568738,1.0923065450062575,0.032448891570452054,0.0321453937321744,1.1344839214835825e-24,0.1801357587222816,0.3466226755591658,0.27604580592923156
