feature,lag,n_pairs,pearson_r,pearson_p,spearman_rho,spearman_p,kendall_tau,kendall_p,mutual_info,ols_slope,ols_intercept,ols_r2,ols_adj_r2,ols_slope_p,abs_pearson,abs_spearman,abs_kendall
MLOCT FP Equity_DX_ACTIVE_AVAIL_SUPPLY_QTY,3,1819,-0.18155851774448165,6.043519967503693e-15,-0.49860444385835534,6.300118241923259e-115,-0.37251216178608365,4.537573875146439e-93,0.6709984775869897,-0.0009413191426438104,2.525757788665433,0.0329634953655733,0.032431279347612696,6.0435199675074055e-15,0.18155851774448165,0.49860444385835534,0.37251216178608365
MLOCT FP Equity_DX_ACTIVE_AVAILABILITY_VALUE,3,1819,-0.12314471729543146,1.3751065622356227e-07,-0.4816854126671285,2.6829717129663203e-106,-0.3290784276102279,9.727323777462788e-77,0.7957014419154045,-0.000700442262169886,2.42476732031251,0.015164621397771305,0.014622609631892325,1.3751065622357558e-07,0.12314471729543146,0.4816854126671285,0.3290784276102279
