feature,lag,n_pairs,pearson_r,pearson_p,spearman_rho,spearman_p,kendall_tau,kendall_p,mutual_info,ols_slope,ols_intercept,ols_r2,ols_adj_r2,ols_slope_p,abs_pearson,abs_spearman,abs_kendall
MLONL FP Equity_DX_ACTIVE_AVAILABILITY_VALUE,3,934,0.009511841942995626,0.7715770874761683,0.049752490170019044,0.1286590112089708,0.04106827737538957,0.12484626193041697,0.021090408695674245,1.2326039585966461e-05,2.325856448740055,9.0475137148327e-05,-0.000982389159914998,0.771577087476159,0.009511841942995626,0.049752490170019044,0.04106827737538957
MLONL FP Equity_DX_ACTIVE_AVAIL_SUPPLY_QTY,3,934,0.008287886644744762,0.8003032330989327,0.049252580648493326,0.13254901322223595,0.04056301856058851,0.13016650853654432,0.022674877060644416,2.6442366908339816e-05,2.3259905374847363,6.868906503609828e-05,-0.0010041986076410048,0.8003032330989436,0.008287886644744762,0.049252580648493326,0.04056301856058851
MLONL FP Equity_DX_ACTIVE_AVAIL_SUPPLY_MV,3,934,0.002316774423480173,0.9436292154610869,-0.0031578454686405017,0.9232193935311162,-0.0026000319740898032,0.9231579861051344,0.004703122993820585,3.669721329046664,2.326605573419078,5.367443729364929e-06,-0.0010675881706014856,0.9436292154610797,0.002316774423480173,0.0031578454686405017,0.0026000319740898032
