feature,lag,n_pairs,pearson_r,pearson_p,spearman_rho,spearman_p,kendall_tau,kendall_p,mutual_info,ols_slope,ols_intercept,ols_r2,ols_adj_r2,ols_slope_p,abs_pearson,abs_spearman,abs_kendall
MLORQ FP Equity_DX_ACTIVE_AVAILABILITY_VALUE,3,704,0.1630113991735303,1.382634106099455e-05,0.17998263764396027,1.5375273621587008e-06,0.15591192437228987,1.5682071460088934e-06,0.09706517302196382,0.0007984052941337841,1.3593894787273673,0.02657271626051183,0.02518606770817644,1.3826341060993491e-05,0.1630113991735303,0.17998263764396027,0.15591192437228987
MLORQ FP Equity_DX_ACTIVE_AVAIL_SUPPLY_QTY,3,704,0.15895877134450528,2.2639814421149496e-05,0.1795232589464811,1.6363141141203565e-06,0.15507616302206476,1.9368303997721706e-06,0.0898561967034579,0.0011624137209788718,1.3594729136164005,0.025267890987354713,0.023879383709559,2.2639814421151247e-05,0.15895877134450528,0.1795232589464811,0.15507616302206476
