feature,lag,n_pairs,pearson_r,pearson_p,spearman_rho,spearman_p,kendall_tau,kendall_p,mutual_info,ols_slope,ols_intercept,ols_r2,ols_adj_r2,ols_slope_p,abs_pearson,abs_spearman,abs_kendall
MLPHO FP Equity_DX_ACTIVE_AVAIL_SUPPLY_MV,3,1379,-0.29213481485076015,1.548439104888714e-28,-0.7895160392187435,3.0170825278542373e-294,-0.6139962965261525,8.805978701396724e-192,0.8000956407322932,-13.079685644237472,2.143886178556028,0.08534275004788805,0.08467851094116907,1.5484391048885033e-28,0.29213481485076015,0.7895160392187435,0.6139962965261525
MLPHO FP Equity_DX_ACTIVE_AVAIL_SUPPLY_QTY,3,1379,-0.291730826393039,1.8517634962169261e-28,-0.7924658771331161,5.627299965005698e-298,-0.6216015132350844,5.848031377325423e-196,0.7459850905823986,-1.6072627053501435e-06,2.1423578371529914,0.08510687506796566,0.08444246466496497,1.8517634962162795e-28,0.291730826393039,0.7924658771331161,0.6216015132350844
MLPHO FP Equity_DX_ACTIVE_AVAILABILITY_VALUE,3,1379,-0.2897477079860778,4.43750740505373e-28,-0.7852214235681437,6.353105047049923e-289,-0.5908667543925905,9.443303243015335e-184,0.8525608459479721,-1.3006238477927466e-05,2.136854493867388,0.08395373428318498,0.08328848645042053,4.437507405054758e-28,0.2897477079860778,0.7852214235681437,0.5908667543925905
