feature,lag,n_pairs,pearson_r,pearson_p,spearman_rho,spearman_p,kendall_tau,kendall_p,mutual_info,ols_slope,ols_intercept,ols_r2,ols_adj_r2,ols_slope_p,abs_pearson,abs_spearman,abs_kendall
MLSBT FP Equity_DX_ACTIVE_AVAIL_SUPPLY_MV,3,1904,0.5833968464616195,4.590894413102222e-174,0.3412160181902333,4.0128254431949975e-53,0.28310337946011976,1.106154638069354e-53,0.46465460799314307,335.9681239240838,4.132532129478819,0.3403518804613619,0.340005062312288,4.590894413106326e-174,0.5833968464616195,0.3412160181902333,0.28310337946011976
MLSBT FP Equity_DX_ACTIVE_AVAILABILITY_VALUE,3,1904,0.5595004033572271,2.724992903455451e-157,0.3234175570868966,1.3162413752377133e-47,0.267312089772288,1.6697555188482796e-49,0.4642134799831419,0.0004147736669466382,4.249492330459125,0.31304070135689965,0.3126795240179706,2.724992903451181e-157,0.5595004033572271,0.3234175570868966,0.267312089772288
MLSBT FP Equity_DX_ACTIVE_AVAIL_SUPPLY_QTY,3,1904,0.4605585313806094,1.363776392075748e-100,0.30492236370428394,2.955284313525026e-42,0.24988351144717894,2.2612347584749673e-40,0.2840391222444043,0.004042981329213321,4.36230721393034,0.2121141608274636,0.21169992011286187,1.363776392073714e-100,0.4605585313806094,0.30492236370428394,0.24988351144717894
