feature,lag,n_pairs,pearson_r,pearson_p,spearman_rho,spearman_p,kendall_tau,kendall_p,mutual_info,ols_slope,ols_intercept,ols_r2,ols_adj_r2,ols_slope_p,abs_pearson,abs_spearman,abs_kendall
MLSEQ FP Equity_DX_ACTIVE_AVAIL_SUPPLY_MV,3,2862,0.7960228954542715,0.0,0.6930436668651179,0.0,0.5945109842595651,0.0,1.1527169616688129,0.09613928551688486,0.14300466636300158,0.6336524500874016,0.6335243565384812,0.0,0.7960228954542715,0.6930436668651179,0.5945109842595651
MLSEQ FP Equity_DX_ACTIVE_AVAILABILITY_VALUE,3,2862,0.7958811694808635,0.0,0.6818842812480835,0.0,0.5841868156851229,0.0,1.840664105324164,9.611012690047166e-08,0.14338345985745712,0.6334268359342272,0.6332986634992392,0.0,0.7958811694808635,0.6818842812480835,0.5841868156851229
MLSEQ FP Equity_DX_ACTIVE_AVAIL_SUPPLY_QTY,3,2862,0.749203695606343,0.0,0.5418801600722072,3.564116931160269e-218,0.420829454499946,1.9027396059027716e-208,1.2961737565395421,2.2505715918877124e-07,0.10857247553289973,0.5613061775102027,0.5611527880617797,0.0,0.749203695606343,0.5418801600722072,0.420829454499946
