feature,lag,n_pairs,pearson_r,pearson_p,spearman_rho,spearman_p,kendall_tau,kendall_p,mutual_info,ols_slope,ols_intercept,ols_r2,ols_adj_r2,ols_slope_p,abs_pearson,abs_spearman,abs_kendall
MLSGT FP Equity_DX_ACTIVE_AVAILABILITY_VALUE,3,750,-0.07159037331739508,0.05001588167218087,-0.10930263654911125,0.0027232173846398803,-0.09261981378290732,0.00279143384884187,0.021782722012736233,-0.07293876145064682,142.37030889997448,0.005125181551723479,0.0037951350029958864,0.05001588167217893,0.07159037331739508,0.10930263654911125,0.09261981378290732
MLSGT FP Equity_DX_ACTIVE_AVAIL_SUPPLY_QTY,3,750,-0.06740400824303537,0.06504416752064508,-0.10941575290562575,0.0026954673216951002,-0.09286227579523258,0.002748582232068029,0.03834901192741613,-0.23877260992479235,142.21072423827584,0.004543300327228272,0.0032124758624252348,0.06504416752064329,0.06740400824303537,0.10941575290562575,0.09286227579523258
