feature,lag,n_pairs,pearson_r,pearson_p,spearman_rho,spearman_p,kendall_tau,kendall_p,mutual_info,ols_slope,ols_intercept,ols_r2,ols_adj_r2,ols_slope_p,abs_pearson,abs_spearman,abs_kendall
MLUMG FP Equity_DX_ACTIVE_AVAIL_SUPPLY_QTY,3,1764,-0.4586650801566089,1.757583375756227e-92,-0.5339129971571255,1.4476076739184296e-130,-0.43825519887153835,2.6279333299302432e-111,0.3013867593456927,-0.32095590049342027,4.932936197916659,0.21037365575506883,0.20992551367547463,1.757583375758039e-92,0.4586650801566089,0.5339129971571255,0.43825519887153835
MLUMG FP Equity_DX_ACTIVE_AVAILABILITY_VALUE,3,1764,-0.4497360830028826,1.4574635807280304e-88,-0.5290193245497209,8.676084545420159e-128,-0.40601173178109373,1.6855950628438933e-101,0.4484346219406572,-0.17602187463649566,4.920331165906859,0.2022625443547762,0.2018097989202443,1.457463580724685e-88,0.4497360830028826,0.5290193245497209,0.40601173178109373
