feature,lag,n_pairs,pearson_r,pearson_p,spearman_rho,spearman_p,kendall_tau,kendall_p,mutual_info,ols_slope,ols_intercept,ols_r2,ols_adj_r2,ols_slope_p,abs_pearson,abs_spearman,abs_kendall
PABZ FP Equity_DX_ACTIVE_AVAILABILITY_VALUE,3,1320,0.43946673685555143,1.9089846291218063e-63,0.49665264512834173,3.806035050325458e-83,0.40104313049406537,6.07839154254996e-75,0.3189641560598999,0.003269485719966986,64.89871348814805,0.19313101280246636,0.19251882085466843,1.908984629127243e-63,0.43946673685555143,0.49665264512834173,0.40104313049406537
PABZ FP Equity_DX_ACTIVE_AVAIL_SUPPLY_QTY,3,1320,0.43201619424828336,3.819939105157975e-61,0.4949374687278448,1.6879934025024597e-82,0.40029146763057244,2.6639882164693596e-73,0.2754344711692702,0.25483908395754823,64.92179765029738,0.18663799209277054,0.18602087372561782,3.8199391051361185e-61,0.43201619424828336,0.4949374687278448,0.40029146763057244
PABZ FP Equity_DX_ACTIVE_AVAIL_SUPPLY_MV,3,1320,0.09112628436859135,0.0009179275912965233,0.09265048582956087,0.0007510778029082958,0.0756993329360962,0.0007620225354672944,0.006886757166402524,915.9177831912182,66.03352771010961,0.008303999702825249,0.007551574816408446,0.0009179275912966973,0.09112628436859135,0.09265048582956087,0.0756993329360962
