feature,lag,n_pairs,pearson_r,pearson_p,spearman_rho,spearman_p,kendall_tau,kendall_p,mutual_info,ols_slope,ols_intercept,ols_r2,ols_adj_r2,ols_slope_p,abs_pearson,abs_spearman,abs_kendall
PALAT FP Equity_DX_ACTIVE_AVAILABILITY_VALUE,3,1611,0.0051067189704446705,0.8377190350852297,-0.008836896329799481,0.7230238050272626,-0.007207176787562043,0.7230971217705593,0.0017517790951863121,5.4677773941564826e-05,18.99810772889871,2.60785786433404e-05,-0.0005954092531910149,0.8377190350852382,0.0051067189704446705,0.008836896329799481,0.007207176787562043
PALAT FP Equity_DX_ACTIVE_AVAIL_SUPPLY_QTY,3,1611,0.004558440860388539,0.8549374652208616,-0.008853419916761049,0.7225272668089807,-0.007246702102964201,0.721779446849762,0.0038516828799423086,0.00091463243823851,18.998197379162185,2.077938307765148e-05,-0.0006007117422281993,0.8549374652208535,0.004558440860388539,0.008853419916761049,0.007246702102964201
PALAT FP Equity_DX_ACTIVE_AVAIL_SUPPLY_MV,3,1611,-0.003412432823748449,0.8911416104320475,-0.011441426144518131,0.6463159486146427,-0.00934536323894883,0.6461731304981037,0.0,-36.81639751550844,18.999163975155284,1.1644697776480584e-05,-0.0006098521047730454,0.8911416104321042,0.003412432823748449,0.011441426144518131,0.00934536323894883
