feature,lag,n_pairs,pearson_r,pearson_p,spearman_rho,spearman_p,kendall_tau,kendall_p,mutual_info,ols_slope,ols_intercept,ols_r2,ols_adj_r2,ols_slope_p,abs_pearson,abs_spearman,abs_kendall
SOLVA FP Equity_DX_ACTIVE_AVAIL_SUPPLY_QTY,3,854,0.033461432844121744,0.3287206523719742,0.03673535934326814,0.28357758457366344,0.03001337006626916,0.28331647079072875,0.0,0.0032434844340237115,8.266728018757329,0.001119667487981757,-5.2727268487817724e-05,0.3287206523719771,0.033461432844121744,0.03673535934326814,0.03001337006626916
SOLVA FP Equity_DX_ACTIVE_AVAILABILITY_VALUE,3,854,0.033461432844121744,0.3287206523719742,0.03673535934326814,0.28357758457366344,0.03001337006626916,0.28331647079072875,0.0,0.00024324917009327382,8.266728018757327,0.001119667487981757,-5.2727268487817724e-05,0.32872065237197556,0.033461432844121744,0.03673535934326814,0.03001337006626916
SOLVA FP Equity_DX_ACTIVE_AVAIL_SUPPLY_MV,3,854,0.033461432844121744,0.3287206523719742,0.03673535934326814,0.28357758457366344,0.03001337006626916,0.28331647079072875,0.0,291.91359906213387,8.26672801875733,0.001119667487981757,-5.2727268487817724e-05,0.328720652371976,0.033461432844121744,0.03673535934326814,0.03001337006626916
