feature,lag,n_pairs,pearson_r,pearson_p,spearman_rho,spearman_p,kendall_tau,kendall_p,mutual_info,ols_slope,ols_intercept,ols_r2,ols_adj_r2,ols_slope_p,abs_pearson,abs_spearman,abs_kendall
SPEUS FP Equity_DX_ACTIVE_AVAIL_SUPPLY_QTY,3,558,-0.18582767696709201,9.946980858566756e-06,-0.20338774729282677,1.2700692640091704e-06,-0.16621679454544772,1.585680563924506e-06,0.3461094043815196,-0.0009526131744176943,13.461003695652163,0.03453192552698581,0.0327954721556315,9.946980858560707e-06,0.18582767696709201,0.20338774729282677,0.16621679454544772
SPEUS FP Equity_DX_ACTIVE_AVAIL_SUPPLY_MV,3,558,-0.18582767696709201,9.946980858566756e-06,-0.20338774729282677,1.2700692640091704e-06,-0.16621679454544772,1.585680563924506e-06,0.3461094043815196,-90.11720629991189,13.46100369565217,0.03453192552698603,0.03279547215563172,9.946980858565408e-06,0.18582767696709201,0.20338774729282677,0.16621679454544772
SPEUS FP Equity_DX_ACTIVE_AVAILABILITY_VALUE,3,558,-0.1834703249159893,1.2929431154238672e-05,-0.193312476694792,4.232049366351565e-06,-0.12055190306163678,0.0002755966216821513,0.5213131701080094,-7.282057415230369e-05,13.4589195258837,0.03366136012477883,0.03192334098831262,1.292943115423874e-05,0.1834703249159893,0.193312476694792,0.12055190306163678
