feature,lag,n_pairs,pearson_r,pearson_p,spearman_rho,spearman_p,kendall_tau,kendall_p,mutual_info,ols_slope,ols_intercept,ols_r2,ols_adj_r2,ols_slope_p,abs_pearson,abs_spearman,abs_kendall
TELE FP Equity_DX_DSS,3,4855,-0.3735711450441456,1.2334973734755616e-160,-0.40912639249294236,2.542669760077559e-195,-0.3261781060481966,6.681836343564841e-176,0.14690012265529306,-4.305362279914476,33.35106770433862,0.13955540040959413,0.1393780988230312,1.2334973734952584e-160,0.3735711450441456,0.40912639249294236,0.3261781060481966
