feature,lag,n_pairs,pearson_r,pearson_p,spearman_rho,spearman_p,kendall_tau,kendall_p,mutual_info,ols_slope,ols_intercept,ols_r2,ols_adj_r2,ols_slope_p,abs_pearson,abs_spearman,abs_kendall
TNO FP Equity_DX_DSS,3,4687,-0.1429369930648344,8.066105592157193e-23,-0.1800740207034716,1.8746356902400784e-35,-0.14705261100618514,6.49337819990476e-35,0.03440826461028368,-27.291833842598017,46.95689557099436,0.020430983986417073,0.020221897750341666,8.066105592162123e-23,0.1429369930648344,0.1800740207034716,0.14705261100618514
