feature,lag,n_pairs,pearson_r,pearson_p,spearman_rho,spearman_p,kendall_tau,kendall_p,mutual_info,ols_slope,ols_intercept,ols_r2,ols_adj_r2,ols_slope_p,abs_pearson,abs_spearman,abs_kendall
USHY FP Equity_DX_DSS,3,2255,0.2406930578772283,4.405863794159032e-31,0.1886573669663629,1.6397018261273164e-19,0.15375980602154177,3.6306813888759225e-19,0.03872573082009256,8.756940565063125,89.45897702842248,0.057933148110291155,0.05751500925015374,4.405863794168184e-31,0.2406930578772283,0.1886573669663629,0.15375980602154177
