feature,lag,n_pairs,pearson_r,pearson_p,spearman_rho,spearman_p,kendall_tau,kendall_p,mutual_info,ols_slope,ols_intercept,ols_r2,ols_adj_r2,ols_slope_p,abs_pearson,abs_spearman,abs_kendall
UTI FP Equity_DX_DSS,3,4856,-0.08409927274820278,4.375089874393014e-09,-0.07481806189734812,1.7924076330804905e-07,-0.060068193750658534,2.2334628794230962e-07,0.12979368377761835,-2.730265082473668,44.453451862669596,0.007072687676776601,0.006868129103986487,4.375089874395457e-09,0.08409927274820278,0.07481806189734812,0.060068193750658534
