feature,lag,n_pairs,pearson_r,pearson_p,spearman_rho,spearman_p,kendall_tau,kendall_p,mutual_info,ols_slope,ols_intercept,ols_r2,ols_adj_r2,ols_slope_p,abs_pearson,abs_spearman,abs_kendall
3CAC FP Equity_DX_ACTIVE_AVAIL_SUPPLY_QTY,5,519,-0.056713925028316056,0.19706611950604064,-0.07225781805427997,0.10010857155554928,-0.0587014534320497,0.10031777369905312,0.009591171619909522,-0.009346234638468214,52.85859840906925,0.0032164692921176075,0.0012884547259515156,0.19706611950603875,0.056713925028316056,0.07225781805427997,0.0587014534320497
3CAC FP Equity_DX_ACTIVE_AVAILABILITY_VALUE,5,519,-0.04703566131513931,0.2848198143219041,-0.07170981757710372,0.10271642987074374,-0.058246984962614455,0.102210540791413,0.009171921057770538,-0.0001477033310347764,52.84768306321424,0.00221235343535231,0.00028239667217122566,0.28481981432189696,0.04703566131513931,0.07170981757710372,0.058246984962614455
3CAC FP Equity_DX_ACTIVE_AVAIL_SUPPLY_MV,5,519,-0.033020775583427205,0.45285967575376057,-0.026691561059180087,0.5440383092997829,-0.021931579381398326,0.5402655660015063,0.01768746150447642,-88.91194048830616,52.83172113428279,0.0010903716201309255,-0.0008417553206423456,0.452859675753743,0.033020775583427205,0.026691561059180087,0.021931579381398326
