feature,lag,n_pairs,pearson_r,pearson_p,spearman_rho,spearman_p,kendall_tau,kendall_p,mutual_info,ols_slope,ols_intercept,ols_r2,ols_adj_r2,ols_slope_p,abs_pearson,abs_spearman,abs_kendall
AAA FP Equity_DX_ACTIVE_AVAIL_SUPPLY_MV,5,2160,0.34221879091723917,2.139499584739017e-60,-0.052885365512266753,0.013964037023950899,-0.04113274437835366,0.016669929401803778,0.3338988691422653,10.259419683376608,8.743968414954633,0.1171137008568569,0.11670457838274051,2.1394995847403122e-60,0.34221879091723917,0.052885365512266753,0.04113274437835366
AAA FP Equity_DX_ACTIVE_AVAILABILITY_VALUE,5,2160,0.3417913952181443,3.0618929460148853e-60,-0.05323999193521806,0.013335035120165657,-0.04119291199498419,0.016470249847991024,0.33206798713362673,1.0239327948927773e-05,8.745109651243235,0.11682135784516567,0.11641209990162782,3.0618929460151976e-60,0.3417913952181443,0.05323999193521806,0.04119291199498419
AAA FP Equity_DX_ACTIVE_AVAIL_SUPPLY_QTY,5,2160,0.31126134886178547,9.7130058389998e-50,-0.05628227183283362,0.008888233216995022,-0.04484013698477872,0.009555762951883606,0.3122082818277847,0.00045127886401728653,8.852163233622313,0.0968836272952579,0.09646513036629378,9.713005839010508e-50,0.31126134886178547,0.05628227183283362,0.04484013698477872
