feature,lag,n_pairs,pearson_r,pearson_p,spearman_rho,spearman_p,kendall_tau,kendall_p,mutual_info,ols_slope,ols_intercept,ols_r2,ols_adj_r2,ols_slope_p,abs_pearson,abs_spearman,abs_kendall
AINJ FP Equity_DX_ACTIVE_AVAIL_SUPPLY_QTY,5,287,-0.1477379719546931,0.012221553426029423,-0.01869463131785397,0.752493995070566,-0.009735898633200124,0.835009152173813,0.1399400562073707,-0.0007887586599932765,15.463742281846539,0.0218265083572855,0.01839432066731106,0.012221553426029742,0.1477379719546931,0.01869463131785397,0.009735898633200124
AINJ FP Equity_DX_ACTIVE_AVAILABILITY_VALUE,5,287,0.027027010325566543,0.6484247147685774,0.00667487562208563,0.9103577371150725,0.0063151527424601065,0.892162997658011,0.11974669711633612,1.1179482152906141e-05,15.13138034520856,0.0007304592871383297,-0.002775749627643709,0.6484247147685763,0.027027010325566543,0.00667487562208563,0.0063151527424601065
AINJ FP Equity_DX_ACTIVE_AVAIL_SUPPLY_MV,5,287,0.025865223490234738,0.6625861598023887,-0.06008099801366093,0.3104342650382239,-0.048498125798121905,0.30520318700787774,0.1135479276850544,10.029553229374715,15.134532191226455,0.0006690097862001032,-0.002837414740865851,0.6625861598023874,0.025865223490234738,0.06008099801366093,0.048498125798121905
