feature,lag,n_pairs,pearson_r,pearson_p,spearman_rho,spearman_p,kendall_tau,kendall_p,mutual_info,ols_slope,ols_intercept,ols_r2,ols_adj_r2,ols_slope_p,abs_pearson,abs_spearman,abs_kendall
ALAQU FP Equity_DX_ACTIVE_AVAIL_SUPPLY_QTY,5,3427,-0.05619875453879,0.0009972233714438028,-0.05171237299348887,0.002460198920527732,-0.04235701567427369,0.0024713223664793284,0.021204601005469836,-0.012679195983582659,5.096669598358259,0.0031583000117106907,0.002867251340181287,0.0009972233714437082,0.05619875453879,0.05171237299348887,0.04235701567427369
ALAQU FP Equity_DX_ACTIVE_AVAILABILITY_VALUE,5,3427,-0.05618811749863193,0.0009994376979354823,-0.05171240440660028,0.002460183924056567,-0.042326786306203415,0.0024641800412346184,0.020263592810155107,-0.0033365074897957364,5.0966674328926125,0.0031571045480399684,0.0028660555274701016,0.0009994376979354346,0.05618811749863193,0.05171240440660028,0.042326786306203415
