feature,lag,n_pairs,pearson_r,pearson_p,spearman_rho,spearman_p,kendall_tau,kendall_p,mutual_info,ols_slope,ols_intercept,ols_r2,ols_adj_r2,ols_slope_p,abs_pearson,abs_spearman,abs_kendall
ALAUD FP Equity_DX_ACTIVE_AVAIL_SUPPLY_QTY,5,994,-0.2843895302164695,5.998707044544982e-20,-0.3758818304064459,1.0339421875743532e-34,-0.30461738278096523,5.662098960612025e-33,0.18708085828375265,-0.025874690165917494,4.816990217808164,0.08087740489674444,0.07995087002264845,5.998707044540988e-20,0.2843895302164695,0.3758818304064459,0.30461738278096523
ALAUD FP Equity_DX_ACTIVE_AVAILABILITY_VALUE,5,994,-0.22315414141011033,1.106005054993089e-12,-0.3732857867958504,3.197334588140786e-34,-0.29893162638055515,5.568626007496857e-32,0.19688319183093728,-0.005006127730917724,4.793331012714204,0.04979777082848369,0.04883990567810925,1.1060050549932427e-12,0.22315414141011033,0.3732857867958504,0.29893162638055515
