feature,lag,n_pairs,pearson_r,pearson_p,spearman_rho,spearman_p,kendall_tau,kendall_p,mutual_info,ols_slope,ols_intercept,ols_r2,ols_adj_r2,ols_slope_p,abs_pearson,abs_spearman,abs_kendall
ALCWE FP Equity_DX_ACTIVE_AVAIL_SUPPLY_MV,5,801,0.15473772147212958,1.0872043740735948e-05,0.12510733575234526,0.00038639688552598116,0.10237444791871797,0.00040793341500132326,0.0,100.51845099971379,4.7382328268540075,0.023943762446386407,0.022722165152827434,1.0872043740734849e-05,0.15473772147212958,0.12510733575234526,0.10237444791871797
ALCWE FP Equity_DX_ACTIVE_AVAILABILITY_VALUE,5,801,0.15196449518744526,1.5653681607087758e-05,-0.3368640717305129,1.0495854902181774e-22,-0.26719117177306273,1.9563944872207043e-21,0.2345875990137729,0.00010332570537241468,4.736406017180561,0.023093207797574844,0.021870545980049894,1.5653681607089605e-05,0.15196449518744526,0.3368640717305129,0.26719117177306273
ALCWE FP Equity_DX_ACTIVE_AVAIL_SUPPLY_QTY,5,801,0.14314005553237347,4.787429963092964e-05,-0.33678321599856625,1.075918789935617e-22,-0.2677127201164849,1.9185209868799494e-21,0.25145386721008256,0.0008942349821615802,4.734395060695757,0.020489075497810982,0.019263154440862018,4.787429963092637e-05,0.14314005553237347,0.33678321599856625,0.2677127201164849
