feature,lag,n_pairs,pearson_r,pearson_p,spearman_rho,spearman_p,kendall_tau,kendall_p,mutual_info,ols_slope,ols_intercept,ols_r2,ols_adj_r2,ols_slope_p,abs_pearson,abs_spearman,abs_kendall
ALDBL FP Equity_DX_ACTIVE_AVAIL_SUPPLY_QTY,5,4674,0.3441828293831438,4.1016559743261364e-130,0.24893248466155293,5.899253414706438e-67,0.20448905655070598,7.588256485193135e-66,0.0886359257231697,0.00019701855040627346,3.963920396029012,0.11846182004218553,0.11827313464407807,4.1016559743530036e-130,0.3441828293831438,0.24893248466155293,0.20448905655070598
ALDBL FP Equity_DX_ACTIVE_AVAILABILITY_VALUE,5,4674,0.3408103190377264,1.8722260451605803e-127,0.24893224543428244,5.901009048435867e-67,0.20438761676523168,7.604873742832276e-66,0.08270859115361495,3.092849332813343e-05,3.965257300327691,0.11615167356259803,0.11596249369820644,1.8722260451476316e-127,0.3408103190377264,0.24893224543428244,0.20438761676523168
ALDBL FP Equity_DX_ACTIVE_AVAIL_SUPPLY_MV,5,4674,0.3398163971786592,1.1215627103690736e-126,0.24892953252641278,5.920954916112253e-67,0.20446920884592235,8.585104949559336e-66,0.07951253175320838,29.4831814751134,3.965536494551461,0.11547518379148392,0.1152858591304804,1.1215627103546412e-126,0.3398163971786592,0.24892953252641278,0.20446920884592235
