feature,lag,n_pairs,pearson_r,pearson_p,spearman_rho,spearman_p,kendall_tau,kendall_p,mutual_info,ols_slope,ols_intercept,ols_r2,ols_adj_r2,ols_slope_p,abs_pearson,abs_spearman,abs_kendall
ALDEV FP Equity_DX_ACTIVE_AVAIL_SUPPLY_QTY,5,1531,-0.23832990347203875,3.251579191332962e-21,-0.5359507671560759,1.4239825436650833e-114,-0.44836759966548934,1.4033111436270398e-97,0.45390204479920415,-0.008380825738872479,47.36929292929325,0.056801142888991185,0.056184269862757596,3.251579191331971e-21,0.23832990347203875,0.5359507671560759,0.44836759966548934
ALDEV FP Equity_DX_ACTIVE_AVAILABILITY_VALUE,5,1531,-0.23563936466153107,9.236581972362119e-21,-0.5219880273876328,9.453304106995941e-108,-0.4128008953502337,1.1014515252422867e-91,0.4213079360336671,-0.00010470202989942415,46.965812224512746,0.055525910178090165,0.05490820312130662,9.23658197236687e-21,0.23563936466153107,0.5219880273876328,0.4128008953502337
ALDEV FP Equity_DX_ACTIVE_AVAIL_SUPPLY_MV,5,1531,-0.23000065783772186,7.897851504467299e-20,-0.5262902751565094,8.080675461826725e-110,-0.41864669700003543,2.600418790363729e-94,0.45507771486144843,-99.19233740038061,46.966417182968236,0.05290030260578393,0.052280878343263115,7.897851504469724e-20,0.23000065783772186,0.5262902751565094,0.41864669700003543
