feature,lag,n_pairs,pearson_r,pearson_p,spearman_rho,spearman_p,kendall_tau,kendall_p,mutual_info,ols_slope,ols_intercept,ols_r2,ols_adj_r2,ols_slope_p,abs_pearson,abs_spearman,abs_kendall
ALENR FP Equity_DX_ACTIVE_AVAIL_SUPPLY_QTY,5,1294,-0.11079470908418454,6.49730861451956e-05,0.14561736437961242,1.431317391102416e-07,0.1185436801989901,1.878741075484914e-07,0.356461356066089,-0.00018317583354265734,11.925199774574493,0.012275467561050135,0.011510974888883752,6.497308614520446e-05,0.11079470908418454,0.14561736437961242,0.1185436801989901
ALENR FP Equity_DX_ACTIVE_AVAIL_SUPPLY_MV,5,1294,-0.10896258186616449,8.58205246510403e-05,0.1506761130609815,5.150507185838559e-08,0.12868167917888979,8.9943882687042e-09,0.41423581490875905,-22.82410478549995,11.914095537604812,0.01187284424694024,0.011108039946821746,8.58205246510348e-05,0.10896258186616449,0.1506761130609815,0.12868167917888979
ALENR FP Equity_DX_ACTIVE_AVAILABILITY_VALUE,5,1294,-0.10873810590576621,8.877093885379286e-05,0.15166600380570514,4.199940408884643e-08,0.1311342615383606,3.899286855982121e-09,0.4774950653091634,-2.293520202749926e-05,11.912722628835857,0.011823975675974374,0.011059133551884592,8.877093885380104e-05,0.10873810590576621,0.15166600380570514,0.1311342615383606
