feature,lag,n_pairs,pearson_r,pearson_p,spearman_rho,spearman_p,kendall_tau,kendall_p,mutual_info,ols_slope,ols_intercept,ols_r2,ols_adj_r2,ols_slope_p,abs_pearson,abs_spearman,abs_kendall
ALERO FP Equity_DX_ACTIVE_AVAILABILITY_VALUE,5,2184,-0.032317685162675316,0.13108391422997226,-0.04209550287636483,0.04918242657253202,-0.033651491013194416,0.05297878366223077,0.12228198692021852,-2.965396684019114e-05,3.4382246297211756,0.0010444327742739068,0.0005866162906690287,0.13108391422996848,0.032317685162675316,0.04209550287636483,0.033651491013194416
ALERO FP Equity_DX_ACTIVE_AVAIL_SUPPLY_QTY,5,2184,-0.03180949319234125,0.1372560750219538,-0.04240123457094414,0.04755701086209986,-0.035062030861925435,0.045060492663382606,0.10513751047398467,-3.185457524514988e-05,3.4376895310418667,0.0010118438571538046,0.0005540124382065192,0.13725607502195578,0.03180949319234125,0.04240123457094414,0.035062030861925435
ALERO FP Equity_DX_ACTIVE_AVAIL_SUPPLY_MV,5,2184,-0.03103897376840961,0.14703839630864982,-0.07725940604813168,0.00030160055837350603,-0.06332914067006755,0.00030657031429775784,0.021558225091101946,-22.657410429074275,3.436701941723203,0.0009634178925969072,0.0005055642802653804,0.14703839630865292,0.03103897376840961,0.07725940604813168,0.06332914067006755
