feature,lag,n_pairs,pearson_r,pearson_p,spearman_rho,spearman_p,kendall_tau,kendall_p,mutual_info,ols_slope,ols_intercept,ols_r2,ols_adj_r2,ols_slope_p,abs_pearson,abs_spearman,abs_kendall
ALEXA FP Equity_DX_ACTIVE_AVAIL_SUPPLY_QTY,5,4084,-0.6026156900370424,0.0,-0.398348231630275,2.1882861423351e-155,-0.26487985169584005,1.22743197549597e-109,0.8000750987537284,-0.012381269764688492,110.93568319416592,0.36314566987882113,0.36298965460931565,0.0,0.6026156900370424,0.398348231630275,0.26487985169584005
ALEXA FP Equity_DX_ACTIVE_AVAILABILITY_VALUE,5,4084,-0.5358672493006754,2.1467255896490116e-302,-0.39202742270263,3.9349868265933436e-150,-0.2465105310672306,8.70938643045074e-99,0.972422237499095,-0.00016572046840070188,108.98103511489654,0.28715370887307246,0.2869790772485925,2.1467255896328762e-302,0.5358672493006754,0.39202742270263,0.2465105310672306
ALEXA FP Equity_DX_ACTIVE_AVAIL_SUPPLY_MV,5,4084,-0.5352916155336408,1.2549369057910073e-301,-0.41325965733072423,3.0265476997046243e-168,-0.2754476241881737,1.9253366138487674e-118,0.8309415943529666,-153.26728059948064,108.8916090142707,0.2865371136606153,0.28636233098390296,1.2549369057801934e-301,0.5352916155336408,0.41325965733072423,0.2754476241881737
