feature,lag,n_pairs,pearson_r,pearson_p,spearman_rho,spearman_p,kendall_tau,kendall_p,mutual_info,ols_slope,ols_intercept,ols_r2,ols_adj_r2,ols_slope_p,abs_pearson,abs_spearman,abs_kendall
ALI2S FP Equity_DX_ACTIVE_AVAIL_SUPPLY_QTY,5,2873,-0.016903472831624255,0.36509314090392964,-0.013137582139889123,0.4814930332770164,-0.010756553660915194,0.48139743730619833,0.0,-1.1733310104529358,4.253331010452968,0.0002857273937697524,-6.248377746209677e-05,0.3650931409039391,0.016903472831624255,0.013137582139889123,0.010756553660915194
ALI2S FP Equity_DX_ACTIVE_AVAILABILITY_VALUE,5,2873,-0.016903472831624255,0.36509314090392964,-0.013137582139889123,0.4814930332770164,-0.010756553660915194,0.48139743730619833,0.0,-0.4251199313235333,4.2533310104529685,0.00028572739376930834,-6.248377746254086e-05,0.36509314090392886,0.016903472831624255,0.013137582139889123,0.010756553660915194
