feature,lag,n_pairs,pearson_r,pearson_p,spearman_rho,spearman_p,kendall_tau,kendall_p,mutual_info,ols_slope,ols_intercept,ols_r2,ols_adj_r2,ols_slope_p,abs_pearson,abs_spearman,abs_kendall
ALIMR FP Equity_DX_ACTIVE_AVAILABILITY_VALUE,5,1560,0.04408793663509775,0.0817213433217038,0.21172370480565128,2.870834399757761e-17,0.18688209516867924,1.1696734625785971e-20,0.3765626600084939,0.00019682426069402755,3.0602439579417418,0.0019437461567403114,0.001303145223593094,0.0817213433216941,0.04408793663509775,0.21172370480565128,0.18688209516867924
ALIMR FP Equity_DX_ACTIVE_AVAIL_SUPPLY_QTY,5,1560,0.04055208452221881,0.10936502422747056,0.21487346137358812,9.451673075970875e-18,0.17608456256792868,2.1739260145368416e-17,0.26410650166574356,0.0007017593188481568,3.062766592095454,0.0016444715590970826,0.001003678536991126,0.10936502422746183,0.04055208452221881,0.21487346137358812,0.17608456256792868
