feature,lag,n_pairs,pearson_r,pearson_p,spearman_rho,spearman_p,kendall_tau,kendall_p,mutual_info,ols_slope,ols_intercept,ols_r2,ols_adj_r2,ols_slope_p,abs_pearson,abs_spearman,abs_kendall
ALISP FP Equity_DX_ACTIVE_AVAIL_SUPPLY_MV,5,4755,0.13136189977840793,9.431402698022613e-20,0.1801649752437506,5.596432921667922e-36,0.1684854533817747,6.274116808685e-55,0.9186261197874845,1.5574144402517294,4.739315549440778,0.01725594871339231,0.01704918581600412,9.431402697980249e-20,0.13136189977840793,0.1801649752437506,0.1684854533817747
ALISP FP Equity_DX_ACTIVE_AVAILABILITY_VALUE,5,4755,0.13083102571498267,1.3257634628814568e-19,0.13219152333863074,5.523923594765855e-20,0.12920096418481672,1.0461515559456232e-33,1.0766997279049204,1.6586211205701756e-06,4.739386416817543,0.017116757289634577,0.016909965107284486,1.325763462873168e-19,0.13083102571498267,0.13219152333863074,0.12920096418481672
ALISP FP Equity_DX_ACTIVE_AVAIL_SUPPLY_QTY,5,4755,0.08405799976387295,6.432839310835189e-09,0.11331338120380191,4.618337053828076e-15,0.10050183344182835,1.8769814819938774e-20,0.9637595520546465,5.870761838760227e-06,4.792253865419555,0.00706574732430354,0.006856840475434334,6.43283931083361e-09,0.08405799976387295,0.11331338120380191,0.10050183344182835
