feature,lag,n_pairs,pearson_r,pearson_p,spearman_rho,spearman_p,kendall_tau,kendall_p,mutual_info,ols_slope,ols_intercept,ols_r2,ols_adj_r2,ols_slope_p,abs_pearson,abs_spearman,abs_kendall
ALMAR FP Equity_DX_ACTIVE_AVAIL_SUPPLY_QTY,5,1482,-0.8807642880113054,0.0,-0.8819820789426245,0.0,-0.7298943701454841,2.6476503778275963e-288,0.9202414917068531,-0.0010644436381566967,3.187501701103494,0.7757457310360613,0.7755942078813559,0.0,0.8807642880113054,0.8819820789426245,0.7298943701454841
ALMAR FP Equity_DX_ACTIVE_AVAILABILITY_VALUE,5,1482,-0.3114559162755845,1.0663115532382863e-34,-0.6535323612315413,2.9981557636100944e-181,-0.3241608464067623,4.183703903763768e-67,1.5033171084352586,-0.00026839110035332324,2.341865026939394,0.0970047877830641,0.09639465588291762,1.0663115532378598e-34,0.3114559162755845,0.6535323612315413,0.3241608464067623
ALMAR FP Equity_DX_ACTIVE_AVAIL_SUPPLY_MV,5,1482,0.04336930584852975,0.09512650491258796,-0.016392070362248417,0.5283338931145503,-0.013423628962583421,0.5281526351452205,0.029220617450428366,39.472010347200836,2.0483833448038515,0.0018808966897834178,0.0012064918902495725,0.09512650491258755,0.04336930584852975,0.016392070362248417,0.013423628962583421
