feature,lag,n_pairs,pearson_r,pearson_p,spearman_rho,spearman_p,kendall_tau,kendall_p,mutual_info,ols_slope,ols_intercept,ols_r2,ols_adj_r2,ols_slope_p,abs_pearson,abs_spearman,abs_kendall
ALMCE FP Equity_DX_ACTIVE_AVAIL_SUPPLY_QTY,5,575,-0.1114224689715267,0.007487766998273917,-0.1557182135745646,0.00017771290589446964,-0.12812199732850654,8.810504843972875e-05,0.494711226719021,-0.00023117479210826608,7.310200870699498,0.012414966591711374,0.010691432501993559,0.007487766998273836,0.1114224689715267,0.1557182135745646,0.12812199732850654
ALMCE FP Equity_DX_ACTIVE_AVAIL_SUPPLY_MV,5,575,0.07809057587498613,0.06129938108020048,-0.015753251606987144,0.7062099622937958,-0.018592902285378105,0.5759270847093547,0.4115759974708135,20.671409345794416,7.113299947663553,0.0060981380404872,0.00436357981717217,0.06129938108020064,0.07809057587498613,0.015753251606987144,0.018592902285378105
ALMCE FP Equity_DX_ACTIVE_AVAILABILITY_VALUE,5,575,0.04014565886251156,0.33657646819636294,0.01809920364968813,0.6649459710898313,0.02751742751858308,0.38708446741120783,0.6303875753961425,1.1578509366660003e-05,7.148742926116882,0.0016116739255056522,-0.00013071407811482416,0.3365764681963652,0.04014565886251156,0.01809920364968813,0.02751742751858308
