feature,lag,n_pairs,pearson_r,pearson_p,spearman_rho,spearman_p,kendall_tau,kendall_p,mutual_info,ols_slope,ols_intercept,ols_r2,ols_adj_r2,ols_slope_p,abs_pearson,abs_spearman,abs_kendall
ALMET FP Equity_DX_ACTIVE_AVAILABILITY_VALUE,5,2642,-0.03927291043516468,0.043542723350626804,-0.045338676445251955,0.019778621204132468,-0.037130241966633726,0.01983141020889998,0.008970249997720003,-0.002584258402610163,4.822605032197625,0.0015423614940490715,0.0011641578430997557,0.043542723350627824,0.03927291043516468,0.045338676445251955,0.037130241966633726
ALMET FP Equity_DX_ACTIVE_AVAIL_SUPPLY_QTY,5,2642,-0.03909419491062364,0.04450808532933378,-0.045338676445251955,0.019778621204132468,-0.037130241966633726,0.01983141020889998,0.008970249997720003,-0.005253553093495693,4.822592349419158,0.0015283560757098913,0.001150147119677869,0.04450808532933503,0.03909419491062364,0.045338676445251955,0.037130241966633726
