feature,lag,n_pairs,pearson_r,pearson_p,spearman_rho,spearman_p,kendall_tau,kendall_p,mutual_info,ols_slope,ols_intercept,ols_r2,ols_adj_r2,ols_slope_p,abs_pearson,abs_spearman,abs_kendall
ALNSC FP Equity_DX_ACTIVE_AVAIL_SUPPLY_QTY,5,2951,-0.7850597658455984,0.0,-0.6079989713088365,7.132824331207019e-298,-0.49751448383633273,4.0032880900809566e-238,0.3683012790866147,-0.003729504490932782,60.7431374228247,0.6163188359495462,0.6161887304344391,0.0,0.7850597658455984,0.6079989713088365,0.49751448383633273
ALNSC FP Equity_DX_ACTIVE_AVAIL_SUPPLY_MV,5,2951,-0.784960372218341,0.0,-0.6079421751974792,8.384126251132526e-298,-0.4973842841746958,3.83567079581356e-238,0.3623325028477544,-51.709195503036504,60.74175952135438,0.6161627859531559,0.6160326275218073,0.0,0.784960372218341,0.6079421751974792,0.4973842841746958
ALNSC FP Equity_DX_ACTIVE_AVAILABILITY_VALUE,5,2951,-0.7384173688000415,0.0,-0.5962019073003859,1.3602251498867243e-283,-0.4701965960175611,4.853421256279456e-230,0.40419771716732855,-9.694088931089525e-05,59.95903771255516,0.5452602105455772,0.5451060091927611,0.0,0.7384173688000415,0.5962019073003859,0.4701965960175611
