feature,lag,n_pairs,pearson_r,pearson_p,spearman_rho,spearman_p,kendall_tau,kendall_p,mutual_info,ols_slope,ols_intercept,ols_r2,ols_adj_r2,ols_slope_p,abs_pearson,abs_spearman,abs_kendall
ALOBR FP Equity_DX_ACTIVE_AVAIL_SUPPLY_QTY,5,4469,-0.13216521675829385,7.197809209542653e-19,-0.15939971848207465,8.059690371497793e-27,-0.1298746727368859,2.029719121024123e-26,0.040576835690805835,-0.002210428728364267,11.576844151796967,0.01746764452076799,0.01724769100487833,7.197809209531974e-19,0.13216521675829385,0.15939971848207465,0.1298746727368859
ALOBR FP Equity_DX_ACTIVE_AVAILABILITY_VALUE,5,4469,-0.13118785375303998,1.3014270985681518e-18,-0.1593964488250521,8.079129227938127e-27,-0.1296696785558458,2.0958793923760483e-26,0.02932919657513544,-0.00030891424224443255,11.576217881609733,0.01721025297232892,0.016990241835765807,1.301427098573295e-18,0.13118785375303998,0.1593964488250521,0.1296696785558458
ALOBR FP Equity_DX_ACTIVE_AVAIL_SUPPLY_MV,5,4469,-0.1257537630009616,3.2315835183547187e-17,-0.15877346015289845,1.2773145529059664e-26,-0.12950034926916248,2.9710971190852084e-26,0.037709158634727125,-239.88335727168302,11.571240402164193,0.015814008908901833,0.015593685203710295,3.231583518339698e-17,0.1257537630009616,0.15877346015289845,0.12950034926916248
