feature,lag,n_pairs,pearson_r,pearson_p,spearman_rho,spearman_p,kendall_tau,kendall_p,mutual_info,ols_slope,ols_intercept,ols_r2,ols_adj_r2,ols_slope_p,abs_pearson,abs_spearman,abs_kendall
ALOSM FP Equity_DX_ACTIVE_AVAIL_SUPPLY_MV,5,1830,0.14227758266302945,9.753841793311438e-10,0.11403799112603014,1.0032303742084161e-06,0.0934918569130487,1.0342723059121035e-06,0.07263358635724626,99.25773759504106,8.596158184082391,0.02024291052843541,0.01970693837883386,9.753841793320033e-10,0.14227758266302945,0.11403799112603014,0.0934918569130487
ALOSM FP Equity_DX_ACTIVE_AVAILABILITY_VALUE,5,1830,0.14103169416228548,1.3670684767437412e-09,0.13237169484364694,1.3171794929190078e-08,0.10682614094525761,1.3948490761801844e-08,0.09956433424024014,9.813432707162122e-05,8.599317715100698,0.019889938758284598,0.01935377351690515,1.3670684767431695e-09,0.14103169416228548,0.13237169484364694,0.10682614094525761
ALOSM FP Equity_DX_ACTIVE_AVAIL_SUPPLY_QTY,5,1830,0.12078290326314872,2.1909160276926648e-07,0.12689495718700802,5.131354300797442e-08,0.10131870180504324,9.178513912129219e-08,0.11807324491954074,0.0009464307566890338,8.600606494907668,0.014588509720675158,0.014049444354001572,2.1909160276907092e-07,0.12078290326314872,0.12689495718700802,0.10131870180504324
