feature,lag,n_pairs,pearson_r,pearson_p,spearman_rho,spearman_p,kendall_tau,kendall_p,mutual_info,ols_slope,ols_intercept,ols_r2,ols_adj_r2,ols_slope_p,abs_pearson,abs_spearman,abs_kendall
ALPOU FP Equity_DX_ACTIVE_AVAIL_SUPPLY_MV,5,2417,0.031942220180516734,0.11642361813929959,0.02899082874061769,0.15420399840671528,0.023757877379718614,0.15387395101927054,0.004606594529015462,69.98296475465962,5.586505528680031,0.0010203054300611525,0.0006066492418334013,0.11642361813931577,0.031942220180516734,0.02899082874061769,0.023757877379718614
ALPOU FP Equity_DX_ACTIVE_AVAILABILITY_VALUE,5,2417,0.027914174331088726,0.17009400885906567,0.03484975693173968,0.08672129506885919,0.028531747412233254,0.0865411446172963,0.007039538793617295,5.0993052171238823e-05,5.586389537035706,0.0007792011285862044,0.0003654451042087725,0.17009400885905557,0.027914174331088726,0.03484975693173968,0.028531747412233254
ALPOU FP Equity_DX_ACTIVE_AVAIL_SUPPLY_QTY,5,2417,0.018370476787607573,0.3666550755908666,0.03483305231678561,0.08687255944500674,0.02850955453906705,0.08688424675059779,0.007704363101307177,0.0002113169115185881,5.587134498803357,0.00033747441740406003,-7.646451658449571e-05,0.36665507559087684,0.018370476787607573,0.03483305231678561,0.02850955453906705
