feature,lag,n_pairs,pearson_r,pearson_p,spearman_rho,spearman_p,kendall_tau,kendall_p,mutual_info,ols_slope,ols_intercept,ols_r2,ols_adj_r2,ols_slope_p,abs_pearson,abs_spearman,abs_kendall
ALSAS FP Equity_DX_ACTIVE_AVAIL_SUPPLY_QTY,5,3134,-0.005473348028162449,0.7593840082869974,-0.0031992108187674133,0.8579159679120597,-0.0026203701556346453,0.8578826653701337,0.010828293064160555,-0.01281066070858576,7.731066070858579,2.995753863743733e-05,-0.0002893176984193335,0.7593840082869966,0.005473348028162449,0.0031992108187674133,0.0026203701556346453
ALSAS FP Equity_DX_ACTIVE_AVAILABILITY_VALUE,5,3134,-0.005473348028162449,0.7593840082869974,-0.0031992108187674133,0.8579159679120597,-0.0026203701556346453,0.8578826653701337,0.010828293064160555,-0.0019861489470675234,7.731066070858579,2.995753863743733e-05,-0.0002893176984193335,0.7593840082870014,0.005473348028162449,0.0031992108187674133,0.0026203701556346453
