feature,lag,n_pairs,pearson_r,pearson_p,spearman_rho,spearman_p,kendall_tau,kendall_p,mutual_info,ols_slope,ols_intercept,ols_r2,ols_adj_r2,ols_slope_p,abs_pearson,abs_spearman,abs_kendall
ALTOO FP Equity_DX_ACTIVE_AVAILABILITY_VALUE,5,950,-0.29106496969842116,5.2659223795927996e-20,-0.6427546533465646,7.804606192229513e-112,-0.4682668412841981,7.805306279651355e-78,0.5779689435975852,-0.005701509650783918,1.486206738812029,0.0847188165855427,0.08375333010514774,5.265922379594972e-20,0.29106496969842116,0.6427546533465646,0.4682668412841981
ALTOO FP Equity_DX_ACTIVE_AVAIL_SUPPLY_QTY,5,950,-0.2701245442766098,2.394934138050091e-17,-0.6531964184875035,1.2110761786939726e-116,-0.4952644119163954,1.6001894389646254e-85,0.5357728109513182,-0.002592542450726356,1.4729610474399908,0.07296726942064635,0.07198938679345301,2.3949341380498626e-17,0.2701245442766098,0.6531964184875035,0.4952644119163954
