feature,lag,n_pairs,pearson_r,pearson_p,spearman_rho,spearman_p,kendall_tau,kendall_p,mutual_info,ols_slope,ols_intercept,ols_r2,ols_adj_r2,ols_slope_p,abs_pearson,abs_spearman,abs_kendall
ALTXC FP Equity_DX_ACTIVE_AVAILABILITY_VALUE,5,2403,0.20758717507353106,8.413836456736622e-25,0.4495782789570623,6.820803454388543e-120,0.37977444916473224,5.722962021736656e-122,0.4046771834050342,0.0010657180389909708,8.18787767862711,0.043092435255009165,0.04269388983029232,8.413836456665771e-25,0.20758717507353106,0.4495782789570623,0.37977444916473224
ALTXC FP Equity_DX_ACTIVE_AVAIL_SUPPLY_QTY,5,2403,0.17538428844843335,4.71181357779126e-18,0.43218993212418605,5.953726747502321e-110,0.35743577880431876,1.912057435811851e-99,0.17619463019498327,0.008099074039971503,8.206879633816346,0.030759648634563708,0.030355966688972114,4.711813577762082e-18,0.17538428844843335,0.43218993212418605,0.35743577880431876
ALTXC FP Equity_DX_ACTIVE_AVAIL_SUPPLY_MV,5,2403,0.0012017470113903444,0.953048091307704,0.008766183894030367,0.6675546357481141,0.00725787318069605,0.6674630264708947,0.0,6.3969179508542355,8.28603082049148,1.4441958793298681e-06,-0.00041504833048633394,0.9530480913076984,0.0012017470113903444,0.008766183894030367,0.00725787318069605
