feature,lag,n_pairs,pearson_r,pearson_p,spearman_rho,spearman_p,kendall_tau,kendall_p,mutual_info,ols_slope,ols_intercept,ols_r2,ols_adj_r2,ols_slope_p,abs_pearson,abs_spearman,abs_kendall
ALUNT FP Equity_DX_ACTIVE_AVAIL_SUPPLY_QTY,5,1745,-0.2708655597205435,1.011653117608665e-30,-0.40775401376835907,7.01904971276938e-71,-0.33460397982498946,5.0647984391588055e-65,0.15489417442352527,-0.009227146272201003,2.3682241813602056,0.07336815144272324,0.07283652100752103,1.0116531176048032e-30,0.2708655597205435,0.40775401376835907,0.33460397982498946
ALUNT FP Equity_DX_ACTIVE_AVAILABILITY_VALUE,5,1745,-0.26167494235059213,1.0319577055965123e-28,-0.4041178765715311,1.5414025402255062e-69,-0.3166013082890197,6.59390759032219e-61,0.2309381268274655,-0.006037490438906685,2.364567299107408,0.06847377545418509,0.06793933700063026,1.0319577055953063e-28,0.26167494235059213,0.4041178765715311,0.3166013082890197
