feature,lag,n_pairs,pearson_r,pearson_p,spearman_rho,spearman_p,kendall_tau,kendall_p,mutual_info,ols_slope,ols_intercept,ols_r2,ols_adj_r2,ols_slope_p,abs_pearson,abs_spearman,abs_kendall
ARVEN FP Equity_DX_DSS,5,964,-0.5114225933276122,2.3002520216229844e-65,-0.47224612750695877,1.0534529105752472e-54,-0.39399385878328774,5.250189367731106e-49,0.30119539594203837,-4.093282624826678,6.675810665677293,0.26155306896594055,0.26078545261351427,2.3002520216237414e-65,0.5114225933276122,0.47224612750695877,0.39399385878328774
