feature,lag,n_pairs,pearson_r,pearson_p,spearman_rho,spearman_p,kendall_tau,kendall_p,mutual_info,ols_slope,ols_intercept,ols_r2,ols_adj_r2,ols_slope_p,abs_pearson,abs_spearman,abs_kendall
AUGR FP Equity_DX_ACTIVE_AVAILABILITY_VALUE,5,2558,0.15645324613426062,1.7474370360248208e-15,0.14986081406458077,2.56008421924936e-14,0.12311735414156003,1.8089418535895193e-14,0.11225163003718253,0.016705027463833417,4.5311939075655445,0.024477618225946518,0.024095958452169497,1.7474370360224187e-15,0.15645324613426062,0.14986081406458077,0.12311735414156003
AUGR FP Equity_DX_ACTIVE_AVAIL_SUPPLY_QTY,5,2558,0.1563398426747709,1.8318444158162535e-15,0.14971065837057532,2.7177849078849216e-14,0.12331760525592403,2.2764807016784753e-14,0.1001672368039388,0.10855823814824608,4.531003469792886,0.024442146407570697,0.024060472755930373,1.8318444158183673e-15,0.1563398426747709,0.14971065837057532,0.12331760525592403
