feature,lag,n_pairs,pearson_r,pearson_p,spearman_rho,spearman_p,kendall_tau,kendall_p,mutual_info,ols_slope,ols_intercept,ols_r2,ols_adj_r2,ols_slope_p,abs_pearson,abs_spearman,abs_kendall
BIODV FP Equity_DX_ACTIVE_AVAIL_SUPPLY_QTY,5,744,-0.4490749928347845,3.326702908887773e-38,-0.5037559178528134,3.96679509109526e-49,-0.39214518526494374,2.0663346912452937e-42,0.4662840683869782,-4.674956706914036e-06,12.881994132001314,0.20166834918956178,0.20059243052270126,3.326702908884343e-38,0.4490749928347845,0.5037559178528134,0.39214518526494374
BIODV FP Equity_DX_ACTIVE_AVAILABILITY_VALUE,5,744,-0.4485184401706255,4.2008514716993063e-38,-0.4984785420387279,5.507507194593689e-48,-0.36970019923316866,1.3248792328981312e-39,0.5109949180312667,-4.0779040589762947e-07,12.881205694280965,0.2011687911730915,0.2000921992474487,4.200851471705587e-38,0.4485184401706255,0.4984785420387279,0.36970019923316866
BIODV FP Equity_DX_ACTIVE_AVAIL_SUPPLY_MV,5,744,-0.4475711730146399,6.242547458425727e-38,-0.4983278602406278,5.933135640803367e-48,-0.370400778695859,1.1167393347788752e-39,0.5062408081694603,-0.40662141426674586,12.880367785154121,0.2003199549137007,0.19924221900388084,6.242547458440013e-38,0.4475711730146399,0.4983278602406278,0.370400778695859
