feature,lag,n_pairs,pearson_r,pearson_p,spearman_rho,spearman_p,kendall_tau,kendall_p,mutual_info,ols_slope,ols_intercept,ols_r2,ols_adj_r2,ols_slope_p,abs_pearson,abs_spearman,abs_kendall
BRES FP Equity_DX_DSS,5,4843,-0.20751104195409112,2.957744113698457e-48,-0.18627218368308934,4.6223813535091583e-39,-0.14994558017205414,1.3547937851485884e-38,0.09310168785413842,-4.950619348113218,59.14072341579383,0.04306083253287274,0.04286315867055768,2.957744113715612e-48,0.20751104195409112,0.18627218368308934,0.14994558017205414
