feature,lag,n_pairs,pearson_r,pearson_p,spearman_rho,spearman_p,kendall_tau,kendall_p,mutual_info,ols_slope,ols_intercept,ols_r2,ols_adj_r2,ols_slope_p,abs_pearson,abs_spearman,abs_kendall
C40 FP Equity_DX_DSS,5,4897,-0.07974655510489313,2.2966518568098706e-08,-0.0811461573682816,1.297291316119552e-08,-0.06633287088099749,1.2772086403984742e-08,0.02919827726604607,-17.671455117209288,69.75040144004812,0.0063595130510977205,0.006156522144672993,2.2966518568118697e-08,0.07974655510489313,0.0811461573682816,0.06633287088099749
