feature,lag,n_pairs,pearson_r,pearson_p,spearman_rho,spearman_p,kendall_tau,kendall_p,mutual_info,ols_slope,ols_intercept,ols_r2,ols_adj_r2,ols_slope_p,abs_pearson,abs_spearman,abs_kendall
C50 FP Equity_DX_DSS,5,4246,-0.07147300025658089,3.1335253125982493e-06,-0.08957291108018967,5.01337624410648e-09,-0.07305180905975214,5.524429557701472e-09,0.012992024461540796,-10.466668399591267,72.33914029523739,0.00510838976567729,0.004873966671842589,3.133525312599098e-06,0.07147300025658089,0.08957291108018967,0.07305180905975214
