feature,lag,n_pairs,pearson_r,pearson_p,spearman_rho,spearman_p,kendall_tau,kendall_p,mutual_info,ols_slope,ols_intercept,ols_r2,ols_adj_r2,ols_slope_p,abs_pearson,abs_spearman,abs_kendall
CASHE FP Equity_DX_ACTIVE_AVAIL_SUPPLY_QTY,5,34,0.08282901607421207,0.641424203856426,0.08880642812967529,0.6174653386069353,0.07409237074573118,0.6099435132217659,0.019607843137254832,9.109090909087533e-06,10.033645454545454,0.006860645903822071,-0.02417495891168353,0.6414242038565289,0.08282901607421207,0.08880642812967529,0.07409237074573118
CASHE FP Equity_DX_ACTIVE_AVAILABILITY_VALUE,5,34,0.08282901607421207,0.641424203856426,0.08880642812967529,0.6174653386069353,0.07409237074573118,0.6099435132217659,0.019607843137254832,9.078858310909715e-07,10.033645454545454,0.006860645903822071,-0.02417495891168353,0.64142420385662,0.08282901607421207,0.08880642812967529,0.07409237074573118
