feature,lag,n_pairs,pearson_r,pearson_p,spearman_rho,spearman_p,kendall_tau,kendall_p,mutual_info,ols_slope,ols_intercept,ols_r2,ols_adj_r2,ols_slope_p,abs_pearson,abs_spearman,abs_kendall
CD9 FP Equity_DX_DSS,5,4205,-0.16426699488071506,8.042862463635061e-27,-0.1900673148717665,1.6884788713127498e-35,-0.1544683426967212,9.254409147909311e-35,0.060280647492824246,-23.69662644605904,111.98404839318783,0.02698364560714095,0.026752140407428238,8.042862463624143e-27,0.16426699488071506,0.1900673148717665,0.1544683426967212
