feature,lag,n_pairs,pearson_r,pearson_p,spearman_rho,spearman_p,kendall_tau,kendall_p,mutual_info,ols_slope,ols_intercept,ols_r2,ols_adj_r2,ols_slope_p,abs_pearson,abs_spearman,abs_kendall
CMU FP Equity_DX_DSS,5,4223,-0.03401239036622527,0.027086625165123782,-0.041852190958980726,0.006525525132845671,-0.03416881383633188,0.006538076622523926,0.004897112356710531,-10.441924241380125,185.95960100530746,0.0011568426984241986,0.0009202060821481561,0.027086625165122672,0.03401239036622527,0.041852190958980726,0.03416881383633188
