feature,lag,n_pairs,pearson_r,pearson_p,spearman_rho,spearman_p,kendall_tau,kendall_p,mutual_info,ols_slope,ols_intercept,ols_r2,ols_adj_r2,ols_slope_p,abs_pearson,abs_spearman,abs_kendall
CP9 FP Equity_DX_DSS,5,4203,-0.016953675616995317,0.2718255908878669,-0.018543839940697863,0.22938171460782683,-0.015135336503825998,0.22956094383072811,0.0006349193375030371,-13.726030759306123,459.1436210050971,0.0002874271169266418,4.945697341718347e-05,0.27182559088787955,0.016953675616995317,0.018543839940697863,0.015135336503825998
