feature,lag,n_pairs,pearson_r,pearson_p,spearman_rho,spearman_p,kendall_tau,kendall_p,mutual_info,ols_slope,ols_intercept,ols_r2,ols_adj_r2,ols_slope_p,abs_pearson,abs_spearman,abs_kendall
EDEU FP Equity_DX_ACTIVE_AVAIL_SUPPLY_QTY,5,2026,0.06512138174496906,0.003362561089138094,0.048762745163306594,0.02817677243758375,0.039832150886632896,0.02821215886167059,0.0005533672526307765,0.18860489130435146,108.67902173913043,0.004240794360373834,0.003748818468259363,0.0033625610891375806,0.06512138174496906,0.048762745163306594,0.039832150886632896
EDEU FP Equity_DX_ACTIVE_AVAIL_SUPPLY_MV,5,2026,0.06512138174496905,0.003362561089138094,0.048762745163306594,0.02817677243758375,0.039832150886632896,0.02821215886167059,0.0005533672526307765,1257.3659420290137,108.67902173913043,0.004240794360373834,0.003748818468259363,0.0033625610891375246,0.06512138174496905,0.048762745163306594,0.039832150886632896
EDEU FP Equity_DX_ACTIVE_AVAILABILITY_VALUE,5,2026,0.06512133908561359,0.003362581935722399,0.04876270605622557,0.028176898904701975,0.039816257106348084,0.0282556553126673,0.0005533672526307765,0.0012752181611085627,108.67902176386418,0.0042407888043033415,0.003748812909443733,0.0033625819357228125,0.06512133908561359,0.04876270605622557,0.039816257106348084
