feature,lag,n_pairs,pearson_r,pearson_p,spearman_rho,spearman_p,kendall_tau,kendall_p,mutual_info,ols_slope,ols_intercept,ols_r2,ols_adj_r2,ols_slope_p,abs_pearson,abs_spearman,abs_kendall
EGRO FP Equity_DX_ACTIVE_AVAIL_SUPPLY_QTY,5,1001,0.03645449735655475,0.24919346473473025,0.06312229114137273,0.045869098466906504,0.05162457809175491,0.0457159498747238,0.0,0.0008750935672514256,10.405359019343228,0.001328930377519244,0.00032925963715635387,0.24919346473474804,0.03645449735655475,0.06312229114137273,0.05162457809175491
EGRO FP Equity_DX_ACTIVE_AVAILABILITY_VALUE,5,1001,0.03630851357203396,0.2510952969235686,0.0631202166457776,0.04587624706762921,0.05159013084798491,0.04582458003107581,0.0,8.026271798675891e-05,10.405368410667677,0.0013183081578108657,0.0003186267845953772,0.2510952969235712,0.03630851357203396,0.0631202166457776,0.05159013084798491
EGRO FP Equity_DX_ACTIVE_AVAIL_SUPPLY_MV,5,1001,0.027041490615005586,0.3927494970191919,0.038138242750204714,0.22798296784937674,0.03117200333818449,0.22780317402356143,0.0,61.21160000000826,10.405883999999999,0.0007312422146814601,-0.0002690268121308126,0.39274949701912143,0.027041490615005586,0.038138242750204714,0.03117200333818449
