feature,lag,n_pairs,pearson_r,pearson_p,spearman_rho,spearman_p,kendall_tau,kendall_p,mutual_info,ols_slope,ols_intercept,ols_r2,ols_adj_r2,ols_slope_p,abs_pearson,abs_spearman,abs_kendall
EQUA FP Equity_DX_ACTIVE_AVAIL_SUPPLY_MV,5,2364,-0.16751456059107328,2.435892315209491e-16,-0.2672568940785108,5.986065324740546e-40,-0.2095224814198505,7.50835903943462e-38,0.19377848825501398,-1.1358010254946174,134.09172969241934,0.028061128010020253,0.027649638225096473,2.435892315213336e-16,0.16751456059107328,0.2672568940785108,0.2095224814198505
EQUA FP Equity_DX_ACTIVE_AVAILABILITY_VALUE,5,2364,-0.16744017142290724,2.511853673938133e-16,-0.26571763822242855,1.7082979963410727e-39,-0.2021747297714272,6.643868105335033e-36,0.1964328466793721,-1.1343451011104166e-06,134.09113865477434,0.028036211006132294,0.02762471067209593,2.5118536739395076e-16,0.16744017142290724,0.26571763822242855,0.2021747297714272
EQUA FP Equity_DX_ACTIVE_AVAIL_SUPPLY_QTY,5,2364,-0.16692558568348936,3.105136103029431e-16,-0.27226245281863326,1.88501410206221e-41,-0.21984107733078787,8.511623020444998e-41,0.18416669083970816,-0.00013270623028973724,134.08718341238927,0.027864151155775896,0.027452577976756376,3.1051361030369057e-16,0.16692558568348936,0.27226245281863326,0.21984107733078787
