feature,lag,n_pairs,pearson_r,pearson_p,spearman_rho,spearman_p,kendall_tau,kendall_p,mutual_info,ols_slope,ols_intercept,ols_r2,ols_adj_r2,ols_slope_p,abs_pearson,abs_spearman,abs_kendall
EVOE FP Equity_DX_ACTIVE_AVAIL_SUPPLY_MV,5,2358,0.19189070501717637,5.424499700220725e-21,0.15272014727807512,8.931247463406345e-14,0.12473540572817753,1.221748706041809e-13,0.028366855190675277,5660.322369546626,139.4897763045338,0.036822042671989075,0.036413223505041725,5.424499700219866e-21,0.19189070501717637,0.15272014727807512,0.12473540572817753
EVOE FP Equity_DX_ACTIVE_AVAILABILITY_VALUE,5,2358,0.15924221935197072,7.35269258690027e-15,0.0505828938584089,0.014028329517117952,0.041405913537471,0.013156568896480937,0.0841966948903794,0.004579596253325351,139.39210901646376,0.025358084424141114,0.024944399400552042,7.35269258689031e-15,0.15924221935197072,0.0505828938584089,0.041405913537471
EVOE FP Equity_DX_ACTIVE_AVAIL_SUPPLY_QTY,5,2358,0.13928270456689112,1.0981668285561427e-11,0.050532684115658116,0.014123942019767022,0.04104481947234669,0.014383954208518084,0.08241507529456915,0.7419513223830556,139.4097895021874,0.019399671791467843,0.01898345773025878,1.0981668285556813e-11,0.13928270456689112,0.050532684115658116,0.04104481947234669
