feature,lag,n_pairs,pearson_r,pearson_p,spearman_rho,spearman_p,kendall_tau,kendall_p,mutual_info,ols_slope,ols_intercept,ols_r2,ols_adj_r2,ols_slope_p,abs_pearson,abs_spearman,abs_kendall
FCMC FP Equity_DX_ACTIVE_AVAIL_SUPPLY_QTY,5,1995,-0.2666827594509887,7.856601152350523e-34,-0.24023114529667805,1.3883326336683597e-27,-0.1946804702067366,1.2319264258298936e-27,0.3214214735224723,-17.864361120806898,1254.0847815947373,0.07111969418839359,0.07065362278557785,7.856601152355158e-34,0.2666827594509887,0.24023114529667805,0.1946804702067366
FCMC FP Equity_DX_ACTIVE_AVAILABILITY_VALUE,5,1995,-0.2524599850149313,2.2141580522052344e-30,-0.20426107744973154,3.1125379092257054e-20,-0.16490128204040225,2.165506988964241e-21,0.5118408791529125,-0.014174512554019884,1253.842480892161,0.06373604403373945,0.06326626783907496,2.214158052205368e-30,0.2524599850149313,0.20426107744973154,0.16490128204040225
FCMC FP Equity_DX_ACTIVE_AVAIL_SUPPLY_MV,5,1995,-0.2280107411638974,6.093546316360195e-25,-0.0926124221012514,3.4296161684254735e-05,-0.07528426087736076,3.813557323111905e-05,0.0716303345936471,-12512.057137721242,1247.255956310229,0.05198889808610885,0.05151322768876121,6.093546316365876e-25,0.2280107411638974,0.0926124221012514,0.07528426087736076
