feature,lag,n_pairs,pearson_r,pearson_p,spearman_rho,spearman_p,kendall_tau,kendall_p,mutual_info,ols_slope,ols_intercept,ols_r2,ols_adj_r2,ols_slope_p,abs_pearson,abs_spearman,abs_kendall
FINM FP Equity_DX_ACTIVE_AVAIL_SUPPLY_MV,5,2257,0.7316119881171974,0.0,0.14858143382028421,1.300159136467605e-12,0.12525442159364802,5.698571020376489e-14,0.5325707370384571,161.5801560212395,0.319660020498605,0.535256101156798,0.5350500063014352,0.0,0.7316119881171974,0.14858143382028421,0.12525442159364802
FINM FP Equity_DX_ACTIVE_AVAILABILITY_VALUE,5,2257,0.2427286832426125,1.2663520694238183e-31,-0.08224319273525894,9.166226042616912e-05,-0.06400998308336237,0.0001259329429004709,0.3876816101653491,0.00010825404093388327,1.6100311280978195,0.0589172136686924,0.05849988205612855,1.2663520694240037e-31,0.2427286832426125,0.08224319273525894,0.06400998308336237
FINM FP Equity_DX_ACTIVE_AVAIL_SUPPLY_QTY,5,2257,0.16984755610706348,4.521035556588474e-16,-0.08566515372739991,4.601257188275733e-05,-0.06957703747483371,4.343552430394473e-05,0.3819938983244593,0.0006968032610173512,1.6402692908811733,0.02884819231554203,0.028417526325438036,4.521035556587776e-16,0.16984755610706348,0.08566515372739991,0.06957703747483371
