feature,lag,n_pairs,pearson_r,pearson_p,spearman_rho,spearman_p,kendall_tau,kendall_p,mutual_info,ols_slope,ols_intercept,ols_r2,ols_adj_r2,ols_slope_p,abs_pearson,abs_spearman,abs_kendall
GOV10 FP Equity_DX_ACTIVE_AVAILABILITY_VALUE,5,316,0.2638701583691123,1.968440814070043e-06,0.30552423132763895,2.978694224993918e-08,0.2461363418967462,5.056344944649547e-08,0.07233763043304764,1.230593616051174e-05,10.216737742124774,0.0696274604777406,0.06666449060665047,1.9684408140719352e-06,0.2638701583691123,0.30552423132763895,0.2461363418967462
GOV10 FP Equity_DX_ACTIVE_AVAIL_SUPPLY_QTY,5,316,0.2638253455702774,1.9766216241259563e-06,0.30553195652281684,2.976189560621942e-08,0.2502300375065896,5.473797651817534e-08,0.07018926016718541,0.00012817083891198094,10.216738908750228,0.0696038129652764,0.06664076778363703,1.9766216241265263e-06,0.2638253455702774,0.30553195652281684,0.2502300375065896
GOV10 FP Equity_DX_ACTIVE_AVAIL_SUPPLY_MV,5,316,0.2638000489055106,1.981254004854187e-06,0.30553195652281684,2.976189560621942e-08,0.2502300375065896,5.473797651817534e-08,0.0701198339069633,10.899219650324758,10.216751308814336,0.0695904658025498,0.06662737811402275,1.9812540048523028e-06,0.2638000489055106,0.30553195652281684,0.2502300375065896
