feature,lag,n_pairs,pearson_r,pearson_p,spearman_rho,spearman_p,kendall_tau,kendall_p,mutual_info,ols_slope,ols_intercept,ols_r2,ols_adj_r2,ols_slope_p,abs_pearson,abs_spearman,abs_kendall
HLT FP Equity_DX_DSS,5,4852,-0.28779676427447354,3.493895708873204e-93,-0.326024964812638,1.5637227969687795e-120,-0.2662669722213526,1.8680522846659053e-114,0.10643012730486023,-44.82147284101369,83.85637572779854,0.08282697752685697,0.0826378696871718,3.4938957088440206e-93,0.28779676427447354,0.326024964812638,0.2662669722213526
