feature,lag,n_pairs,pearson_r,pearson_p,spearman_rho,spearman_p,kendall_tau,kendall_p,mutual_info,ols_slope,ols_intercept,ols_r2,ols_adj_r2,ols_slope_p,abs_pearson,abs_spearman,abs_kendall
INS FP Equity_DX_DSS,5,4785,-0.20780342226722381,7.861410022051241e-48,-0.2293597724091715,3.7414151704643336e-58,-0.18571048937853687,2.199386809552149e-56,0.09165236001129928,-7.341530503447568,33.9087551687615,0.04318226230596989,0.04298221678272218,7.861410022070918e-48,0.20780342226722381,0.2293597724091715,0.18571048937853687
