feature,lag,n_pairs,pearson_r,pearson_p,spearman_rho,spearman_p,kendall_tau,kendall_p,mutual_info,ols_slope,ols_intercept,ols_r2,ols_adj_r2,ols_slope_p,abs_pearson,abs_spearman,abs_kendall
IQEC FP Equity_DX_ACTIVE_AVAIL_SUPPLY_QTY,5,2085,-0.021035639097658397,0.3370273533764397,-0.021818620610314764,0.31934802217880354,-0.017839248167661026,0.31923141428201884,0.00016939683331551603,-0.003410412667945491,24.4531238003839,0.00044249811224639224,-3.736626696038137e-05,0.33702735337655343,0.021035639097658397,0.021818620610314764,0.017839248167661026
IQEC FP Equity_DX_ACTIVE_AVAILABILITY_VALUE,5,2085,-0.021035639097658397,0.3370273533764397,-0.021818620610314764,0.31934802217880354,-0.017839248167661026,0.31923141428201884,0.00016939683331551603,-0.00014549542098743086,24.453123800383892,0.00044249811224683633,-3.736626695993728e-05,0.3370273533765661,0.021035639097658397,0.021818620610314764,0.017839248167661026
IQEC FP Equity_DX_ACTIVE_AVAIL_SUPPLY_MV,5,2085,-0.021035639097658397,0.3370273533764397,-0.021818620610314764,0.31934802217880354,-0.017839248167661026,0.31923141428201884,0.00016939683331551603,-102.31238003836032,24.45312380038389,0.0004424981122466143,-3.736626696015932e-05,0.3370273533765701,0.021035639097658397,0.021818620610314764,0.017839248167661026
