feature,lag,n_pairs,pearson_r,pearson_p,spearman_rho,spearman_p,kendall_tau,kendall_p,mutual_info,ols_slope,ols_intercept,ols_r2,ols_adj_r2,ols_slope_p,abs_pearson,abs_spearman,abs_kendall
MFA8 FP Equity_DX_ACTIVE_AVAILABILITY_VALUE,5,101,0.44963287349977654,2.394135824769422e-06,0.8000929369875549,1.0606985952812148e-23,0.6318152042197643,4.9139852712447993e-20,0.8299325585368016,2.6421058942709834e-07,74.07709228125348,0.20216972093166607,0.1941108292239051,2.3941358247694096e-06,0.44963287349977654,0.8000929369875549,0.6318152042197643
MFA8 FP Equity_DX_ACTIVE_AVAIL_SUPPLY_MV,5,101,0.4496048674309826,2.398016484479434e-06,0.7942359962523997,3.796803864372778e-23,0.6235950166441347,1.264971189306185e-19,0.8076747310714922,0.26412649739481675,74.08123790136399,0.20214453681763134,0.19408539072488007,2.3980164844794425e-06,0.4496048674309826,0.7942359962523997,0.6235950166441347
MFA8 FP Equity_DX_ACTIVE_AVAIL_SUPPLY_QTY,5,101,0.4495153272619774,2.4104635458714494e-06,0.6615190625827043,5.059142282765442e-14,0.5579669908007538,2.8131144867797903e-12,0.4261366375929001,2.672656586710385e-05,73.94064744153721,0.2020640294434426,0.1940040701448914,2.410463545871419e-06,0.4495153272619774,0.6615190625827043,0.5579669908007538
