feature,lag,n_pairs,pearson_r,pearson_p,spearman_rho,spearman_p,kendall_tau,kendall_p,mutual_info,ols_slope,ols_intercept,ols_r2,ols_adj_r2,ols_slope_p,abs_pearson,abs_spearman,abs_kendall
MHM FP Equity_DX_DSS,5,4674,-0.02531184752557371,0.08357654899622377,0.06034136324598365,3.659390677775653e-05,0.050037750779692546,3.709022423001575e-05,0.031614641188431936,-0.06733846319879776,0.13953358515001116,0.000640689625157731,0.00042678566317677635,0.0835765489962231,0.02531184752557371,0.06034136324598365,0.050037750779692546
