feature,lag,n_pairs,pearson_r,pearson_p,spearman_rho,spearman_p,kendall_tau,kendall_p,mutual_info,ols_slope,ols_intercept,ols_r2,ols_adj_r2,ols_slope_p,abs_pearson,abs_spearman,abs_kendall
MLBON FP Equity_DX_ACTIVE_AVAILABILITY_VALUE,5,705,0.12397569572616504,0.000971422974652974,0.13633243662942446,0.00028296407845845547,0.11998643869956188,0.00028729656782300816,0.0,0.0006146352611292872,14.097166115118839,0.015369973130786585,0.013969361428269989,0.000971422974653126,0.12397569572616504,0.13633243662942446,0.11998643869956188
MLBON FP Equity_DX_ACTIVE_AVAIL_SUPPLY_QTY,5,705,0.12278273084287643,0.001088128541841643,0.13623570906387836,0.0002858281940875285,0.11983320686402096,0.00029508463087002704,0.0,0.010092860260949613,14.097480234757729,0.015075598993234518,0.013674568550835153,0.0010881285418418028,0.12278273084287643,0.13623570906387836,0.11983320686402096
MLBON FP Equity_DX_ACTIVE_AVAIL_SUPPLY_MV,5,705,0.09319472396360699,0.01330536961983858,0.09164354251788867,0.01492844303877402,0.08066709152695963,0.0150332127272021,0.0,338.9743589743626,14.11025641025637,0.008685256574652689,0.007275136029239682,0.013305369619837654,0.09319472396360699,0.09164354251788867,0.08066709152695963
