feature,lag,n_pairs,pearson_r,pearson_p,spearman_rho,spearman_p,kendall_tau,kendall_p,mutual_info,ols_slope,ols_intercept,ols_r2,ols_adj_r2,ols_slope_p,abs_pearson,abs_spearman,abs_kendall
MLCFM FP Equity_DX_ACTIVE_AVAILABILITY_VALUE,5,1881,-0.20203063723837228,8.931693880958889e-19,-0.025900253322040406,0.26154433106035635,-0.021117829972148405,0.2628526504160188,0.051151847793569516,-0.0008073811154215231,1021.7491331175598,0.04081637838294283,0.040305902799325555,8.93169388097662e-19,0.20203063723837228,0.025900253322040406,0.021117829972148405
MLCFM FP Equity_DX_ACTIVE_AVAIL_SUPPLY_QTY,5,1881,-0.19823412246938843,4.02597144578049e-18,-0.025661958501081546,0.26595965706410796,-0.02094227100250964,0.26733774396857957,0.050033054423846535,-0.6305037020967005,1021.637847479187,0.03929676731120835,0.03878548299365192,4.025971445777935e-18,0.19823412246938843,0.025661958501081546,0.02094227100250964
MLCFM FP Equity_DX_ACTIVE_AVAIL_SUPPLY_MV,5,1881,-0.1951285669249818,1.3491200321608383e-17,-0.02686114450169579,0.24425511754655604,-0.02205201401308523,0.24275158026500832,0.0555969223633499,-494.2680768641916,1021.5122985535771,0.03807515763019842,0.037563223174440274,1.3491200321593071e-17,0.1951285669249818,0.02686114450169579,0.02205201401308523
