feature,lag,n_pairs,pearson_r,pearson_p,spearman_rho,spearman_p,kendall_tau,kendall_p,mutual_info,ols_slope,ols_intercept,ols_r2,ols_adj_r2,ols_slope_p,abs_pearson,abs_spearman,abs_kendall
MLCHE FP Equity_DX_ACTIVE_AVAILABILITY_VALUE,5,2177,0.761194652608058,0.0,0.7102766490854213,0.0,0.6013898012310875,2.3193131120973606e-300,1.1056067691576636,0.030912518359156187,18.956543484105534,0.5794172991591021,0.5792239278023936,0.0,0.761194652608058,0.7102766490854213,0.6013898012310875
MLCHE FP Equity_DX_ACTIVE_AVAIL_SUPPLY_QTY,5,2177,0.7525540051372362,0.0,0.6761977765175473,6.1077641538227006e-291,0.5559466669673481,2.2356883645626065e-218,0.5977074819008041,1.9159396795324666,19.084794908062214,0.5663375306480949,0.5661381456047148,0.0,0.7525540051372362,0.6761977765175473,0.5559466669673481
