feature,lag,n_pairs,pearson_r,pearson_p,spearman_rho,spearman_p,kendall_tau,kendall_p,mutual_info,ols_slope,ols_intercept,ols_r2,ols_adj_r2,ols_slope_p,abs_pearson,abs_spearman,abs_kendall
MLCMG FP Equity_DX_ACTIVE_AVAIL_SUPPLY_MV,5,1066,0.10590045332036899,0.0005335939824393584,0.03444826018357884,0.26112428614174316,0.08980619731165056,7.136757783930964e-05,1.2491543197562334,6.092273088562278,2.0353196208102435,0.01121490601345887,0.010285596714599277,0.0005335939824392816,0.10590045332036899,0.03444826018357884,0.08980619731165056
MLCMG FP Equity_DX_ACTIVE_AVAILABILITY_VALUE,5,1066,0.10501612306082392,0.000594267491163081,0.050729860389934676,0.09783625768043977,0.14197057998670787,1.3128102917809607e-10,1.6745525039595024,5.943215484572336e-06,2.026771592745333,0.011028386102726495,0.01009890150319892,0.0005942674911632428,0.10501612306082392,0.050729860389934676,0.14197057998670787
MLCMG FP Equity_DX_ACTIVE_AVAIL_SUPPLY_QTY,5,1066,-0.0878261609062207,0.004108921600440858,0.031012532279969626,0.31172750368111746,0.027095647288306508,0.28496681995906614,0.4749959324684587,-2.453391098835007e-05,2.449900966478112,0.007713434539524888,0.006780834384016887,0.0041089216004415305,0.0878261609062207,0.031012532279969626,0.027095647288306508
