feature,lag,n_pairs,pearson_r,pearson_p,spearman_rho,spearman_p,kendall_tau,kendall_p,mutual_info,ols_slope,ols_intercept,ols_r2,ols_adj_r2,ols_slope_p,abs_pearson,abs_spearman,abs_kendall
MLCMB FP Equity_DX_ACTIVE_AVAIL_SUPPLY_QTY,5,4382,-0.6156219096221635,0.0,-0.7432898238581882,0.0,-0.5852309229016589,0.0,0.6344305390030796,-0.2146058230358477,108.55389826497516,0.3789903356068395,0.3788485525784392,0.0,0.6156219096221635,0.7432898238581882,0.5852309229016589
MLCMB FP Equity_DX_ACTIVE_AVAIL_SUPPLY_MV,5,4382,-0.5869533319197767,0.0,-0.7841178398171812,0.0,-0.6131291394586129,0.0,0.7078563570993208,-2797.5418643753055,106.7020482379444,0.34451421385172853,0.34436455956265355,0.0,0.5869533319197767,0.7841178398171812,0.6131291394586129
MLCMB FP Equity_DX_ACTIVE_AVAILABILITY_VALUE,5,4382,0.0039718059604601855,0.7926689847130103,-0.7231856395301561,0.0,-0.5253564578720011,0.0,0.6861724688872815,7.353182662622704e-08,86.6458691876013,1.577524258733476e-05,-0.00021253165804213658,0.7926689847130284,0.0039718059604601855,0.7231856395301561,0.5253564578720011
