feature,lag,n_pairs,pearson_r,pearson_p,spearman_rho,spearman_p,kendall_tau,kendall_p,mutual_info,ols_slope,ols_intercept,ols_r2,ols_adj_r2,ols_slope_p,abs_pearson,abs_spearman,abs_kendall
MLCOT FP Equity_DX_ACTIVE_AVAILABILITY_VALUE,5,2272,0.2933587430508667,2.4911259865089714e-46,-0.0721289416511939,0.0005803140019877151,-0.01751118216754389,0.24546027834362205,1.192275138399645,6.201139059542852e-08,0.15103151997806838,0.08605935212438465,0.08565673509888883,2.4911259865076545e-46,0.2933587430508667,0.0721289416511939,0.01751118216754389
MLCOT FP Equity_DX_ACTIVE_AVAIL_SUPPLY_MV,5,2272,0.2881487470052615,1.0849435110169746e-44,-0.20079249688600714,4.279846162817308e-22,-0.11146304997109084,1.570759360846375e-13,1.0914785957824655,0.05623144242995622,0.13421336361178374,0.08302970040070234,0.08262574872687012,1.0849435110172236e-44,0.2881487470052615,0.20079249688600714,0.11146304997109084
MLCOT FP Equity_DX_ACTIVE_AVAIL_SUPPLY_QTY,5,2272,-0.16652447134073145,1.3609816804985835e-15,-0.005847964484525587,0.7805555416026912,0.03805565591845993,0.013554575377152706,1.243143553030774,-5.277332347179766e-08,0.6025654302965023,0.027730399555310425,0.027302086955995675,1.3609816804984723e-15,0.16652447134073145,0.005847964484525587,0.03805565591845993
