feature,lag,n_pairs,pearson_r,pearson_p,spearman_rho,spearman_p,kendall_tau,kendall_p,mutual_info,ols_slope,ols_intercept,ols_r2,ols_adj_r2,ols_slope_p,abs_pearson,abs_spearman,abs_kendall
MLCVG FP Equity_DX_ACTIVE_AVAIL_SUPPLY_QTY,5,849,-0.4046525861681744,8.688544533234453e-35,-0.2824830270926883,4.8524138563719456e-17,-0.23272204159747767,1.1086532173204967e-16,0.3926905284859503,-708.4101774434915,5719.773717325046,0.16374371549259192,0.1627563999264674,8.688544533235467e-35,0.4046525861681744,0.2824830270926883,0.23272204159747767
MLCVG FP Equity_DX_ACTIVE_AVAIL_SUPPLY_MV,5,849,-0.3841902819315277,3.002248611836072e-31,-0.2824830270926883,4.8524138563719456e-17,-0.23272204159747767,1.1086532173204967e-16,0.39195791523186196,-109141.49477229622,5721.758695284663,0.1476021727306267,0.1465957998530949,3.002248611836097e-31,0.3841902819315277,0.2824830270926883,0.23272204159747767
MLCVG FP Equity_DX_ACTIVE_AVAILABILITY_VALUE,5,849,0.07597265647897128,0.026856332048953917,-0.05190028838023631,0.13077813154283377,-0.04258955082654267,0.13121848599306962,0.21114773454633906,0.04001783242341074,5368.824450843501,0.005771844532471593,0.004598021444552347,0.026856332048951676,0.07597265647897128,0.05190028838023631,0.04258955082654267
