feature,lag,n_pairs,pearson_r,pearson_p,spearman_rho,spearman_p,kendall_tau,kendall_p,mutual_info,ols_slope,ols_intercept,ols_r2,ols_adj_r2,ols_slope_p,abs_pearson,abs_spearman,abs_kendall
MLDYX FP Equity_DX_ACTIVE_AVAIL_SUPPLY_QTY,5,1641,-0.22444786430951508,3.4825941011867706e-20,-0.8238762035447522,0.0,-0.7347459923069468,3.642249177847915e-247,0.6804155426634804,-1.4386349872304464e-05,2.445285152815943,0.05037684379310081,0.04979745199553709,3.4825941011879135e-20,0.22444786430951508,0.8238762035447522,0.7347459923069468
MLDYX FP Equity_DX_ACTIVE_AVAIL_SUPPLY_MV,5,1641,-0.08702116359763223,0.00041686036011279393,-0.8317931443612826,0.0,-0.723983066839716,1.4336331129457746e-250,0.6653360987350174,-0.23950770273391248,1.6475308574770426,0.00757268291388391,0.006967175093819167,0.00041686036011282743,0.08702116359763223,0.8317931443612826,0.723983066839716
MLDYX FP Equity_DX_ACTIVE_AVAILABILITY_VALUE,5,1641,0.04704772459412869,0.05671883133293163,-0.06143355494354099,0.012807319894148588,-0.058580652821710606,0.012019513624651989,0.1360901546195663,2.6310099813423983e-07,1.3360937889673958,0.002213488389483209,0.0016047107741016253,0.056718831332931714,0.04704772459412869,0.06143355494354099,0.058580652821710606
