feature,lag,n_pairs,pearson_r,pearson_p,spearman_rho,spearman_p,kendall_tau,kendall_p,mutual_info,ols_slope,ols_intercept,ols_r2,ols_adj_r2,ols_slope_p,abs_pearson,abs_spearman,abs_kendall
MLEAS FP Equity_DX_ACTIVE_AVAILABILITY_VALUE,5,1086,0.05540946161490823,0.06795706710635764,-0.12506937626154196,3.579147106539273e-05,-0.11776571193114158,6.735050524426016e-07,0.8557751365505544,0.0001996047716621618,1.2222431786905275,0.0030702084364532256,0.0021505315069666464,0.06795706710633893,0.05540946161490823,0.12506937626154196,0.11776571193114158
MLEAS FP Equity_DX_ACTIVE_AVAIL_SUPPLY_QTY,5,1086,-0.04675561451240318,0.12359050741616968,-0.2125215471564836,1.4787615606604215e-12,-0.19285747144918958,1.232843412578458e-15,0.5756165078605555,-0.00021682417411718474,1.2695430391107776,0.0021860874884316317,0.0012655949492144103,0.12359050741612858,0.04675561451240318,0.2125215471564836,0.19285747144918958
