feature,lag,n_pairs,pearson_r,pearson_p,spearman_rho,spearman_p,kendall_tau,kendall_p,mutual_info,ols_slope,ols_intercept,ols_r2,ols_adj_r2,ols_slope_p,abs_pearson,abs_spearman,abs_kendall
MLEDR FP Equity_DX_ACTIVE_AVAIL_SUPPLY_QTY,5,2658,-0.3435850986126572,1.5909359904638702e-74,-0.7749341499401217,0.0,-0.6276593410996224,0.0,0.7020782469187892,-1.0023634107139299,118.05863243088133,0.11805071998866912,0.11771866077179738,1.59093599046325e-74,0.3435850986126572,0.7749341499401217,0.6276593410996224
MLEDR FP Equity_DX_ACTIVE_AVAILABILITY_VALUE,5,2658,-0.31757856184747596,2.3531108934068011e-63,-0.7563190064528674,0.0,-0.5576503088690328,0.0,1.080800254567905,-0.011698985391327223,117.55939828961462,0.1008561429451107,0.10051760986640035,2.3531108934054264e-63,0.31757856184747596,0.7563190064528674,0.5576503088690328
