feature,lag,n_pairs,pearson_r,pearson_p,spearman_rho,spearman_p,kendall_tau,kendall_p,mutual_info,ols_slope,ols_intercept,ols_r2,ols_adj_r2,ols_slope_p,abs_pearson,abs_spearman,abs_kendall
MLEDU FP Equity_DX_ACTIVE_AVAIL_SUPPLY_QTY,5,1311,-0.3089284764384685,2.1863181554717516e-30,-0.3890249740228837,1.2813143510446313e-48,-0.28607772955188476,1.036393225172412e-39,0.9508272971777871,-8.630673695143148e-05,3.9516907395093117,0.09543680355459372,0.09474576979107541,2.186318155473606e-30,0.3089284764384685,0.3890249740228837,0.28607772955188476
MLEDU FP Equity_DX_ACTIVE_AVAILABILITY_VALUE,5,1311,0.2900001027424975,8.072154258910048e-27,0.07045647547618734,0.010716569529109118,0.12540887923090077,4.031061419420987e-09,1.2546710466214086,0.00014306497447276315,2.7236014686382797,0.0841000595906588,0.08340036521295868,8.072154258913954e-27,0.2900001027424975,0.07045647547618734,0.12540887923090077
MLEDU FP Equity_DX_ACTIVE_AVAIL_SUPPLY_MV,5,1311,-0.19753836017596993,5.321758603547506e-13,-0.10637672464739116,0.00011387989516428928,-0.09085795071602135,0.00011512816437004458,0.15885630523306338,-182.06930586795173,3.5622026933918027,0.03902140374101137,0.03828727188749026,5.321758603545976e-13,0.19753836017596993,0.10637672464739116,0.09085795071602135
