feature,lag,n_pairs,pearson_r,pearson_p,spearman_rho,spearman_p,kendall_tau,kendall_p,mutual_info,ols_slope,ols_intercept,ols_r2,ols_adj_r2,ols_slope_p,abs_pearson,abs_spearman,abs_kendall
MLFIR FP Equity_DX_ACTIVE_AVAIL_SUPPLY_QTY,5,988,-0.4602628298263862,5.897268732074025e-53,-0.4022381484163136,1.0225792481303683e-39,-0.3482707224773214,1.3428113048394098e-36,0.18524754611769767,-4.646739284616193e-05,27.27911241150077,0.21184187251979403,0.2110425235061224,5.897268732066473e-53,0.4602628298263862,0.4022381484163136,0.3482707224773214
MLFIR FP Equity_DX_ACTIVE_AVAIL_SUPPLY_MV,5,988,-0.4535734984721327,2.698715170827847e-51,-0.40214171760891415,1.0705631291612603e-39,-0.3462730085639123,1.4039950119172124e-36,0.17536639781198504,-8.615801431198133,27.234885707301608,0.20572891851625064,0.20492336975206826,2.698715170829564e-51,0.4535734984721327,0.40214171760891415,0.3462730085639123
MLFIR FP Equity_DX_ACTIVE_AVAILABILITY_VALUE,5,988,-0.3435343814294501,9.502888601552171e-29,-0.30834111799389075,3.3262584856437645e-23,-0.26596520000775475,3.4559723805718e-22,0.08868612372894713,-8.133806769521008e-06,26.580126861454335,0.11801587122411694,0.1171213639941211,9.502888601547669e-29,0.3435343814294501,0.30834111799389075,0.26596520000775475
