feature,lag,n_pairs,pearson_r,pearson_p,spearman_rho,spearman_p,kendall_tau,kendall_p,mutual_info,ols_slope,ols_intercept,ols_r2,ols_adj_r2,ols_slope_p,abs_pearson,abs_spearman,abs_kendall
MLFTI FP Equity_DX_ACTIVE_AVAILABILITY_VALUE,5,2176,-0.012277762075355596,0.567036924763481,-0.030490582329555087,0.15507669700674645,-0.02509571776721091,0.15503028772347954,0.0,-0.00411500171323548,0.3326871264367842,0.00015074344157828268,-0.0003091688199481357,0.5670369247634841,0.012277762075355596,0.030490582329555087,0.02509571776721091
MLFTI FP Equity_DX_ACTIVE_AVAIL_SUPPLY_QTY,5,2176,-0.012277762075355593,0.567036924763481,-0.030490582329555087,0.15507669700674645,-0.02509571776721091,0.15503028772347954,0.0,-0.00016871507024265634,0.33268712643678444,0.00015074344157850472,-0.0003091688199479137,0.5670369247634819,0.012277762075355593,0.030490582329555087,0.02509571776721091
