feature,lag,n_pairs,pearson_r,pearson_p,spearman_rho,spearman_p,kendall_tau,kendall_p,mutual_info,ols_slope,ols_intercept,ols_r2,ols_adj_r2,ols_slope_p,abs_pearson,abs_spearman,abs_kendall
MLGRC FP Equity_DX_ACTIVE_AVAILABILITY_VALUE,5,2635,0.2660872403819395,6.008791291639495e-44,0.17143191620229736,7.895405001785072e-19,0.14941758080174525,5.489936876092747e-21,0.6399742327246107,0.0004436943467447367,6.889927324104817,0.07080241949407595,0.0704495149819202,6.00879129164711e-44,0.2660872403819395,0.17143191620229736,0.14941758080174525
MLGRC FP Equity_DX_ACTIVE_AVAIL_SUPPLY_QTY,5,2635,-0.22513825850871896,1.2461222145533514e-31,-0.14006147216115167,5.127239098691471e-13,-0.13143677122342617,1.9396202067904842e-16,0.8474962780453601,-0.01021516787981964,12.484613513104083,0.05068723544433762,0.05032669128765099,1.246122214555108e-31,0.22513825850871896,0.14006147216115167,0.13143677122342617
MLGRC FP Equity_DX_ACTIVE_AVAIL_SUPPLY_MV,5,2635,-0.016086707160024038,0.4091283699569822,-0.07567012974982111,0.00010105270692897165,-0.07362760141028807,1.209236012076972e-05,0.3240392067684139,-25.191278927155256,9.153460720038659,0.00025878214725205684,-0.00012091447935369537,0.40912836995721946,0.016086707160024038,0.07567012974982111,0.07362760141028807
