feature,lag,n_pairs,pearson_r,pearson_p,spearman_rho,spearman_p,kendall_tau,kendall_p,mutual_info,ols_slope,ols_intercept,ols_r2,ols_adj_r2,ols_slope_p,abs_pearson,abs_spearman,abs_kendall
MLIML FP Equity_DX_ACTIVE_AVAIL_SUPPLY_QTY,5,1923,-0.013642902578952069,0.5499015164840974,-0.016334619154691393,0.47406043971606593,-0.013400236643651486,0.47391735513866906,0.0,-0.0017924262920568834,0.787727887617068,0.0001861287907777287,-0.00033433652479186726,0.5499015164841029,0.013642902578952069,0.016334619154691393,0.013400236643651486
MLIML FP Equity_DX_ACTIVE_AVAILABILITY_VALUE,5,1923,-0.013642902578952069,0.5499015164840974,-0.016334619154691393,0.47406043971606593,-0.013400236643651486,0.47391735513866906,0.0,-0.004168433237341623,0.7877278876170681,0.00018612879077750666,-0.0003343365247920893,0.549901516484099,0.013642902578952069,0.016334619154691393,0.013400236643651486
