feature,lag,n_pairs,pearson_r,pearson_p,spearman_rho,spearman_p,kendall_tau,kendall_p,mutual_info,ols_slope,ols_intercept,ols_r2,ols_adj_r2,ols_slope_p,abs_pearson,abs_spearman,abs_kendall
MLIRF FP Equity_DX_ACTIVE_AVAIL_SUPPLY_QTY,5,928,-0.47509873862649155,1.9963857499218236e-53,-0.4979570009769172,2.625179142532435e-59,-0.4100805843908499,3.0496192661100664e-51,0.36871035082848413,-9.002115645344219e-05,1.353001875416438,0.2257188114444837,0.22488265465338697,1.9963857499229654e-53,0.47509873862649155,0.4979570009769172,0.4100805843908499
MLIRF FP Equity_DX_ACTIVE_AVAIL_SUPPLY_MV,5,928,-0.39567163612288053,3.8258805839330985e-36,-0.383493338013829,7.0090661657367225e-34,-0.32522153266572973,1.8363830714416723e-31,0.18096195784950408,-49.675303004784624,1.3286331879908464,0.15655604363215736,0.1556451970270084,3.825880583930761e-36,0.39567163612288053,0.383493338013829,0.32522153266572973
MLIRF FP Equity_DX_ACTIVE_AVAILABILITY_VALUE,5,928,-0.2899976585536835,1.9369424617186826e-19,-0.3489621298613258,5.781084376423804e-28,-0.2903343510616709,3.2011421746413296e-26,0.1789620520270998,-3.884311051877955e-05,1.305921678946826,0.08409864196661976,0.08310954762749079,1.9369424617194258e-19,0.2899976585536835,0.3489621298613258,0.2903343510616709
