feature,lag,n_pairs,pearson_r,pearson_p,spearman_rho,spearman_p,kendall_tau,kendall_p,mutual_info,ols_slope,ols_intercept,ols_r2,ols_adj_r2,ols_slope_p,abs_pearson,abs_spearman,abs_kendall
MLMAD FP Equity_DX_ACTIVE_AVAILABILITY_VALUE,5,2053,0.16896906723380437,1.2900285745472282e-14,0.31130431063058533,2.252993941856608e-47,0.23884736251126995,3.4317124068440095e-43,0.5964750263442433,8.44935004836373e-05,6.657650240053526,0.028550545681861883,0.02807689894645571,1.290028574549512e-14,0.16896906723380437,0.31130431063058533,0.23884736251126995
MLMAD FP Equity_DX_ACTIVE_AVAIL_SUPPLY_QTY,5,2053,0.1435559725700576,6.384894573087543e-11,0.31045028267303126,4.1279178309755426e-47,0.23662675912782974,4.685853858746666e-42,0.561817835118817,0.0005564875565537863,6.692464799511771,0.020608317260534803,0.02013079815632246,6.384894573084121e-11,0.1435559725700576,0.31045028267303126,0.23662675912782974
MLMAD FP Equity_DX_ACTIVE_AVAIL_SUPPLY_MV,5,2053,0.11291543882805365,2.9051357997427454e-07,0.06226290097131939,0.0047702130612473845,0.04890944808992799,0.00613782101559901,0.2096187645500025,53.43750068301212,6.733475704896151,0.012749896325731536,0.012268545714481327,2.905135799738976e-07,0.11291543882805365,0.06226290097131939,0.04890944808992799
