feature,lag,n_pairs,pearson_r,pearson_p,spearman_rho,spearman_p,kendall_tau,kendall_p,mutual_info,ols_slope,ols_intercept,ols_r2,ols_adj_r2,ols_slope_p,abs_pearson,abs_spearman,abs_kendall
MLMCA FP Equity_DX_ACTIVE_AVAIL_SUPPLY_QTY,5,376,-0.08977982424412818,0.08210312319004785,-0.11421012970967098,0.026794843099408633,-0.0947029532323833,0.027990714993030897,0.09848090471598492,-0.0005234041783703597,6.160730419163116,0.008060416841306761,0.0054081719665508565,0.08210312319004952,0.08977982424412818,0.11421012970967098,0.0947029532323833
MLMCA FP Equity_DX_ACTIVE_AVAILABILITY_VALUE,5,376,-0.08742311245298542,0.09049446402090902,-0.1138668214764526,0.027258687777676007,-0.09397727848780472,0.02886103285498364,0.10550922470104074,-9.420685863443693e-05,6.160931328332234,0.007642800590967447,0.004989439095221315,0.09049446402090719,0.08742311245298542,0.1138668214764526,0.09397727848780472
MLMCA FP Equity_DX_ACTIVE_AVAIL_SUPPLY_MV,5,376,-0.0591526402910566,0.2525426352282385,-0.05387766789328799,0.2974092453587499,-0.04537446388508214,0.29679244766575297,0.042670102078925076,-42.15963963964053,6.154929729729721,0.0034990348534028604,0.000834593770123182,0.25254263522823067,0.0591526402910566,0.05387766789328799,0.04537446388508214
