feature,lag,n_pairs,pearson_r,pearson_p,spearman_rho,spearman_p,kendall_tau,kendall_p,mutual_info,ols_slope,ols_intercept,ols_r2,ols_adj_r2,ols_slope_p,abs_pearson,abs_spearman,abs_kendall
MLMFI FP Equity_DX_ACTIVE_AVAIL_SUPPLY_QTY,5,1159,-0.38448634701802836,3.914430799968649e-42,-0.3809750122264476,2.4422084721689876e-41,-0.3315365281217182,1.9487347123403144e-38,0.5182425647661999,-0.0013328071041447081,14.428027586206836,0.14782975104326757,0.14709321668807596,3.914430799997874e-42,0.38448634701802836,0.3809750122264476,0.3315365281217182
MLMFI FP Equity_DX_ACTIVE_AVAILABILITY_VALUE,5,1159,-0.37517342178430285,4.790198586108228e-40,-0.35254298883217433,2.9977275989305345e-35,-0.2828319845758462,1.8935974009147496e-29,0.6511263314493094,-0.00010635170229212984,14.40325162898823,0.14075509641334216,0.14001244740419216,4.79019858608484e-40,0.37517342178430285,0.35254298883217433,0.2828319845758462
MLMFI FP Equity_DX_ACTIVE_AVAIL_SUPPLY_MV,5,1159,-0.3615580080935889,4.094604122494555e-37,-0.35884295941068656,1.5139517035728048e-36,-0.2971396181847244,6.546172050010039e-32,0.6079646654833071,-112.53301340369671,14.361662174603296,0.13072419321660333,0.12997287445533856,4.094604122504223e-37,0.3615580080935889,0.35884295941068656,0.2971396181847244
