feature,lag,n_pairs,pearson_r,pearson_p,spearman_rho,spearman_p,kendall_tau,kendall_p,mutual_info,ols_slope,ols_intercept,ols_r2,ols_adj_r2,ols_slope_p,abs_pearson,abs_spearman,abs_kendall
MLMIB FP Equity_DX_ACTIVE_AVAILABILITY_VALUE,5,1048,0.20748329877299726,1.1791148337571052e-11,-0.3305385087513816,3.893836033574514e-28,-0.24844317381075165,6.693063158921202e-27,0.9228018476104163,8.873028889878123e-05,0.5868476102694091,0.04304931926972466,0.04213445246214309,1.1791148337572465e-11,0.20748329877299726,0.3305385087513816,0.24844317381075165
MLMIB FP Equity_DX_ACTIVE_AVAIL_SUPPLY_MV,5,1048,0.20600751515928548,1.657002820062155e-11,-0.03957767587566558,0.20046993297321128,-0.03351342539321672,0.20032370207498695,0.21313550340724774,84.4490801103425,0.5899178010471171,0.04243909630210463,0.04152364610736481,1.657002820061888e-11,0.20600751515928548,0.03957767587566558,0.03351342539321672
MLMIB FP Equity_DX_ACTIVE_AVAIL_SUPPLY_QTY,5,1048,0.06610382510463936,0.032374601882239666,-0.43228743057623337,5.854746187849225e-49,-0.3624056584861677,1.6627458029866952e-53,0.6181287258345436,7.434202383876733e-05,0.6266839560336919,0.004369715693465226,0.0034178702973787223,0.03237460188223771,0.06610382510463936,0.43228743057623337,0.3624056584861677
