feature,lag,n_pairs,pearson_r,pearson_p,spearman_rho,spearman_p,kendall_tau,kendall_p,mutual_info,ols_slope,ols_intercept,ols_r2,ols_adj_r2,ols_slope_p,abs_pearson,abs_spearman,abs_kendall
MLMTP FP Equity_DX_ACTIVE_AVAIL_SUPPLY_QTY,5,568,-0.017946851036242672,0.6695141131114734,-0.023295093022045712,0.5795526421157,-0.019806569409682253,0.5791017875008477,0.011702699295481178,-7.451684767474133e-05,9.641582010582006,0.00032208946211675915,-0.0014441259275261853,0.6695141131114773,0.017946851036242672,0.023295093022045712,0.019806569409682253
MLMTP FP Equity_DX_ACTIVE_AVAILABILITY_VALUE,5,568,-0.017946851036242672,0.6695141131114734,-0.023295093022045712,0.5795526421157,-0.019806569409682253,0.5791017875008477,0.011702699295481178,-7.843878702604493e-06,9.641582010582006,0.00032208946211675915,-0.0014441259275261853,0.6695141131114724,0.017946851036242672,0.023295093022045712,0.019806569409682253
MLMTP FP Equity_DX_ACTIVE_AVAIL_SUPPLY_MV,5,568,-0.017946851036242672,0.6695141131114734,-0.023295093022045712,0.5795526421157,-0.019806569409682253,0.5791017875008477,0.011702699295481178,-7.079100529100856,9.64158201058201,0.00032208946211764733,-0.0014441259275252971,0.669514113111459,0.017946851036242672,0.023295093022045712,0.019806569409682253
