feature,lag,n_pairs,pearson_r,pearson_p,spearman_rho,spearman_p,kendall_tau,kendall_p,mutual_info,ols_slope,ols_intercept,ols_r2,ols_adj_r2,ols_slope_p,abs_pearson,abs_spearman,abs_kendall
MLNMA FP Equity_DX_ACTIVE_AVAIL_SUPPLY_QTY,5,3188,-0.18321522832116724,1.8259829340787402e-25,-0.3469120499569446,7.876835460385021e-91,-0.2841592314121423,1.9321514441853746e-85,0.12046208687359616,-0.007333247315847733,1.0934369844782736,0.03356781988877788,0.03326448273243421,1.8259829340781963e-25,0.18321522832116724,0.3469120499569446,0.2841592314121423
MLNMA FP Equity_DX_ACTIVE_AVAILABILITY_VALUE,5,3188,-0.18053560795201226,9.229697635987306e-25,-0.34591528833812585,2.757490309816319e-90,-0.27617056430439624,1.3557779843021536e-82,0.16335896872087452,-0.06753886520084365,1.0929493704659379,0.03259310573860319,0.03228946264561483,9.229697635978267e-25,0.18053560795201226,0.34591528833812585,0.27617056430439624
