feature,lag,n_pairs,pearson_r,pearson_p,spearman_rho,spearman_p,kendall_tau,kendall_p,mutual_info,ols_slope,ols_intercept,ols_r2,ols_adj_r2,ols_slope_p,abs_pearson,abs_spearman,abs_kendall
MLOCT FP Equity_DX_ACTIVE_AVAIL_SUPPLY_QTY,5,1817,-0.18317631906918516,3.562746366069399e-15,-0.5002113806234838,1.2010267603432869e-115,-0.3737282057114201,1.4778563142744338e-93,0.6800688366644445,-0.0009419917364618817,2.511566024578686,0.033553563867736,0.0330210864924565,3.5627463660688864e-15,0.18317631906918516,0.5002113806234838,0.3737282057114201
MLOCT FP Equity_DX_ACTIVE_AVAILABILITY_VALUE,5,1817,-0.12710257896184682,5.441568057785024e-08,-0.4840017516469044,2.4649822285023093e-107,-0.3330770076007925,1.8781224395795559e-78,0.782387677886839,-0.0007171011538162827,2.413814491763147,0.016155065578753236,0.015613002254003305,5.4415680577836843e-08,0.12710257896184682,0.4840017516469044,0.3330770076007925
