feature,lag,n_pairs,pearson_r,pearson_p,spearman_rho,spearman_p,kendall_tau,kendall_p,mutual_info,ols_slope,ols_intercept,ols_r2,ols_adj_r2,ols_slope_p,abs_pearson,abs_spearman,abs_kendall
MLODT FP Equity_DX_ACTIVE_AVAIL_SUPPLY_MV,5,1628,0.48639349654473707,1.9763018787889713e-97,-0.09732467848370484,8.381296252764124e-05,-0.0785594579954923,9.571070161079835e-05,0.1777803895606802,59.84682367632442,2.837250365454555,0.23657863348101538,0.2361091246455178,1.9763018787859057e-97,0.48639349654473707,0.09732467848370484,0.0785594579954923
MLODT FP Equity_DX_ACTIVE_AVAILABILITY_VALUE,5,1628,0.4803607481918301,9.73581541749286e-95,-0.6064211947275198,4.340789412723416e-164,-0.4426364669502242,4.588629698291875e-126,1.230603104330199,5.9325398824841254e-05,2.814235469151401,0.23074644840341485,0.23027335273822624,9.735815417489611e-95,0.4803607481918301,0.6064211947275198,0.4426364669502242
MLODT FP Equity_DX_ACTIVE_AVAIL_SUPPLY_QTY,5,1628,0.01998242496493365,0.42040334485757186,-0.6397683189481258,4.0659330672578285e-188,-0.5008642689748215,1.4364850682609086e-153,1.0154692179116303,1.2181336787385767e-06,3.4836103444710025,0.00039929730747945147,-0.00021546327228239015,0.4204033448575887,0.01998242496493365,0.6397683189481258,0.5008642689748215
