feature,lag,n_pairs,pearson_r,pearson_p,spearman_rho,spearman_p,kendall_tau,kendall_p,mutual_info,ols_slope,ols_intercept,ols_r2,ols_adj_r2,ols_slope_p,abs_pearson,abs_spearman,abs_kendall
MLONL FP Equity_DX_ACTIVE_AVAILABILITY_VALUE,5,932,0.024844002941966033,0.44871829619400155,0.0525305988796753,0.1090132773157326,0.04333353580191271,0.10573971426119426,0.01962438644291975,3.217571959851374e-05,2.322891599831008,0.0006172244821807116,-0.00045738065278455586,0.44871829619400594,0.024844002941966033,0.0525305988796753,0.04333353580191271
MLONL FP Equity_DX_ACTIVE_AVAIL_SUPPLY_QTY,5,932,0.02207429798712399,0.5008985029380378,0.05213499189704318,0.11170908369426227,0.042933656424043065,0.10956481698052943,0.01422084041923144,7.038675478334002e-05,2.3232065713603083,0.000487274631624679,-0.0005874702343626748,0.500898502938034,0.02207429798712399,0.05213499189704318,0.042933656424043065
MLONL FP Equity_DX_ACTIVE_AVAIL_SUPPLY_MV,5,932,0.0023695930602842686,0.94240808401099,-0.0030461774648390264,0.9260059063226787,-0.0025081614359187434,0.9259465738809042,0.0,3.7511815252419822,2.3249763694951637,5.6149712716058175e-06,-0.0010696478083291883,0.9424080840109847,0.0023695930602842686,0.0030461774648390264,0.0025081614359187434
