feature,lag,n_pairs,pearson_r,pearson_p,spearman_rho,spearman_p,kendall_tau,kendall_p,mutual_info,ols_slope,ols_intercept,ols_r2,ols_adj_r2,ols_slope_p,abs_pearson,abs_spearman,abs_kendall
MLORQ FP Equity_DX_ACTIVE_AVAILABILITY_VALUE,5,702,0.1371872286622549,0.00026678234826699393,0.1641903674596128,1.2298759202134009e-05,0.1419735604548676,1.270556958830573e-05,0.06978138698584502,0.0007006353710080101,1.360565088845417,0.01882033570803099,0.017418650473328245,0.0002667823482668841,0.1371872286622549,0.1641903674596128,0.1419735604548676
MLORQ FP Equity_DX_ACTIVE_AVAIL_SUPPLY_QTY,5,702,0.13458661564429453,0.0003491094543202362,0.16391981166617783,1.27169497002394e-05,0.14162128101888585,1.4247801265987928e-05,0.06280379713762496,0.001030692764121134,1.3606149341142044,0.0181135571105846,0.016710862192171216,0.0003491094543202527,0.13458661564429453,0.16391981166617783,0.14162128101888585
