feature,lag,n_pairs,pearson_r,pearson_p,spearman_rho,spearman_p,kendall_tau,kendall_p,mutual_info,ols_slope,ols_intercept,ols_r2,ols_adj_r2,ols_slope_p,abs_pearson,abs_spearman,abs_kendall
MLPHO FP Equity_DX_ACTIVE_AVAIL_SUPPLY_MV,5,1377,-0.2904942885346301,3.493035307842019e-28,-0.7867427099410976,2.2425532127238121e-290,-0.6110420955210488,1.4501517327608228e-189,0.7286829694035166,-13.060858886423405,2.1365761067292155,0.0843869316712409,0.08372103125791097,3.4930353078430933e-28,0.2904942885346301,0.7867427099410976,0.6110420955210488
MLPHO FP Equity_DX_ACTIVE_AVAIL_SUPPLY_QTY,5,1377,-0.2900050800597894,4.330268315896926e-28,-0.7898380733700396,3.164701266129059e-294,-0.6190723573009026,4.6079041510131353e-194,0.6973507752101265,-1.6018540186655927e-06,2.134804779647948,0.08410294646048455,0.08343683951245584,4.3302683158974175e-28,0.2900050800597894,0.7898380733700396,0.6190723573009026
MLPHO FP Equity_DX_ACTIVE_AVAILABILITY_VALUE,5,1377,-0.2881083298974458,9.921289156336426e-28,-0.7828483771829525,1.2723511919486683e-285,-0.5899412124598762,7.96274806949186e-183,0.8122210774152068,-1.2989678119726494e-05,2.1295825532419856,0.08300640975629536,0.08233950532702727,9.921289156333547e-28,0.2881083298974458,0.7828483771829525,0.5899412124598762
