feature,lag,n_pairs,pearson_r,pearson_p,spearman_rho,spearman_p,kendall_tau,kendall_p,mutual_info,ols_slope,ols_intercept,ols_r2,ols_adj_r2,ols_slope_p,abs_pearson,abs_spearman,abs_kendall
MLSBT FP Equity_DX_ACTIVE_AVAIL_SUPPLY_MV,5,1902,0.5958655230987582,3.4121540980334576e-183,0.33061854809039554,9.598925871205278e-50,0.27298766246760175,5.429238579209758e-50,0.47603080913467655,343.1008844544653,4.108795084374112,0.35505572161775667,0.3547162772607134,3.4121540980327787e-183,0.5958655230987582,0.33061854809039554,0.27298766246760175
MLSBT FP Equity_DX_ACTIVE_AVAILABILITY_VALUE,5,1902,0.5430697392496103,2.2428888832923223e-146,0.31014054742081476,1.1051208124782167e-43,0.2553831108982109,2.693930894946032e-45,0.4469936683038247,0.00040253017640678394,4.270560253020914,0.29492474168864,0.29455364944742346,2.2428888832929407e-146,0.5430697392496103,0.31014054742081476,0.2553831108982109
MLSBT FP Equity_DX_ACTIVE_AVAIL_SUPPLY_QTY,5,1902,0.4445175669619035,6.126237003131011e-93,0.2914195349159377,1.5109889465029e-38,0.23881899520770694,5.474708356588456e-37,0.2712026035920492,0.003901591497508818,4.384078455790796,0.19759586733773005,0.1971735493731709,6.126237003137198e-93,0.4445175669619035,0.2914195349159377,0.23881899520770694
