feature,lag,n_pairs,pearson_r,pearson_p,spearman_rho,spearman_p,kendall_tau,kendall_p,mutual_info,ols_slope,ols_intercept,ols_r2,ols_adj_r2,ols_slope_p,abs_pearson,abs_spearman,abs_kendall
MLSEQ FP Equity_DX_ACTIVE_AVAIL_SUPPLY_MV,5,2860,0.7996513358354074,0.0,0.6971269005687307,0.0,0.5969060324546083,0.0,1.1503800104836968,0.09626680074791795,0.14031835067838588,0.6394422589033512,0.6393161015411759,0.0,0.7996513358354074,0.6971269005687307,0.5969060324546083
MLSEQ FP Equity_DX_ACTIVE_AVAILABILITY_VALUE,5,2860,0.7992841775748597,0.0,0.6828083460273371,0.0,0.5807207434242769,0.0,1.812321487399736,9.621053436737536e-08,0.1407845900001623,0.6388551965215196,0.6387288337491338,0.0,0.7992841775748597,0.6828083460273371,0.5807207434242769
MLSEQ FP Equity_DX_ACTIVE_AVAIL_SUPPLY_QTY,5,2860,0.7506049829982814,0.0,0.5463985260212644,2.3127245232872743e-222,0.4238453541914283,2.8986750418311885e-211,1.2970288336399918,2.247576861014032e-07,0.10672664707858505,0.563407840501851,0.5632550790744548,0.0,0.7506049829982814,0.5463985260212644,0.4238453541914283
