feature,lag,n_pairs,pearson_r,pearson_p,spearman_rho,spearman_p,kendall_tau,kendall_p,mutual_info,ols_slope,ols_intercept,ols_r2,ols_adj_r2,ols_slope_p,abs_pearson,abs_spearman,abs_kendall
MLSGT FP Equity_DX_ACTIVE_AVAILABILITY_VALUE,5,748,-0.0717792230008631,0.04971816324561565,-0.13742152092643012,0.00016322369458915157,-0.11647403425312258,0.000173960038602547,0.023279911061879766,-0.07312736657240695,142.49257900745368,0.005152256854606185,0.0038186807914086796,0.04971816324561408,0.0717792230008631,0.13742152092643012,0.11647403425312258
MLSGT FP Equity_DX_ACTIVE_AVAIL_SUPPLY_QTY,5,748,-0.06755130480002039,0.06481671354210408,-0.13742276391055233,0.0001632011800223562,-0.11659628006827896,0.00017393365568887605,0.03587441213275255,-0.23928158371712815,142.3315884712539,0.004563178780184862,0.003228813068094083,0.06481671354210508,0.06755130480002039,0.13742276391055233,0.11659628006827896
