feature,lag,n_pairs,pearson_r,pearson_p,spearman_rho,spearman_p,kendall_tau,kendall_p,mutual_info,ols_slope,ols_intercept,ols_r2,ols_adj_r2,ols_slope_p,abs_pearson,abs_spearman,abs_kendall
MLUMG FP Equity_DX_ACTIVE_AVAIL_SUPPLY_QTY,5,1762,-0.4565824948866235,1.866969429722638e-91,-0.5313828543175705,5.58226595718993e-129,-0.43618346117250517,3.770579092779268e-110,0.3131869003332992,-0.31989993547197737,4.9227604166666605,0.2084675746368938,0.20801784030430115,1.8669694297195575e-91,0.4565824948866235,0.5313828543175705,0.43618346117250517
MLUMG FP Equity_DX_ACTIVE_AVAILABILITY_VALUE,5,1762,-0.4478699576447638,1.1625628048789e-87,-0.5268147547413603,2.071390931982563e-126,-0.40588293105683015,2.7574475757213924e-101,0.4755021568367277,-0.1755157650122184,4.910414633585029,0.20058749896072248,0.20013328731240476,1.1625628048786597e-87,0.4478699576447638,0.5268147547413603,0.40588293105683015
