feature,lag,n_pairs,pearson_r,pearson_p,spearman_rho,spearman_p,kendall_tau,kendall_p,mutual_info,ols_slope,ols_intercept,ols_r2,ols_adj_r2,ols_slope_p,abs_pearson,abs_spearman,abs_kendall
PABZ FP Equity_DX_ACTIVE_AVAILABILITY_VALUE,5,1318,0.4359098852242458,3.0090766740491807e-62,0.49304801701061485,1.1403443362341927e-81,0.397478290892329,1.718830882485319e-73,0.2956978384765716,0.0032628474632007643,64.94131829825719,0.19001742803621513,0.18940193975964692,3.009076674070137e-62,0.4359098852242458,0.49304801701061485,0.397478290892329
PABZ FP Equity_DX_ACTIVE_AVAIL_SUPPLY_QTY,5,1318,0.4279767598554873,7.835363541610349e-60,0.4913387604980556,4.932610649003044e-81,0.39770682682372566,3.064540742619571e-72,0.26907805760449177,0.25386206553554796,64.9654809426834,0.1831641069764013,0.18254341100905813,7.835363541684957e-60,0.4279767598554873,0.4913387604980556,0.39770682682372566
PABZ FP Equity_DX_ACTIVE_AVAIL_SUPPLY_MV,5,1318,0.09321928273945433,0.0007029464546138211,0.09523722462986368,0.0005359597715635286,0.07783268360008833,0.0005432437173494637,0.009993684890267196,935.1116193961742,66.05360475754806,0.008689834674458385,0.007936559472843219,0.0007029464546136783,0.09321928273945433,0.09523722462986368,0.07783268360008833
