feature,lag,n_pairs,pearson_r,pearson_p,spearman_rho,spearman_p,kendall_tau,kendall_p,mutual_info,ols_slope,ols_intercept,ols_r2,ols_adj_r2,ols_slope_p,abs_pearson,abs_spearman,abs_kendall
PALAT FP Equity_DX_ACTIVE_AVAILABILITY_VALUE,5,1609,0.010024408802070608,0.6878311379435649,0.0012564574251742416,0.9598352707992467,0.00105711493245579,0.9585780049291751,0.0020787040626278896,0.0001073316248819043,18.99745957783179,0.00010048877183110871,-0.0005217262320444949,0.6878311379435736,0.010024408802070608,0.0012564574251742416,0.00105711493245579
PALAT FP Equity_DX_ACTIVE_AVAIL_SUPPLY_QTY,5,1609,0.009343217157310688,0.7080359003672058,0.001220739537744881,0.9609761285258813,0.0009859580169825333,0.9613839400145019,0.0016447721061063625,0.0018746784393011654,18.997571732771235,8.729570684862242e-05,-0.0005349275067749737,0.7080359003672378,0.009343217157310688,0.001220739537744881,0.0009859580169825333
PALAT FP Equity_DX_ACTIVE_AVAIL_SUPPLY_MV,5,1609,-0.0043041995434850095,0.8630301962057471,-0.012348651399197209,0.6206232383759724,-0.010086390773842182,0.6204735036254481,0.0004143360265167484,-46.437499999976694,18.999375,1.8526133710228265e-05,-0.000603739873673792,0.8630301962058142,0.0043041995434850095,0.012348651399197209,0.010086390773842182
