feature,lag,n_pairs,pearson_r,pearson_p,spearman_rho,spearman_p,kendall_tau,kendall_p,mutual_info,ols_slope,ols_intercept,ols_r2,ols_adj_r2,ols_slope_p,abs_pearson,abs_spearman,abs_kendall
SOLVA FP Equity_DX_ACTIVE_AVAIL_SUPPLY_QTY,5,852,0.03534551094858617,0.3027712077095789,0.03951297163822917,0.24927901783311793,0.03228277526404667,0.24904642329357607,0.0003912363067272162,0.003425927666797244,8.26333019976498,0.001249305144216617,7.430432673916076e-05,0.30277120770957844,0.03534551094858617,0.03951297163822917,0.03228277526404667
SOLVA FP Equity_DX_ACTIVE_AVAILABILITY_VALUE,5,852,0.03534551094858617,0.3027712077095789,0.03951297163822917,0.24927901783311793,0.03228277526404667,0.24904642329357607,0.0003912363067272162,0.00025693172842337165,8.26333019976498,0.001249305144216617,7.430432673916076e-05,0.30277120770957655,0.03534551094858617,0.03951297163822917,0.03228277526404667
SOLVA FP Equity_DX_ACTIVE_AVAIL_SUPPLY_MV,5,852,0.035345510948586165,0.3027712077095789,0.03951297163822917,0.24927901783311793,0.03228277526404667,0.24904642329357607,0.0003912363067272162,308.33349001174736,8.263330199764985,0.001249305144216728,7.430432673927179e-05,0.302771207709583,0.035345510948586165,0.03951297163822917,0.03228277526404667
