feature,lag,n_pairs,pearson_r,pearson_p,spearman_rho,spearman_p,kendall_tau,kendall_p,mutual_info,ols_slope,ols_intercept,ols_r2,ols_adj_r2,ols_slope_p,abs_pearson,abs_spearman,abs_kendall
SPEUS FP Equity_DX_ACTIVE_AVAIL_SUPPLY_QTY,5,556,-0.18146047647233932,1.670344659948627e-05,-0.19982980453912988,2.0412528394350975e-06,-0.16330964226067918,2.5055439793321267e-06,0.33264861726832473,-0.0009278887761979028,13.465861353711773,0.03292790452156835,0.03118228702070469,1.670344659948907e-05,0.18146047647233932,0.19982980453912988,0.16330964226067918
SPEUS FP Equity_DX_ACTIVE_AVAIL_SUPPLY_MV,5,556,-0.18146047647233932,1.670344659948627e-05,-0.19982980453912988,2.0412528394350975e-06,-0.16330964226067918,2.5055439793321267e-06,0.33264861726832473,-87.77827822832249,13.465861353711778,0.032927904521568574,0.031182287020704913,1.6703446599483844e-05,0.18146047647233932,0.19982980453912988,0.16330964226067918
SPEUS FP Equity_DX_ACTIVE_AVAILABILITY_VALUE,5,556,-0.17876556770242633,2.235756349882465e-05,-0.18950533390247815,6.819504836205622e-06,-0.1198532839775107,0.0003059576095719645,0.4675603792633054,-7.077496566357488e-05,13.463489037191204,0.03195712819597074,0.03020975839127027,2.2357563498824963e-05,0.17876556770242633,0.18950533390247815,0.1198532839775107
