feature,lag,n_pairs,pearson_r,pearson_p,spearman_rho,spearman_p,kendall_tau,kendall_p,mutual_info,ols_slope,ols_intercept,ols_r2,ols_adj_r2,ols_slope_p,abs_pearson,abs_spearman,abs_kendall
TELE FP Equity_DX_DSS,5,4853,-0.37359391169151607,1.366637444211318e-160,-0.41179795947823095,5.0558141393119325e-198,-0.32843368926723243,3.038519690118531e-178,0.15056930877899322,-4.305032552387888,33.353694808679236,0.13957241085296823,0.1393950396740058,1.3666374442386497e-160,0.37359391169151607,0.41179795947823095,0.32843368926723243
