feature,lag,n_pairs,pearson_r,pearson_p,spearman_rho,spearman_p,kendall_tau,kendall_p,mutual_info,ols_slope,ols_intercept,ols_r2,ols_adj_r2,ols_slope_p,abs_pearson,abs_spearman,abs_kendall
TNO FP Equity_DX_DSS,5,4685,-0.14430188745196793,3.1959536976233647e-23,-0.18061440216626848,1.2055168508764736e-35,-0.14749390509144766,4.2375460632999075e-35,0.031113757711883516,-27.549583966171184,46.9690901390096,0.02082303472219993,0.020613942908132454,3.195953697621693e-23,0.14430188745196793,0.18061440216626848,0.14749390509144766
