feature,lag,n_pairs,pearson_r,pearson_p,spearman_rho,spearman_p,kendall_tau,kendall_p,mutual_info,ols_slope,ols_intercept,ols_r2,ols_adj_r2,ols_slope_p,abs_pearson,abs_spearman,abs_kendall
UTI FP Equity_DX_DSS,5,4854,-0.0873431686660469,1.0920532635970505e-09,-0.07694807295609796,7.979077439107693e-08,-0.06184094978927516,9.792220151093132e-08,0.13569062127548115,-2.8356155673480563,44.47081432809984,0.007628829112625413,0.0074243008416262635,1.0920532635973806e-09,0.0873431686660469,0.07694807295609796,0.06184094978927516
