feature,lag,n_pairs,pearson_r,pearson_p,spearman_rho,spearman_p,kendall_tau,kendall_p,mutual_info,ols_slope,ols_intercept,ols_r2,ols_adj_r2,ols_slope_p,abs_pearson,abs_spearman,abs_kendall
3CAC FP Equity_DX_ACTIVE_AVAIL_SUPPLY_QTY,4,520,-0.03382477740965516,0.4414851896882391,-0.055755755010855425,0.20431458528999707,-0.0451790949669496,0.20552225051645978,0.0015435094559534956,-0.005576759525563728,52.825669820066054,0.001144115566812598,-0.0007841776463790584,0.441485189688257,0.03382477740965516,0.055755755010855425,0.0451790949669496
3CAC FP Equity_DX_ACTIVE_AVAILABILITY_VALUE,4,520,-0.023950115050110753,0.5858150661142035,-0.055156871338962896,0.20922497730138895,-0.044522495377028674,0.21117045067491902,0.0019038144187686346,-7.524384360484036e-05,52.81494435688634,0.0005736080109136621,-0.0013557865682158887,0.5858150661142107,0.023950115050110753,0.055156871338962896,0.044522495377028674
3CAC FP Equity_DX_ACTIVE_AVAIL_SUPPLY_MV,4,520,-0.006957797006669203,0.8742343729011751,-0.004801733151353239,0.9130172992849108,-0.003902666425096163,0.9131375976676052,0.010111107208235381,-18.74328954882533,52.79712735579671,4.841093918617201e-05,-0.0018819975339043893,0.8742343729012026,0.006957797006669203,0.004801733151353239,0.003902666425096163
