feature,lag,n_pairs,pearson_r,pearson_p,spearman_rho,spearman_p,kendall_tau,kendall_p,mutual_info,ols_slope,ols_intercept,ols_r2,ols_adj_r2,ols_slope_p,abs_pearson,abs_spearman,abs_kendall
3CAS FP Equity_DX_ACTIVE_AVAIL_SUPPLY_MV,4,524,-0.06508758952269665,0.1367659282704252,-0.08716683396645042,0.04611138377844341,-0.07053360884827811,0.04799214061251341,0.03671300961866475,-180.7230950695943,41.43420405756075,0.004236394309874991,0.0023288011955260313,0.13676592827042183,0.06508758952269665,0.08716683396645042,0.07053360884827811
3CAS FP Equity_DX_ACTIVE_AVAILABILITY_VALUE,4,524,-0.06102638533338831,0.16303933795740852,-0.07924453441279822,0.06990751243653151,-0.0650194954616437,0.06743517265160273,0.02759843326315825,-0.00016336223952832305,41.432426319559795,0.003724219706858878,0.0018156454151095902,0.16303933795741485,0.06102638533338831,0.07924453441279822,0.0650194954616437
3CAS FP Equity_DX_ACTIVE_AVAIL_SUPPLY_QTY,4,524,-0.06042481242040977,0.1672340113465412,-0.0791933214450931,0.07008910200170841,-0.06488933598183733,0.06827056902348841,0.0319212940081377,-0.0059060189542981326,41.43080055892376,0.0036511579560416507,0.0017424436992524717,0.16723401134653612,0.06042481242040977,0.0791933214450931,0.06488933598183733
