feature,lag,n_pairs,pearson_r,pearson_p,spearman_rho,spearman_p,kendall_tau,kendall_p,mutual_info,ols_slope,ols_intercept,ols_r2,ols_adj_r2,ols_slope_p,abs_pearson,abs_spearman,abs_kendall
AAA FP Equity_DX_ACTIVE_AVAIL_SUPPLY_MV,4,2161,0.37944987702359173,5.882947888033248e-75,-0.03620629651476802,0.09243629353934774,-0.028583195809994463,0.09613281164917879,0.3376408594034741,11.390465127567039,8.61286259016455,0.14398220917321858,0.14358572108112655,5.88294788805094e-75,0.37944987702359173,0.03620629651476802,0.028583195809994463
AAA FP Equity_DX_ACTIVE_AVAILABILITY_VALUE,4,2161,0.3791804356025242,7.617926685231746e-75,-0.036629612517339115,0.08868591045507052,-0.028780975175811456,0.093728307035724,0.3369284851304999,1.1374291127002534e-05,8.613343912764574,0.14377780274371987,0.14338121997518993,7.617926685229863e-75,0.3791804356025242,0.036629612517339115,0.028780975175811456
AAA FP Equity_DX_ACTIVE_AVAIL_SUPPLY_QTY,4,2161,0.3485113517461681,9.585182478388278e-63,-0.04142905769323776,0.05415350588664471,-0.032999658603980124,0.05644034681175183,0.32554008312396787,0.000505946542069219,8.719813550851114,0.12146016229594159,0.12105324250080307,9.585182478374016e-63,0.3485113517461681,0.04142905769323776,0.032999658603980124
