feature,lag,n_pairs,pearson_r,pearson_p,spearman_rho,spearman_p,kendall_tau,kendall_p,mutual_info,ols_slope,ols_intercept,ols_r2,ols_adj_r2,ols_slope_p,abs_pearson,abs_spearman,abs_kendall
AINJ FP Equity_DX_ACTIVE_AVAIL_SUPPLY_QTY,4,288,-0.13479064561941714,0.022138925203730918,-0.005406093110487584,0.927217576069572,0.0020554829253893467,0.9648684116114212,0.15411928653228024,-0.0007210776083506121,15.461588087912691,0.018168518146499335,0.014735540937221292,0.022138925203730786,0.13479064561941714,0.005406093110487584,0.0020554829253893467
AINJ FP Equity_DX_ACTIVE_AVAIL_SUPPLY_MV,4,288,0.0432285154312822,0.4649236497337217,-0.050610939364197985,0.3921585711306552,-0.04018170718668278,0.394803196970523,0.127065123867675,16.795863948357134,15.123801786645313,0.0018687045463927632,-0.0016212650181304245,0.46492364973372247,0.0432285154312822,0.050610939364197985,0.04018170718668278
AINJ FP Equity_DX_ACTIVE_AVAILABILITY_VALUE,4,288,0.042008320280799476,0.47763098401377324,0.020029671202657508,0.7350086747990507,0.016704666809603756,0.7194590569927996,0.13454641548336665,1.7410961524895326e-05,15.124748336174694,0.0017646989728143936,-0.001725634247560448,0.47763098401377824,0.042008320280799476,0.020029671202657508,0.016704666809603756
