feature,lag,n_pairs,pearson_r,pearson_p,spearman_rho,spearman_p,kendall_tau,kendall_p,mutual_info,ols_slope,ols_intercept,ols_r2,ols_adj_r2,ols_slope_p,abs_pearson,abs_spearman,abs_kendall
ALAQU FP Equity_DX_ACTIVE_AVAIL_SUPPLY_QTY,4,3428,-0.056421622234701825,0.0009502232739669133,-0.05197949405293013,0.0023322093269250253,-0.04257575293906484,0.002343024363188208,0.014418218108394276,-0.012729469519343634,5.096696951934349,0.003183399455595648,0.0028924430631426246,0.0009502232739667773,0.056421622234701825,0.05197949405293013,0.04257575293906484
ALAQU FP Equity_DX_ACTIVE_AVAILABILITY_VALUE,4,3428,-0.05639548932330097,0.0009554342411011807,-0.05197630144427526,0.0023336613755583742,-0.042499302238416095,0.0023619125382796685,0.013797546474517697,-0.0033488192255325643,5.09669315147398,0.0031804512160149567,0.002889493963013301,0.0009554342411012821,0.05639548932330097,0.05197630144427526,0.042499302238416095
