feature,lag,n_pairs,pearson_r,pearson_p,spearman_rho,spearman_p,kendall_tau,kendall_p,mutual_info,ols_slope,ols_intercept,ols_r2,ols_adj_r2,ols_slope_p,abs_pearson,abs_spearman,abs_kendall
ALARF FP Equity_DX_ACTIVE_AVAIL_SUPPLY_QTY,4,2028,-0.3318987471300689,2.401154738851548e-53,-0.7734261950833159,0.0,-0.5598502098832353,2.5850457963134603e-244,1.1077719019196541,-0.0001237714141723896,3.676597591497143,0.11015677834650928,0.10971756648981945,2.401154738851575e-53,0.3318987471300689,0.7734261950833159,0.5598502098832353
ALARF FP Equity_DX_ACTIVE_AVAILABILITY_VALUE,4,2028,-0.23396919452254875,1.283794958575621e-26,-0.7491916093848914,0.0,-0.4689945545436117,2.3580223964908297e-177,1.340498925153254,-4.9261674661180995e-05,3.488004434926087,0.05474158398552975,0.05427502010793128,1.2837949585757385e-26,0.23396919452254875,0.7491916093848914,0.4689945545436117
ALARF FP Equity_DX_ACTIVE_AVAIL_SUPPLY_MV,4,2028,-0.05410899738758122,0.014810054065492951,-0.310656546170639,1.2760861118742863e-46,-0.22335409894464142,1.2379505855177347e-36,0.4760751592885559,-2.6694304310711914,3.2497011425867885,0.0029277835982900458,0.0024356452881213464,0.014810054065494566,0.05410899738758122,0.310656546170639,0.22335409894464142
