feature,lag,n_pairs,pearson_r,pearson_p,spearman_rho,spearman_p,kendall_tau,kendall_p,mutual_info,ols_slope,ols_intercept,ols_r2,ols_adj_r2,ols_slope_p,abs_pearson,abs_spearman,abs_kendall
ALAUD FP Equity_DX_ACTIVE_AVAIL_SUPPLY_QTY,4,995,-0.2930810669713227,3.681633417119201e-21,-0.3800259257554761,1.543365281854202e-35,-0.30813103418390014,9.598169675586888e-34,0.18762352878275834,-0.02668773409768376,4.821999927118369,0.08589651181704894,0.08497596449763001,3.681633417122002e-21,0.2930810669713227,0.3800259257554761,0.30813103418390014
ALAUD FP Equity_DX_ACTIVE_AVAILABILITY_VALUE,4,995,-0.22957341180348956,2.2912775781474574e-13,-0.37730757921801905,5.125808097832444e-35,-0.30196924525467517,1.2079602809024833e-32,0.20054591017939272,-0.005154992966379145,4.797386401720977,0.052703951407094496,0.05174997754144195,2.2912775781462235e-13,0.22957341180348956,0.37730757921801905,0.30196924525467517
