feature,lag,n_pairs,pearson_r,pearson_p,spearman_rho,spearman_p,kendall_tau,kendall_p,mutual_info,ols_slope,ols_intercept,ols_r2,ols_adj_r2,ols_slope_p,abs_pearson,abs_spearman,abs_kendall
ALBLU FP Equity_DX_ACTIVE_AVAIL_SUPPLY_QTY,4,2985,-0.025919339197936066,0.1568481905818171,-0.02688540934760988,0.14195795917982557,-0.02199538055058019,0.1419298077095069,0.010660030579062285,-0.03561922587131392,4.511922587131365,0.0006718121444576619,0.0003368043711236002,0.15684819058181096,0.025919339197936066,0.02688540934760988,0.02199538055058019
ALBLU FP Equity_DX_ACTIVE_AVAILABILITY_VALUE,4,2985,-0.025919339197936063,0.1568481905818171,-0.02688540934760988,0.14195795917982557,-0.02199538055058019,0.1419298077095069,0.010660030579062285,-0.04240384032299195,4.511922587131367,0.0006718121444576619,0.0003368043711236002,0.15684819058182162,0.025919339197936063,0.02688540934760988,0.02199538055058019
