feature,lag,n_pairs,pearson_r,pearson_p,spearman_rho,spearman_p,kendall_tau,kendall_p,mutual_info,ols_slope,ols_intercept,ols_r2,ols_adj_r2,ols_slope_p,abs_pearson,abs_spearman,abs_kendall
ALCOF FP Equity_DX_ACTIVE_AVAILABILITY_VALUE,4,4472,-0.3371620862342852,2.599795421467589e-119,-0.5616224694489302,0.0,-0.4314163286874746,1.6793651111927264e-296,0.3621802324873862,-0.025225743939172415,154.18471356448345,0.11367827239385553,0.11347999012817189,2.5997954214744956e-119,0.3371620862342852,0.5616224694489302,0.4314163286874746
ALCOF FP Equity_DX_ACTIVE_AVAIL_SUPPLY_QTY,4,4472,-0.3338055229755179,7.630585336540673e-117,-0.5647217999905906,0.0,-0.44371527407205347,1.9845076618731142e-304,0.32905317361388686,-0.013168429963406354,153.72311368705442,0.11142612716895917,0.11122734106765475,7.630585336519174e-117,0.3338055229755179,0.5647217999905906,0.44371527407205347
ALCOF FP Equity_DX_ACTIVE_AVAIL_SUPPLY_MV,4,4472,-0.3016212165308819,1.0302122232193767e-94,-0.39297058640271126,4.633185925485359e-165,-0.30451505255705197,9.650721889497853e-142,0.3037462520133598,-7256.847187763531,149.57196236930344,0.09097535826156988,0.09077199704417882,1.0302122232189686e-94,0.3016212165308819,0.39297058640271126,0.30451505255705197
