feature,lag,n_pairs,pearson_r,pearson_p,spearman_rho,spearman_p,kendall_tau,kendall_p,mutual_info,ols_slope,ols_intercept,ols_r2,ols_adj_r2,ols_slope_p,abs_pearson,abs_spearman,abs_kendall
ALCWE FP Equity_DX_ACTIVE_AVAIL_SUPPLY_MV,4,802,0.15255806126500837,1.4308799379496137e-05,0.12340329106588158,0.0004606063977290349,0.10097662000279141,0.0004851208310605257,0.01598933178138906,99.50320967665128,4.744971808181337,0.02327396205693799,0.02205305450950923,1.430879937949653e-05,0.15255806126500837,0.12340329106588158,0.10097662000279141
ALCWE FP Equity_DX_ACTIVE_AVAILABILITY_VALUE,4,802,0.14956487872176644,2.1096734916169203e-05,-0.344833630277392,8.256362873130807e-24,-0.27348037258113705,2.0386685059548147e-22,0.25792582660486385,0.00010210555615449136,4.743192294620611,0.02236965294705673,0.021147615013240584,2.1096734916170765e-05,0.14956487872176644,0.344833630277392,0.27348037258113705
ALCWE FP Equity_DX_ACTIVE_AVAIL_SUPPLY_QTY,4,802,0.14040920050272296,6.609769539413713e-05,-0.3449379670453641,7.988586677331589e-24,-0.2744754513892075,1.704756166341116e-22,0.27453861129958823,0.0008807230344243429,4.741265535039735,0.01971474358581371,0.01848938701529601,6.609769539413884e-05,0.14040920050272296,0.3449379670453641,0.2744754513892075
