feature,lag,n_pairs,pearson_r,pearson_p,spearman_rho,spearman_p,kendall_tau,kendall_p,mutual_info,ols_slope,ols_intercept,ols_r2,ols_adj_r2,ols_slope_p,abs_pearson,abs_spearman,abs_kendall
ALDBL FP Equity_DX_ACTIVE_AVAIL_SUPPLY_QTY,4,4675,0.34349025808853584,1.3629434601905618e-129,0.24858924242784622,8.753291506622824e-67,0.20423171710377225,1.0651840983270169e-65,0.10254460477362493,0.0001966252192662745,3.9641327255480725,0.11798555740172856,0.11779681046344515,1.3629434602103356e-129,0.34349025808853584,0.24858924242784622,0.20423171710377225
ALDBL FP Equity_DX_ACTIVE_AVAILABILITY_VALUE,4,4675,0.34024642076787753,4.86449956843442e-127,0.2485899711181376,8.745371988096035e-67,0.2041554496461278,1.029713788017375e-65,0.09682067655276971,3.0877810635676047e-05,3.9654481220850597,0.11576762684535258,0.11557840528037189,4.864499568461453e-127,0.34024642076787753,0.2485899711181376,0.2041554496461278
ALDBL FP Equity_DX_ACTIVE_AVAIL_SUPPLY_MV,4,4675,0.33928655802801516,2.7321500249852645e-126,0.24858674925945293,8.780441732072003e-67,0.20423684418477606,1.1622656065996282e-65,0.09601951563343647,29.437679935687154,3.965721877674019,0.11511536845849812,0.11492600731329339,2.732150024933536e-126,0.33928655802801516,0.24858674925945293,0.20423684418477606
