feature,lag,n_pairs,pearson_r,pearson_p,spearman_rho,spearman_p,kendall_tau,kendall_p,mutual_info,ols_slope,ols_intercept,ols_r2,ols_adj_r2,ols_slope_p,abs_pearson,abs_spearman,abs_kendall
ALENR FP Equity_DX_ACTIVE_AVAIL_SUPPLY_QTY,4,1295,-0.11094825013498551,6.304913536227853e-05,0.14685283598737428,1.1061449404113903e-07,0.11970805418404727,1.4078909443164166e-07,0.32494881325708924,-0.00018294189132788262,11.923514135757175,0.012309514208016625,0.011545639122330531,6.30491353622713e-05,0.11094825013498551,0.14685283598737428,0.11970805418404727
ALENR FP Equity_DX_ACTIVE_AVAIL_SUPPLY_MV,4,1295,-0.10906258290716911,8.4002650927393e-05,0.15214718996405882,3.755950725459153e-08,0.13072901638282527,5.119319477499624e-09,0.3862850821227026,-22.80302028982743,11.912088920731291,0.011894646990382451,0.01113045104837962,8.400265092738197e-05,0.10906258290716911,0.15214718996405882,0.13072901638282527
ALENR FP Equity_DX_ACTIVE_AVAILABILITY_VALUE,4,1295,-0.10884037969180395,8.68654687433811e-05,0.15316613349762986,3.0377819842097876e-08,0.13381162331573376,1.8366565881223187e-09,0.4473931043626733,-2.2916100542052937e-05,11.910716948888773,0.011846228251456203,0.011081994862632838,8.686546874338748e-05,0.10884037969180395,0.15316613349762986,0.13381162331573376
