feature,lag,n_pairs,pearson_r,pearson_p,spearman_rho,spearman_p,kendall_tau,kendall_p,mutual_info,ols_slope,ols_intercept,ols_r2,ols_adj_r2,ols_slope_p,abs_pearson,abs_spearman,abs_kendall
ALERO FP Equity_DX_ACTIVE_AVAILABILITY_VALUE,4,2185,-0.033816840849151736,0.1140424679385906,-0.044227447096755586,0.0387157309781481,-0.035276018171506635,0.04246090501897139,0.10278016095792863,-3.113154613207179e-05,3.449284038929288,0.001143578725017469,0.0006860173776630507,0.11404246793859416,0.033816840849151736,0.044227447096755586,0.035276018171506635
ALERO FP Equity_DX_ACTIVE_AVAIL_SUPPLY_QTY,4,2185,-0.03326414750539884,0.1200796999588967,-0.04462278899970065,0.037006511377592595,-0.03675773216778015,0.035597181897509156,0.09087688379307868,-3.3420781044148846e-05,3.448713533730776,0.0011065035092621134,0.0006489251782998418,0.12007969995888959,0.03326414750539884,0.04462278899970065,0.03675773216778015
ALERO FP Equity_DX_ACTIVE_AVAIL_SUPPLY_MV,4,2185,-0.03260509025763908,0.1276024776195282,-0.08490622500800171,7.074648149813358e-05,-0.0696012879279274,7.24443653065265e-05,0.004562400499163788,-23.878855236258502,3.4477378505209293,0.0010630919107080805,0.0006054936935349087,0.12760247761953136,0.03260509025763908,0.08490622500800171,0.0696012879279274
