feature,lag,n_pairs,pearson_r,pearson_p,spearman_rho,spearman_p,kendall_tau,kendall_p,mutual_info,ols_slope,ols_intercept,ols_r2,ols_adj_r2,ols_slope_p,abs_pearson,abs_spearman,abs_kendall
ALEXA FP Equity_DX_ACTIVE_AVAIL_SUPPLY_QTY,4,4085,-0.601911573630424,0.0,-0.3968003978257628,3.98369930574196e-154,-0.26359046218591164,1.2655758846928257e-108,0.8015569568796126,-0.012369875240799091,110.93613418413851,0.3622975424702537,0.3621413576900603,0.0,0.601911573630424,0.3968003978257628,0.26359046218591164
ALEXA FP Equity_DX_ACTIVE_AVAILABILITY_VALUE,4,4085,-0.5349224645364297,3.2837296901533324e-301,-0.39027341998942694,9.929494075204513e-149,-0.2448304123928538,1.6786196326730571e-97,0.9696153333303803,-0.00016547164903235568,108.97733806702003,0.2861420430657279,0.2859672064365497,3.283729690180251e-301,0.5349224645364297,0.39027341998942694,0.2448304123928538
ALEXA FP Equity_DX_ACTIVE_AVAIL_SUPPLY_MV,4,4085,-0.5338071152802576,9.919985284525589e-300,-0.4123127132934288,1.891083076647996e-167,-0.27456886386771223,9.872508157967563e-118,0.8268791888067546,-152.88205055308802,108.8752791799751,0.2849500363238304,0.2847749077508017,9.919985284304758e-300,0.5338071152802576,0.4123127132934288,0.27456886386771223
