feature,lag,n_pairs,pearson_r,pearson_p,spearman_rho,spearman_p,kendall_tau,kendall_p,mutual_info,ols_slope,ols_intercept,ols_r2,ols_adj_r2,ols_slope_p,abs_pearson,abs_spearman,abs_kendall
ALHGO FP Equity_DX_ACTIVE_AVAIL_SUPPLY_QTY,4,1128,-0.28814504658352,5.2347448552861335e-23,-0.5169438888306626,4.34567754981103e-78,-0.38691859319034355,2.2605075882620107e-67,1.126304388311365,-5.003649916584878e-05,48.86612390819148,0.08302756787061916,0.08221320514226271,5.234744855274443e-23,0.28814504658352,0.5169438888306626,0.38691859319034355
ALHGO FP Equity_DX_ACTIVE_AVAIL_SUPPLY_MV,4,1128,-0.2320599379871691,2.944163625660402e-15,-0.23947822047503037,3.548607407700958e-16,-0.1289157399421571,1.3666398514947682e-09,1.7605393654222392,-0.8712868691866305,48.30171319017259,0.053851814818609234,0.053011541119513894,2.9441636256600796e-15,0.2320599379871691,0.23947822047503037,0.1289157399421571
ALHGO FP Equity_DX_ACTIVE_AVAILABILITY_VALUE,4,1128,-0.23109566019490874,3.8556943624741496e-15,-0.2380243245890223,5.402982958441678e-16,-0.12397438698911607,5.572625842056926e-09,1.8261602082291843,-8.680828752900315e-07,48.29189107890704,0.05340520416092087,0.05256453382713844,3.855694362472015e-15,0.23109566019490874,0.2380243245890223,0.12397438698911607
