feature,lag,n_pairs,pearson_r,pearson_p,spearman_rho,spearman_p,kendall_tau,kendall_p,mutual_info,ols_slope,ols_intercept,ols_r2,ols_adj_r2,ols_slope_p,abs_pearson,abs_spearman,abs_kendall
ALI2S FP Equity_DX_ACTIVE_AVAIL_SUPPLY_QTY,4,2874,-0.01767124494906392,0.3436326771803433,-0.014650302476492575,0.432395645875292,-0.01199508930646893,0.4323001587674987,0.0,-1.2296725879484667,4.256339254615127,0.00031227289804958147,-3.580778687450881e-05,0.3436326771803341,0.01767124494906392,0.014650302476492575,0.01199508930646893
ALI2S FP Equity_DX_ACTIVE_AVAILABILITY_VALUE,4,2874,-0.01767124494906392,0.3436326771803433,-0.014650302476492575,0.432395645875292,-0.01199508930646893,0.4323001587674987,0.0,-0.4455335463581378,4.256339254615125,0.00031227289804958147,-3.580778687450881e-05,0.34363267718033796,0.01767124494906392,0.014650302476492575,0.01199508930646893
