feature,lag,n_pairs,pearson_r,pearson_p,spearman_rho,spearman_p,kendall_tau,kendall_p,mutual_info,ols_slope,ols_intercept,ols_r2,ols_adj_r2,ols_slope_p,abs_pearson,abs_spearman,abs_kendall
ALISP FP Equity_DX_ACTIVE_AVAIL_SUPPLY_MV,4,4756,0.1326317142939601,4.116007138488587e-20,0.18152596955403483,1.629758055749452e-36,0.17010078088754504,5.816699391393953e-56,0.9195405470796856,1.5731867015988836,4.738541917169344,0.017591171636554992,0.017384522745439446,4.116007138512549e-20,0.1326317142939601,0.18152596955403483,0.17010078088754504
ALISP FP Equity_DX_ACTIVE_AVAILABILITY_VALUE,4,4756,0.13149244853166153,8.595743311310454e-20,0.13350909351402152,2.324227493241598e-20,0.1311494753169218,1.0998095707348925e-34,1.083780304813466,1.6677663535297342e-06,4.739354538579888,0.017290264020851542,0.017083551834065958,8.595743311319698e-20,0.13149244853166153,0.13350909351402152,0.1311494753169218
ALISP FP Equity_DX_ACTIVE_AVAIL_SUPPLY_QTY,4,4756,0.08452560176944245,5.279291797355596e-09,0.11416091647613714,2.863287628464333e-15,0.10114260657686339,1.0684025514306273e-20,0.9425612563572545,5.906084551623133e-06,4.792448103089479,0.007144577354486259,0.0069357310308334474,5.279291797368894e-09,0.08452560176944245,0.11416091647613714,0.10114260657686339
