feature,lag,n_pairs,pearson_r,pearson_p,spearman_rho,spearman_p,kendall_tau,kendall_p,mutual_info,ols_slope,ols_intercept,ols_r2,ols_adj_r2,ols_slope_p,abs_pearson,abs_spearman,abs_kendall
ALMAR FP Equity_DX_ACTIVE_AVAIL_SUPPLY_QTY,4,1483,-0.880792591907704,0.0,-0.8821658988366918,0.0,-0.7300648255365185,9.549065872933475e-289,0.9546208635259956,-0.0010663056846866926,3.191970608579585,0.7757955899594906,0.7756442027818806,0.0,0.880792591907704,0.8821658988366918,0.7300648255365185
ALMAR FP Equity_DX_ACTIVE_AVAILABILITY_VALUE,4,1483,-0.31017453823001134,1.9539177045063766e-34,-0.653216088975791,3.8714260132672314e-181,-0.32186497168590267,3.079826586616857e-66,1.5123752074789754,-0.0002677845210478277,2.343224146392811,0.09620824416620066,0.09559798639723804,1.953917704507344e-34,0.31017453823001134,0.653216088975791,0.32186497168590267
ALMAR FP Equity_DX_ACTIVE_AVAIL_SUPPLY_MV,4,1483,0.05363345969191079,0.038908297450002655,-0.007377169364262725,0.7765198337812111,-0.006041214522943602,0.7764126278312699,0.054817519559076544,48.90435659061725,2.0485426409903695,0.002876547998524215,0.002203270853351147,0.038908297450003924,0.05363345969191079,0.007377169364262725,0.006041214522943602
