feature,lag,n_pairs,pearson_r,pearson_p,spearman_rho,spearman_p,kendall_tau,kendall_p,mutual_info,ols_slope,ols_intercept,ols_r2,ols_adj_r2,ols_slope_p,abs_pearson,abs_spearman,abs_kendall
ALMCE FP Equity_DX_ACTIVE_AVAIL_SUPPLY_QTY,4,576,-0.11337411515243934,0.006452479474273461,-0.15770644902121111,0.0001443805216473837,-0.12974392986181305,7.065896356309143e-05,0.5205338946079872,-0.00023558684289369677,7.316593898890415,0.012853689986598527,0.011133922895982695,0.0064524794742736235,0.11337411515243934,0.15770644902121111,0.12974392986181305
ALMCE FP Equity_DX_ACTIVE_AVAIL_SUPPLY_MV,4,576,0.07651087733510854,0.0665112388555578,-0.017834711342144857,0.669279380466022,-0.020417070415666976,0.538729627305069,0.4177521147135723,20.285560520053895,7.119196258475494,0.00585391435058813,0.004121952528899131,0.06651123885556107,0.07651087733510854,0.017834711342144857,0.020417070415666976
ALMCE FP Equity_DX_ACTIVE_AVAILABILITY_VALUE,4,576,0.03931582379928342,0.34624679922999296,0.016863352033907528,0.6863083255612348,0.027200519679620033,0.39221778978421107,0.7251529410447066,1.1356894308568328e-05,7.153937098868996,0.001545734001016208,-0.00019373336135153352,0.346246799229997,0.03931582379928342,0.016863352033907528,0.027200519679620033
