feature,lag,n_pairs,pearson_r,pearson_p,spearman_rho,spearman_p,kendall_tau,kendall_p,mutual_info,ols_slope,ols_intercept,ols_r2,ols_adj_r2,ols_slope_p,abs_pearson,abs_spearman,abs_kendall
ALMET FP Equity_DX_ACTIVE_AVAILABILITY_VALUE,4,2643,-0.039183319161120354,0.043984388741607316,-0.04524984658017237,0.019997701742502972,-0.03706476806898934,0.02002603978036911,0.0011196784954126127,-0.0025815711467213234,4.824146286858373,0.0015353325004821006,0.0011572693927578426,0.043984388741609266,0.039183319161120354,0.04524984658017237,0.03706476806898934
ALMET FP Equity_DX_ACTIVE_AVAIL_SUPPLY_QTY,4,2643,-0.039007024585226424,0.04494486350214024,-0.04524984658017237,0.019997701742502972,-0.03706476806898934,0.02002603978036911,0.0011196784954126127,-0.005248361042335882,4.824133693806144,0.0015215479669919985,0.0011434796398306357,0.04494486350214417,0.039007024585226424,0.04524984658017237,0.03706476806898934
