feature,lag,n_pairs,pearson_r,pearson_p,spearman_rho,spearman_p,kendall_tau,kendall_p,mutual_info,ols_slope,ols_intercept,ols_r2,ols_adj_r2,ols_slope_p,abs_pearson,abs_spearman,abs_kendall
ALOBR FP Equity_DX_ACTIVE_AVAIL_SUPPLY_QTY,4,4470,-0.1314508870342019,1.100405985760963e-18,-0.1581860982179878,1.938947454295875e-26,-0.12888462499158193,4.7677518235418636e-26,0.04423315760796531,-0.002198611145076662,11.577118599903969,0.017279335702078735,0.017059389268708536,1.100405985761663e-18,0.1314508870342019,0.1581860982179878,0.12888462499158193
ALOBR FP Equity_DX_ACTIVE_AVAILABILITY_VALUE,4,4470,-0.13030697299935895,2.1919376832111434e-18,-0.15817078395577072,1.960778140024354e-26,-0.12866934219950116,4.9721582430639893e-26,0.03378269742927631,-0.00030685805344786806,11.576419003059831,0.016979907212255285,0.01675989376266096,2.1919376832169867e-18,0.13030697299935895,0.15817078395577072,0.12866934219950116
ALOBR FP Equity_DX_ACTIVE_AVAIL_SUPPLY_MV,4,4470,-0.12540141245284286,3.929409012543605e-17,-0.15756065206645778,3.060235504179366e-26,-0.12856514997430935,6.63298166274878e-26,0.0393887571294802,-239.2253427985525,11.57168575901533,0.015725514245168215,0.01550522004513355,3.9294090125334224e-17,0.12540141245284286,0.15756065206645778,0.12856514997430935
