feature,lag,n_pairs,pearson_r,pearson_p,spearman_rho,spearman_p,kendall_tau,kendall_p,mutual_info,ols_slope,ols_intercept,ols_r2,ols_adj_r2,ols_slope_p,abs_pearson,abs_spearman,abs_kendall
ALPOU FP Equity_DX_ACTIVE_AVAIL_SUPPLY_MV,4,2418,0.03084026045908766,0.12949669293102103,0.026152490131842183,0.19859821008702705,0.021431670781787985,0.1982241218330807,0.005613410308359379,67.56914893617133,5.58646276595744,0.0009511216651842958,0.0005376080566019681,0.12949669293101432,0.03084026045908766,0.026152490131842183,0.021431670781787985
ALPOU FP Equity_DX_ACTIVE_AVAILABILITY_VALUE,4,2418,0.027087482627174843,0.18301376653137402,0.03277030503602895,0.1071755814985314,0.026830583756810366,0.10694488964189423,0.008378776121658715,4.9483219954280355e-05,5.586338949367859,0.0007337317150771794,0.0003201281272109391,0.18301376653135878,0.027087482627174843,0.03277030503602895,0.026830583756810366
ALPOU FP Equity_DX_ACTIVE_AVAIL_SUPPLY_QTY,4,2418,0.01748847430738689,0.39001802892299325,0.03275216249086789,0.10737021772643993,0.026797525345895423,0.10748689001028802,0.008950358686446558,0.00020117258823897267,5.587092584386685,0.00030584673359890235,-0.00010793395897823466,0.39001802892300996,0.01748847430738689,0.03275216249086789,0.026797525345895423
