feature,lag,n_pairs,pearson_r,pearson_p,spearman_rho,spearman_p,kendall_tau,kendall_p,mutual_info,ols_slope,ols_intercept,ols_r2,ols_adj_r2,ols_slope_p,abs_pearson,abs_spearman,abs_kendall
ALSAS FP Equity_DX_ACTIVE_AVAIL_SUPPLY_QTY,4,3135,-0.005478256725471788,0.7591376256471396,-0.003207549350580034,0.8575270886288522,-0.002627198331931025,0.8574937095768296,0.0003993930476404728,-0.012824282067644768,7.732428206764504,3.001129675050951e-05,-0.00028916201595396984,0.7591376256471516,0.005478256725471788,0.003207549350580034,0.002627198331931025
ALSAS FP Equity_DX_ACTIVE_AVAILABILITY_VALUE,4,3135,-0.005478256725471787,0.7591376256471396,-0.003207549350580034,0.8575270886288522,-0.002627198331931025,0.8574937095768296,0.0003993930476404728,-0.0019882607856813997,7.73242820676451,3.0011296750842575e-05,-0.0002891620159537478,0.7591376256471484,0.005478256725471787,0.003207549350580034,0.002627198331931025
