feature,lag,n_pairs,pearson_r,pearson_p,spearman_rho,spearman_p,kendall_tau,kendall_p,mutual_info,ols_slope,ols_intercept,ols_r2,ols_adj_r2,ols_slope_p,abs_pearson,abs_spearman,abs_kendall
ALTOO FP Equity_DX_ACTIVE_AVAILABILITY_VALUE,4,951,-0.29187264786640077,3.9338727931604636e-20,-0.6431287144744218,4.0473755473345874e-112,-0.4696287170487863,2.174576003906277e-78,0.5906478667365493,-0.005572137117432561,1.487996921477633,0.08518964257254402,0.08422566959316846,3.933872793162591e-20,0.29187264786640077,0.6431287144744218,0.4696287170487863
ALTOO FP Equity_DX_ACTIVE_AVAIL_SUPPLY_QTY,4,951,-0.2696045368319475,2.6657053705178417e-17,-0.6532304646060114,8.833589648355794e-117,-0.49548651961219736,9.990529718433e-86,0.5822825254902928,-0.00248724136002592,1.474132770812869,0.07268660628036883,0.07170945834178122,2.665705370517984e-17,0.2696045368319475,0.6532304646060114,0.49548651961219736
