feature,lag,n_pairs,pearson_r,pearson_p,spearman_rho,spearman_p,kendall_tau,kendall_p,mutual_info,ols_slope,ols_intercept,ols_r2,ols_adj_r2,ols_slope_p,abs_pearson,abs_spearman,abs_kendall
ALTXC FP Equity_DX_ACTIVE_AVAILABILITY_VALUE,4,2404,0.2032678859065739,7.774948701194523e-24,0.4473262036473751,1.2754371228959095e-118,0.3788899056140406,1.7613786644094958e-121,0.42688943388836775,0.0010432041107342888,8.18967353735329,0.04131783344092799,0.0409187151367818,7.774948701234087e-24,0.2032678859065739,0.4473262036473751,0.3788899056140406
ALTXC FP Equity_DX_ACTIVE_AVAIL_SUPPLY_QTY,4,2404,0.1719738924855426,2.0498906390043253e-17,0.4299747190102576,9.027494578904777e-109,0.35560431592339875,1.73378612101067e-98,0.19608876388131113,0.007939221592161594,8.20819522941124,0.029575019696629123,0.029171012627393744,2.0498906389969982e-17,0.1719738924855426,0.4299747190102576,0.35560431592339875
ALTXC FP Equity_DX_ACTIVE_AVAIL_SUPPLY_MV,4,2404,0.0012038979918799948,0.9529543656758579,0.008781521170119296,0.6669427770146564,0.007270606556943477,0.666851083304456,0.003493131887048584,6.408409658625487,8.285915903413843,1.4493703749396403e-06,-0.00041486975977900187,0.9529543656758066,0.0012038979918799948,0.008781521170119296,0.007270606556943477
