feature,lag,n_pairs,pearson_r,pearson_p,spearman_rho,spearman_p,kendall_tau,kendall_p,mutual_info,ols_slope,ols_intercept,ols_r2,ols_adj_r2,ols_slope_p,abs_pearson,abs_spearman,abs_kendall
ALUNT FP Equity_DX_ACTIVE_AVAIL_SUPPLY_QTY,4,1746,-0.27146252497395457,7.16281872640697e-31,-0.4087905005572168,2.6360289207942405e-71,-0.33545298769267057,2.220976340621729e-65,0.14632935302805694,-0.009274221057990417,2.3703838892385227,0.07369190246523527,0.07316076250105241,7.16281872638788e-31,0.27146252497395457,0.4087905005572168,0.33545298769267057
ALUNT FP Equity_DX_ACTIVE_AVAILABILITY_VALUE,4,1746,-0.2616139130784677,1.0261705623237185e-28,-0.4049144520545783,7.184839360750014e-70,-0.3166021305283042,6.107855337824222e-61,0.20035828223983954,-0.006053539131459878,2.366516640222137,0.06844183951622818,0.0679076891948498,1.026170562324668e-28,0.2616139130784677,0.4049144520545783,0.3166021305283042
