feature,lag,n_pairs,pearson_r,pearson_p,spearman_rho,spearman_p,kendall_tau,kendall_p,mutual_info,ols_slope,ols_intercept,ols_r2,ols_adj_r2,ols_slope_p,abs_pearson,abs_spearman,abs_kendall
ALVAP FP Equity_DX_ACTIVE_AVAIL_SUPPLY_QTY,4,1325,-0.13264852195344873,1.263899753328454e-06,-0.2915422743982765,2.259147740738638e-27,-0.2278696186393579,3.9539879302761285e-25,0.25277504720892274,-0.029702785060189415,8.007499993177952,0.017595630376434634,0.01685307227392252,1.26389975332824e-06,0.13264852195344873,0.2915422743982765,0.2278696186393579
ALVAP FP Equity_DX_ACTIVE_AVAILABILITY_VALUE,4,1325,-0.10955673729154347,6.436848052020137e-05,-0.2910263291612079,2.8122701709645357e-27,-0.22448217535142204,1.2084529903899616e-24,0.2862997334019908,-0.003679276926392749,7.991538284464034,0.01200267868596816,0.011255893106743686,6.436848052020422e-05,0.10955673729154347,0.2910263291612079,0.22448217535142204
