feature,lag,n_pairs,pearson_r,pearson_p,spearman_rho,spearman_p,kendall_tau,kendall_p,mutual_info,ols_slope,ols_intercept,ols_r2,ols_adj_r2,ols_slope_p,abs_pearson,abs_spearman,abs_kendall
ARVEN FP Equity_DX_DSS,4,965,-0.5115803766659189,1.7777234740616114e-65,-0.4722906321533163,9.041550359679834e-55,-0.39402670827160796,4.60255415882835e-49,0.3019671898559222,-4.096698825961498,6.679961190420483,0.2617144817896434,0.26094783016117995,1.7777234740635585e-65,0.5115803766659189,0.4722906321533163,0.39402670827160796
