feature,lag,n_pairs,pearson_r,pearson_p,spearman_rho,spearman_p,kendall_tau,kendall_p,mutual_info,ols_slope,ols_intercept,ols_r2,ols_adj_r2,ols_slope_p,abs_pearson,abs_spearman,abs_kendall
AUGR FP Equity_DX_ACTIVE_AVAILABILITY_VALUE,4,2559,0.15049693293899538,1.963017432839138e-14,0.1452342604589524,1.5536182563014184e-13,0.1194259671658127,1.0381610257501526e-13,0.11951861370865546,0.016049949519884883,4.534096398822872,0.022649326824044413,0.022267101296795322,1.963017432842419e-14,0.15049693293899538,0.1452342604589524,0.1194259671658127
AUGR FP Equity_DX_ACTIVE_AVAIL_SUPPLY_QTY,4,2559,0.1504119398923986,2.0309117306284298e-14,0.14520487457656528,1.5713401496647038e-13,0.11963372992141469,1.2795319593407092e-13,0.10706095314757236,0.10426138288462047,4.53387743547314,0.02262375166219488,0.02224151613292713,2.030911730629476e-14,0.1504119398923986,0.14520487457656528,0.11963372992141469
