feature,lag,n_pairs,pearson_r,pearson_p,spearman_rho,spearman_p,kendall_tau,kendall_p,mutual_info,ols_slope,ols_intercept,ols_r2,ols_adj_r2,ols_slope_p,abs_pearson,abs_spearman,abs_kendall
BIODV FP Equity_DX_ACTIVE_AVAIL_SUPPLY_QTY,4,745,-0.4462795252632244,9.561744524695782e-38,-0.5006692541603713,1.6075015974696093e-48,-0.3905923596352842,3.8615488674620166e-42,0.47211020719357544,-4.65424993433511e-06,12.87603319021836,0.1991654146691686,0.1980875753887772,9.561744524676711e-38,0.4462795252632244,0.5006692541603713,0.3905923596352842
BIODV FP Equity_DX_ACTIVE_AVAILABILITY_VALUE,4,745,-0.44580126980846646,1.1666147417802638e-37,-0.4953475112182708,2.2284387790054087e-47,-0.3681640602573952,2.4681198346997033e-39,0.5276045263535634,-4.060524684993626e-07,12.875315082562155,0.19873877216284097,0.19766035866642495,1.166614741780143e-37,0.44580126980846646,0.4953475112182708,0.3681640602573952
BIODV FP Equity_DX_ACTIVE_AVAIL_SUPPLY_MV,4,745,-0.4457584937793756,1.1875384297520883e-37,-0.49547665447391004,2.0918419067985503e-47,-0.36885122560486877,2.0927061064373216e-39,0.514216639207987,-0.4057064602344859,12.875270461569949,0.19870063477645772,0.19762216995112325,1.1875384297514992e-37,0.4457584937793756,0.49547665447391004,0.36885122560486877
