feature,lag,n_pairs,pearson_r,pearson_p,spearman_rho,spearman_p,kendall_tau,kendall_p,mutual_info,ols_slope,ols_intercept,ols_r2,ols_adj_r2,ols_slope_p,abs_pearson,abs_spearman,abs_kendall
BNK FP Equity_DX_DSS,4,4854,0.10841117124325715,3.634078239820549e-14,0.14802345472115003,3.4891439296970753e-25,0.11856643467127762,4.815122028163171e-25,0.13089309036449115,0.6374596772663627,22.584752248005216,0.011752982050335037,0.011549303769636365,3.6340782398382094e-14,0.10841117124325715,0.14802345472115003,0.11856643467127762
