feature,lag,n_pairs,pearson_r,pearson_p,spearman_rho,spearman_p,kendall_tau,kendall_p,mutual_info,ols_slope,ols_intercept,ols_r2,ols_adj_r2,ols_slope_p,abs_pearson,abs_spearman,abs_kendall
BRES FP Equity_DX_DSS,4,4844,-0.20706062860435342,4.6498531978958276e-48,-0.1867723782200282,2.836217267687528e-39,-0.15027640776986326,9.154091283932298e-39,0.09510791843922606,-4.939897939387781,59.13684020623947,0.042874103918029816,0.042676432316195445,4.649853197921995e-48,0.20706062860435342,0.1867723782200282,0.15027640776986326
