feature,lag,n_pairs,pearson_r,pearson_p,spearman_rho,spearman_p,kendall_tau,kendall_p,mutual_info,ols_slope,ols_intercept,ols_r2,ols_adj_r2,ols_slope_p,abs_pearson,abs_spearman,abs_kendall
C40 FP Equity_DX_DSS,4,4898,-0.07995105611012175,2.1070460671064176e-08,-0.08120972489738588,1.2594884035312493e-08,-0.06641998429778287,1.2183507480684473e-08,0.030368307755841317,-17.717507563297087,69.74708716746318,0.006392171373123867,0.006189228597668905,2.10704606710704e-08,0.07995105611012175,0.08120972489738588,0.06641998429778287
