feature,lag,n_pairs,pearson_r,pearson_p,spearman_rho,spearman_p,kendall_tau,kendall_p,mutual_info,ols_slope,ols_intercept,ols_r2,ols_adj_r2,ols_slope_p,abs_pearson,abs_spearman,abs_kendall
C50 FP Equity_DX_DSS,4,4247,-0.07183093422841917,2.788323155743359e-06,-0.09051725239311466,3.435290994716132e-09,-0.0738227676745393,3.797540440538811e-09,0.014893718742194584,-10.52107714581198,72.33186667432868,0.0051596831121274445,0.004925327324874829,2.7883231557455883e-06,0.07183093422841917,0.09051725239311466,0.0738227676745393
