feature,lag,n_pairs,pearson_r,pearson_p,spearman_rho,spearman_p,kendall_tau,kendall_p,mutual_info,ols_slope,ols_intercept,ols_r2,ols_adj_r2,ols_slope_p,abs_pearson,abs_spearman,abs_kendall
CD9 FP Equity_DX_DSS,4,4206,-0.16111083941356014,7.424605528419859e-26,-0.189446549892999,2.7794365382324597e-35,-0.15394759935692798,1.5173709202493638e-34,0.059891582568342705,-23.25168217498789,111.95028457166511,0.025956702576542146,0.025725008167069463,7.424605528438847e-26,0.16111083941356014,0.189446549892999,0.15394759935692798
