feature,lag,n_pairs,pearson_r,pearson_p,spearman_rho,spearman_p,kendall_tau,kendall_p,mutual_info,ols_slope,ols_intercept,ols_r2,ols_adj_r2,ols_slope_p,abs_pearson,abs_spearman,abs_kendall
CMU FP Equity_DX_DSS,4,4224,-0.03430419263092739,0.025780329039071053,-0.042273519153115655,0.005998402562817795,-0.0345065569651929,0.006019709926824317,0.006068340358581281,-10.534554259020355,185.93705672729683,0.0011767776320597,0.0009402017859280187,0.025780329039062293,0.03430419263092739,0.042273519153115655,0.0345065569651929
