feature,lag,n_pairs,pearson_r,pearson_p,spearman_rho,spearman_p,kendall_tau,kendall_p,mutual_info,ols_slope,ols_intercept,ols_r2,ols_adj_r2,ols_slope_p,abs_pearson,abs_spearman,abs_kendall
CP9 FP Equity_DX_DSS,4,4204,-0.018417273986544212,0.232520942139677,-0.020101283097770112,0.1925487157941724,-0.016406984671199082,0.19271372376338847,0.0,-14.923116656594207,459.07492714473733,0.00033919598109577453,0.00010129479022968901,0.23252094213966948,0.018417273986544212,0.020101283097770112,0.016406984671199082
