feature,lag,n_pairs,pearson_r,pearson_p,spearman_rho,spearman_p,kendall_tau,kendall_p,mutual_info,ols_slope,ols_intercept,ols_r2,ols_adj_r2,ols_slope_p,abs_pearson,abs_spearman,abs_kendall
CROS FP Equity_DX_ACTIVE_AVAIL_SUPPLY_MV,4,2006,-0.5738068210054375,5.0438857566328835e-176,-0.6247456508191196,1.3684722264911956e-217,-0.5132130904695043,7.18422302432456e-174,0.47852727241631454,-158.51672889782773,6.3049020064147,0.32925426783236666,0.32891956437320113,5.043885756617233e-176,0.5738068210054375,0.6247456508191196,0.5132130904695043
CROS FP Equity_DX_ACTIVE_AVAIL_SUPPLY_QTY,4,2006,-0.3504890183496277,4.660587667773002e-59,-0.41366464589601043,9.177186923168646e-84,-0.3403121244581718,5.314312988614853e-76,0.14351880105160975,-0.0006912640446798114,5.342299669817123,0.12284255198368565,0.12240484866631218,4.6605876677721475e-59,0.3504890183496277,0.41366464589601043,0.3403121244581718
CROS FP Equity_DX_ACTIVE_AVAILABILITY_VALUE,4,2006,-0.16890032560162155,2.6404382031778028e-14,-0.18734708086771737,2.6563399811906426e-17,-0.15538220549112894,5.4402046539849297e-17,0.027662635774778455,-0.00015500095016974047,5.030097197196485,0.0285273199883338,0.02804255318194071,2.6404382031782584e-14,0.16890032560162155,0.18734708086771737,0.15538220549112894
