feature,lag,n_pairs,pearson_r,pearson_p,spearman_rho,spearman_p,kendall_tau,kendall_p,mutual_info,ols_slope,ols_intercept,ols_r2,ols_adj_r2,ols_slope_p,abs_pearson,abs_spearman,abs_kendall
CSH2 FP Equity_DX_DSS,4,2677,0.035945304344615084,0.0629516600283171,0.04937178942079972,0.0106234106437067,0.04035118360689352,0.010649140466761197,0.019297852230144352,364.41428892214606,634.2557110778445,0.001292064904427126,0.0009187161436436941,0.06295166002832059,0.035945304344615084,0.04937178942079972,0.04035118360689352
