feature,lag,n_pairs,pearson_r,pearson_p,spearman_rho,spearman_p,kendall_tau,kendall_p,mutual_info,ols_slope,ols_intercept,ols_r2,ols_adj_r2,ols_slope_p,abs_pearson,abs_spearman,abs_kendall
DPAM FP Equity_DX_ACTIVE_AVAILABILITY_VALUE,4,2588,0.01892775315924493,0.3357879265071973,0.03036354116258535,0.12252155850259965,0.024882721244933965,0.12241072037492161,0.0,0.004352698107802842,401.9468350649179,0.00035825983965687147,-2.829922459701706e-05,0.33578792650720946,0.01892775315924493,0.03036354116258535,0.024882721244933965
DPAM FP Equity_DX_ACTIVE_AVAIL_SUPPLY_QTY,4,2588,0.018921044134060195,0.335959276615273,0.030363147817270356,0.12252640517282815,0.02488130557348968,0.12250418939039552,0.0,1.9817914744828649,401.94684332688723,0.000358005911123227,-2.8553251324225926e-05,0.335959276615292,0.018921044134060195,0.030363147817270356,0.02488130557348968
DPAM FP Equity_DX_ACTIVE_AVAIL_SUPPLY_MV,4,2588,0.018921044134060195,0.335959276615273,0.030363147817270356,0.12252640517282815,0.02488130557348968,0.12250418939039552,0.0,3435.1052224371942,401.9468433268872,0.000358005911123227,-2.8553251324225926e-05,0.33595927661526237,0.018921044134060195,0.030363147817270356,0.02488130557348968
