feature,lag,n_pairs,pearson_r,pearson_p,spearman_rho,spearman_p,kendall_tau,kendall_p,mutual_info,ols_slope,ols_intercept,ols_r2,ols_adj_r2,ols_slope_p,abs_pearson,abs_spearman,abs_kendall
EDEU FP Equity_DX_ACTIVE_AVAIL_SUPPLY_QTY,4,2027,0.06450160030770592,0.003669724450646282,0.04859238269988732,0.028692947440084608,0.03969300576717981,0.028728140682452562,0.0,0.18681145679012195,108.67770864197524,0.004160456442254934,0.0036686838281524414,0.0036697244506467773,0.06450160030770592,0.04859238269988732,0.03969300576717981
EDEU FP Equity_DX_ACTIVE_AVAIL_SUPPLY_MV,4,2027,0.06450160030770591,0.003669724450646282,0.04859238269988732,0.028692947440084608,0.03969300576717981,0.028728140682452562,0.0,1245.4097119341445,108.67770864197529,0.004160456442255156,0.0036686838281526635,0.0036697244506468754,0.06450160030770591,0.04859238269988732,0.03969300576717981
EDEU FP Equity_DX_ACTIVE_AVAILABILITY_VALUE,4,2027,0.0645015576543992,0.0036697470241092785,0.04859233041215157,0.02869311923720285,0.03967713970866365,0.0287722995242053,0.0,0.0012630921673199664,108.67770866669034,0.004160450939843741,0.0036686783230239772,0.003669747024109302,0.0645015576543992,0.04859233041215157,0.03967713970866365
