feature,lag,n_pairs,pearson_r,pearson_p,spearman_rho,spearman_p,kendall_tau,kendall_p,mutual_info,ols_slope,ols_intercept,ols_r2,ols_adj_r2,ols_slope_p,abs_pearson,abs_spearman,abs_kendall
ENRG FP Equity_DX_DSS,4,4813,-0.23008659045248533,7.473923812183726e-59,-0.34537891096801926,6.629639990124127e-135,-0.2774317009993316,1.4706782337396143e-129,0.1754518496341182,-2.043555025726877,40.91677884526497,0.0529398391060496,0.052742986027501604,7.473923812216528e-59,0.23008659045248533,0.34537891096801926,0.2774317009993316
