feature,lag,n_pairs,pearson_r,pearson_p,spearman_rho,spearman_p,kendall_tau,kendall_p,mutual_info,ols_slope,ols_intercept,ols_r2,ols_adj_r2,ols_slope_p,abs_pearson,abs_spearman,abs_kendall
EVOE FP Equity_DX_ACTIVE_AVAIL_SUPPLY_MV,4,2359,0.19593332982680484,7.646583364341506e-22,0.1560609138556596,2.4873877556031542e-14,0.12746398050532218,3.503827732632988e-14,0.029252482628248533,5644.791032221185,139.44828015397786,0.03838986973701941,0.037981889198087315,7.646583364351887e-22,0.19593332982680484,0.1560609138556596,0.12746398050532218
EVOE FP Equity_DX_ACTIVE_AVAILABILITY_VALUE,4,2359,0.16411797090755667,1.045851038888395e-15,0.054043282167814004,0.00865511168271475,0.04421629268484025,0.008081804837462415,0.08704310267291504,0.004618498633495156,139.34901712438187,0.026934708374813265,0.026521867775905705,1.0458510388892334e-15,0.16411797090755667,0.054043282167814004,0.04421629268484025
EVOE FP Equity_DX_ACTIVE_AVAIL_SUPPLY_QTY,4,2359,0.14436879804895794,1.8526754013503052e-12,0.05396498794506362,0.008752433097605808,0.043818255610021596,0.008955807340533915,0.08396241975288166,0.7546019948987837,139.36539946983274,0.020842349850100805,0.0204269244575892,1.852675401350162e-12,0.14436879804895794,0.05396498794506362,0.043818255610021596
