feature,lag,n_pairs,pearson_r,pearson_p,spearman_rho,spearman_p,kendall_tau,kendall_p,mutual_info,ols_slope,ols_intercept,ols_r2,ols_adj_r2,ols_slope_p,abs_pearson,abs_spearman,abs_kendall
FCMC FP Equity_DX_ACTIVE_AVAIL_SUPPLY_QTY,4,1996,-0.26648566246485633,8.480200346525744e-34,-0.23708439696517639,6.679429174861699e-27,-0.19227590536849012,5.093735182972326e-27,0.30491362606231887,-17.85393704331371,1253.877525620708,0.07101460829933293,0.07054871793238182,8.480200346515397e-34,0.26648566246485633,0.23708439696517639,0.19227590536849012
FCMC FP Equity_DX_ACTIVE_AVAILABILITY_VALUE,4,1996,-0.25216418247515854,2.513786776272699e-30,-0.2009748443407705,1.2357692459261967e-19,-0.1627458050950788,6.853093390311448e-21,0.4884495757982821,-0.014159441782804778,1253.6301342031113,0.06358677492336529,0.06311715946445029,2.5137867762716465e-30,0.25216418247515854,0.2009748443407705,0.1627458050950788
FCMC FP Equity_DX_ACTIVE_AVAIL_SUPPLY_MV,4,1996,-0.2291661823977258,3.385949763216972e-25,-0.09225208385108574,3.6635628559812933e-05,-0.07500043780952684,4.0574340972430224e-05,0.06175761415778469,-12575.325921405434,1247.1998949299636,0.052517139154747094,0.05204197222353091,3.3859497632204474e-25,0.2291661823977258,0.09225208385108574,0.07500043780952684
