feature,lag,n_pairs,pearson_r,pearson_p,spearman_rho,spearman_p,kendall_tau,kendall_p,mutual_info,ols_slope,ols_intercept,ols_r2,ols_adj_r2,ols_slope_p,abs_pearson,abs_spearman,abs_kendall
FINM FP Equity_DX_ACTIVE_AVAIL_SUPPLY_MV,4,2258,0.7387546351795833,0.0,0.16245592040615275,8.03526433859146e-15,0.13751441599148778,1.5612209750111188e-16,0.5354260317192243,163.15569552658715,0.30326764888652674,0.5457584109993197,0.5455570627772448,0.0,0.7387546351795833,0.16245592040615275,0.13751441599148778
FINM FP Equity_DX_ACTIVE_AVAILABILITY_VALUE,4,2258,0.2544582687968536,1.0564613513705652e-34,-0.06925160276924396,0.0009917453331079365,-0.05321378999930996,0.0014321440248031144,0.3995188071184579,0.00011348696590839911,1.591103419442305,0.06474901055909243,0.06433444895029772,1.0564613513703614e-34,0.2544582687968536,0.06925160276924396,0.05321378999930996
FINM FP Equity_DX_ACTIVE_AVAIL_SUPPLY_QTY,4,2258,0.1817173694912528,3.2410585577664474e-18,-0.07116350127646268,0.0007143921648877492,-0.05812960436298071,0.0006347157596093534,0.38127593167620955,0.0007454978574069691,1.6153225869653094,0.03302120237482131,0.03259257702126406,3.241058557765573e-18,0.1817173694912528,0.07116350127646268,0.05812960436298071
