feature,lag,n_pairs,pearson_r,pearson_p,spearman_rho,spearman_p,kendall_tau,kendall_p,mutual_info,ols_slope,ols_intercept,ols_r2,ols_adj_r2,ols_slope_p,abs_pearson,abs_spearman,abs_kendall
FORE FP Equity_DX_ACTIVE_AVAILABILITY_VALUE,4,1089,0.0646593348323489,0.0328804190227986,0.051174536903913756,0.09142537861053011,0.04238803049630788,0.09141426811212956,0.00025082272421794727,0.428930790441182,668.1761305147052,0.004180829580962331,0.003264712588856411,0.03288041902279752,0.0646593348323489,0.051174536903913756,0.04238803049630788
FORE FP Equity_DX_ACTIVE_AVAIL_SUPPLY_QTY,4,1089,0.06465933483234888,0.0328804190227986,0.051174536903913756,0.09142537861053011,0.04238803049630788,0.09141426811212956,0.00025082272421794727,471.8238694852948,668.1761305147052,0.004180829580962331,0.003264712588856411,0.03288041902279884,0.06465933483234888,0.051174536903913756,0.04238803049630788
