feature,lag,n_pairs,pearson_r,pearson_p,spearman_rho,spearman_p,kendall_tau,kendall_p,mutual_info,ols_slope,ols_intercept,ols_r2,ols_adj_r2,ols_slope_p,abs_pearson,abs_spearman,abs_kendall
GJAJ FP Equity_DX_ACTIVE_AVAIL_SUPPLY_QTY,4,3408,-0.5531578258480251,1.7592391411085568e-272,-0.5067240362762379,9.000293413998226e-222,-0.4237454746983855,2.9328835958041828e-192,0.4267972270544713,-0.00018379670556639384,1.5984262510974567,0.30598358029691386,0.3057798174021097,1.759239141093908e-272,0.5531578258480251,0.5067240362762379,0.4237454746983855
GJAJ FP Equity_DX_ACTIVE_AVAIL_SUPPLY_MV,4,3408,-0.5530602799450938,2.292912063531839e-272,-0.5063798002689457,2.0022326271474303e-221,-0.42345760903606106,5.316176436367593e-192,0.42694536890228596,-110.28319240137074,1.5981197893813057,0.30587567325294374,0.3056718786766822,2.2929120635300386e-272,0.5530602799450938,0.5063798002689457,0.42345760903606106
GJAJ FP Equity_DX_ACTIVE_AVAILABILITY_VALUE,4,3408,-0.11496621494904463,1.680683185004913e-11,-0.05951799667876199,0.0005082817479265853,-0.049726910189154275,0.00028454538369907336,0.2716685323284338,-3.017410099217034e-05,1.2820234808805355,0.013217230579710915,0.012927511622159549,1.680683185003281e-11,0.11496621494904463,0.05951799667876199,0.049726910189154275
