feature,lag,n_pairs,pearson_r,pearson_p,spearman_rho,spearman_p,kendall_tau,kendall_p,mutual_info,ols_slope,ols_intercept,ols_r2,ols_adj_r2,ols_slope_p,abs_pearson,abs_spearman,abs_kendall
GLUX FP Equity_DX_DSS,4,4202,-0.029126657440006344,0.05903785889940176,-0.028892339034159664,0.06110746810068317,-0.023593918580066455,0.06111528524298672,0.004699427909725773,-55.83629092425155,115.91879092424966,0.0008483621736274927,0.0006104689265260532,0.05903785889939692,0.029126657440006344,0.028892339034159664,0.023593918580066455
