feature,lag,n_pairs,pearson_r,pearson_p,spearman_rho,spearman_p,kendall_tau,kendall_p,mutual_info,ols_slope,ols_intercept,ols_r2,ols_adj_r2,ols_slope_p,abs_pearson,abs_spearman,abs_kendall
GOV10 FP Equity_DX_ACTIVE_AVAILABILITY_VALUE,4,317,0.25691545621190376,3.583248279398141e-06,0.30164487362356207,4.313044810092511e-08,0.24307382342986505,7.055582801930455e-08,0.08791053967390683,1.1981529508571837e-05,10.217061579663929,0.06600555164057076,0.0630404898997472,3.583248279401669e-06,0.25691545621190376,0.30164487362356207,0.24307382342986505
GOV10 FP Equity_DX_ACTIVE_AVAIL_SUPPLY_QTY,4,317,0.2568279437069904,3.611649685748606e-06,0.30132109033475774,4.465923922859627e-08,0.24638604041237264,8.312618566788964e-08,0.08599282148241638,0.00012477070284464616,10.217065745431256,0.06596059266876098,0.06299538820104278,3.611649685746261e-06,0.2568279437069904,0.30132109033475774,0.24638604041237264
GOV10 FP Equity_DX_ACTIVE_AVAIL_SUPPLY_MV,4,317,0.25670987526864547,3.6503082950736607e-06,0.30132109033475774,4.465923922859627e-08,0.24638604041237264,8.312618566788964e-08,0.08591873815356044,10.606224570153648,10.21708423021394,0.06589996006044363,0.06293456310825463,3.6503082950734112e-06,0.25670987526864547,0.30132109033475774,0.24638604041237264
