feature,lag,n_pairs,pearson_r,pearson_p,spearman_rho,spearman_p,kendall_tau,kendall_p,mutual_info,ols_slope,ols_intercept,ols_r2,ols_adj_r2,ols_slope_p,abs_pearson,abs_spearman,abs_kendall
INS FP Equity_DX_DSS,4,4786,-0.20694732799203705,1.875318313318546e-47,-0.2287307822999662,7.55675517033935e-58,-0.18522033077564865,4.15706453521255e-56,0.09430374022952326,-7.311394301918653,33.90438430452321,0.0428271965630439,0.04262711863590418,1.8753183133119144e-47,0.20694732799203705,0.2287307822999662,0.18522033077564865
