feature,lag,n_pairs,pearson_r,pearson_p,spearman_rho,spearman_p,kendall_tau,kendall_p,mutual_info,ols_slope,ols_intercept,ols_r2,ols_adj_r2,ols_slope_p,abs_pearson,abs_spearman,abs_kendall
IQEC FP Equity_DX_ACTIVE_AVAIL_SUPPLY_QTY,4,2086,-0.021039358634083388,0.336825929385275,-0.021821114770745713,0.3191765294350847,-0.01784127428181964,0.3190600179731464,0.00030726303469530425,-0.0034111830535566113,24.45335491606719,0.00044265461173342846,-3.6979431159211984e-05,0.3368259293853514,0.021039358634083388,0.021821114770745713,0.01784127428181964
IQEC FP Equity_DX_ACTIVE_AVAILABILITY_VALUE,4,2086,-0.021039358634083388,0.336825929385275,-0.021821114770745713,0.3191765294350847,-0.01784127428181964,0.3190600179731464,0.00030726303469530425,-0.00014552828726777957,24.453354916067205,0.0004426546117336505,-3.697943115898994e-05,0.3368259293853283,0.021039358634083388,0.021821114770745713,0.01784127428181964
IQEC FP Equity_DX_ACTIVE_AVAIL_SUPPLY_MV,4,2086,-0.021039358634083388,0.336825929385275,-0.021821114770745713,0.3191765294350847,-0.01784127428181964,0.3190600179731464,0.00030726303469530425,-102.33549160669514,24.453354916067187,0.0004426546117336505,-3.697943115898994e-05,0.33682592938536704,0.021039358634083388,0.021821114770745713,0.01784127428181964
