feature,lag,n_pairs,pearson_r,pearson_p,spearman_rho,spearman_p,kendall_tau,kendall_p,mutual_info,ols_slope,ols_intercept,ols_r2,ols_adj_r2,ols_slope_p,abs_pearson,abs_spearman,abs_kendall
MLAAT FP Equity_DX_ACTIVE_AVAILABILITY_VALUE,4,1046,0.08221870564824822,0.007803933803475552,0.1946001191780826,2.1957128693471218e-10,0.1622075399356106,1.8136043274233222e-10,0.13994525422783255,6.13162155917762e-05,0.2146863272972788,0.006759915558472773,0.005808536167245304,0.007803933803475853,0.08221870564824822,0.1946001191780826,0.1622075399356106
MLAAT FP Equity_DX_ACTIVE_AVAIL_SUPPLY_QTY,4,1046,0.081708006793133,0.008196750107837568,0.19443366612232188,2.2760820340912752e-10,0.16153096034774075,2.730533070311866e-10,0.12174858570245983,1.8312558422536243e-05,0.21469513801825904,0.006676198374107267,0.0057247387940059236,0.008196750107837353,0.081708006793133,0.19443366612232188,0.16153096034774075
