feature,lag,n_pairs,pearson_r,pearson_p,spearman_rho,spearman_p,kendall_tau,kendall_p,mutual_info,ols_slope,ols_intercept,ols_r2,ols_adj_r2,ols_slope_p,abs_pearson,abs_spearman,abs_kendall
MLALE FP Equity_DX_ACTIVE_AVAIL_SUPPLY_QTY,4,741,-0.13207166111085997,0.00031227629101864625,-0.1978050371292767,5.66216327178466e-08,-0.17240966085866324,7.412310620596266e-08,0.08442114515507582,-4.93169766521569e-06,1.036603878116337,0.017442923668581467,0.016113347110622733,0.0003122762910186364,0.13207166111085997,0.1978050371292767,0.17240966085866324
MLALE FP Equity_DX_ACTIVE_AVAILABILITY_VALUE,4,741,-0.13207166111085997,0.00031227629101864625,-0.1978050371292767,5.66216327178466e-08,-0.17240966085866324,7.412310620596266e-08,0.08442114515507582,-0.0049316976652156366,1.036603878116337,0.017442923668581467,0.016113347110622733,0.00031227629101866273,0.13207166111085997,0.1978050371292767,0.17240966085866324
MLALE FP Equity_DX_ACTIVE_AVAIL_SUPPLY_MV,4,741,-0.13206853654363288,0.00031237976168399794,-0.19780266932697801,5.664266972866649e-08,-0.1721140192098079,7.399866918630473e-08,0.07787789234361586,-1.7871518346074309,1.0366026203765466,0.017442098344777723,0.016112520670007346,0.0003123797616840428,0.13206853654363288,0.19780266932697801,0.1721140192098079
