feature,lag,n_pairs,pearson_r,pearson_p,spearman_rho,spearman_p,kendall_tau,kendall_p,mutual_info,ols_slope,ols_intercept,ols_r2,ols_adj_r2,ols_slope_p,abs_pearson,abs_spearman,abs_kendall
MLBON FP Equity_DX_ACTIVE_AVAILABILITY_VALUE,4,706,0.12044265286231118,0.0013447763999449225,0.13575990052342232,0.00029734799751645594,0.11943895391727809,0.00030395323632591124,0.0019606510271577005,0.0005974562038521184,14.094963572530366,0.014506432628511368,0.013106583811222317,0.00134477639994468,0.12044265286231118,0.13575990052342232,0.11943895391727809
MLBON FP Equity_DX_ACTIVE_AVAIL_SUPPLY_QTY,4,706,0.11929695857873551,0.0014956351634520138,0.1356662585777577,0.0003002538220537451,0.11928565603846002,0.0003121535423392333,0.0019606510271577005,0.009811856731165127,14.09526554137511,0.014231764326136598,0.012831525355008866,0.0014956351634519422,0.11929695857873551,0.1356662585777577,0.11928565603846002
MLBON FP Equity_DX_ACTIVE_AVAIL_SUPPLY_MV,4,706,0.08954507211264448,0.01732024914222514,0.0887181620543739,0.018384893068510686,0.07810480111278842,0.01849132073695347,0.0,325.8843053579921,14.1078236130868,0.008018319939658736,0.006609255053209306,0.01732024914222456,0.08954507211264448,0.0887181620543739,0.07810480111278842
