feature,lag,n_pairs,pearson_r,pearson_p,spearman_rho,spearman_p,kendall_tau,kendall_p,mutual_info,ols_slope,ols_intercept,ols_r2,ols_adj_r2,ols_slope_p,abs_pearson,abs_spearman,abs_kendall
MLCFM FP Equity_DX_ACTIVE_AVAIL_SUPPLY_MV,4,1882,-0.23653224399348105,2.4181293194806724e-25,-0.0408441378252618,0.07648368516647858,-0.03331885846046123,0.07748986263570033,0.0499628298670578,-599.2143022133401,1023.0007581534776,0.05594750244859148,0.05544534686478764,2.418129319484909e-25,0.23653224399348105,0.0408441378252618,0.03331885846046123
MLCFM FP Equity_DX_ACTIVE_AVAILABILITY_VALUE,4,1882,-0.23601470610464895,3.09140076331282e-25,-0.037607836182202065,0.10289094038081653,-0.030593679988231502,0.10469111369719232,0.050428478502307916,-0.0009433015075435205,1022.9859035675886,0.055702941497665304,0.05520065582824929,3.0914007633134222e-25,0.23601470610464895,0.037607836182202065,0.030593679988231502
MLCFM FP Equity_DX_ACTIVE_AVAIL_SUPPLY_QTY,4,1882,-0.23097038351121402,3.2845346300875766e-24,-0.03728989664982868,0.10583536579534387,-0.030381539934267645,0.10748447568751456,0.04814372887944929,-0.7347094428555845,1022.8352015950446,0.05334731805931747,0.052843779398710766,3.284534630091753e-24,0.23097038351121402,0.03728989664982868,0.030381539934267645
