feature,lag,n_pairs,pearson_r,pearson_p,spearman_rho,spearman_p,kendall_tau,kendall_p,mutual_info,ols_slope,ols_intercept,ols_r2,ols_adj_r2,ols_slope_p,abs_pearson,abs_spearman,abs_kendall
MLCHE FP Equity_DX_ACTIVE_AVAILABILITY_VALUE,4,2178,0.7600300029382248,0.0,0.709999225913123,0.0,0.6039875485639438,3.934240194342738e-303,1.1203069067972926,0.030858140413176055,18.958763786047456,0.5776456053662788,0.5774515086775684,0.0,0.7600300029382248,0.709999225913123,0.6039875485639438
MLCHE FP Equity_DX_ACTIVE_AVAIL_SUPPLY_QTY,4,2178,0.7511466266252722,0.0,0.674331970290127,6.964886846117639e-289,0.5544093411873904,2.769597817829052e-217,0.5894799726453703,1.911912343601064,19.09172560113155,0.5642212546905259,0.5640209887230123,0.0,0.7511466266252722,0.674331970290127,0.5544093411873904
