feature,lag,n_pairs,pearson_r,pearson_p,spearman_rho,spearman_p,kendall_tau,kendall_p,mutual_info,ols_slope,ols_intercept,ols_r2,ols_adj_r2,ols_slope_p,abs_pearson,abs_spearman,abs_kendall
MLCMG FP Equity_DX_ACTIVE_AVAIL_SUPPLY_MV,4,1067,0.10904630723500694,0.00035907900823975246,0.034816269886155944,0.2558378425713319,0.0890004191030204,8.227127237287135e-05,1.2356666896755204,6.271728994807367,2.0294320693206456,0.011891097121591199,0.010963295334850964,0.00035907900823967207,0.10904630723500694,0.034816269886155944,0.0890004191030204
MLCMG FP Equity_DX_ACTIVE_AVAILABILITY_VALUE,4,1067,0.09755752211871746,0.0014198200794561509,0.04607570186209895,0.1325566672206305,0.141023034942932,1.7107686963241614e-10,1.679315479513717,5.519580061275993e-06,2.039791488574762,0.00951747012194415,0.008587439577457778,0.0014198200794562773,0.09755752211871746,0.04607570186209895,0.141023034942932
MLCMG FP Equity_DX_ACTIVE_AVAIL_SUPPLY_QTY,4,1067,-0.0880091694817275,0.0040143615364736235,0.030308741668357567,0.32261383328882565,0.026498697921090428,0.2954727621380183,0.4468393817542724,-2.4568834566577222e-05,2.4493043597910558,0.007745613912863769,0.0068139196536270985,0.004014361536473715,0.0880091694817275,0.030308741668357567,0.026498697921090428
