feature,lag,n_pairs,pearson_r,pearson_p,spearman_rho,spearman_p,kendall_tau,kendall_p,mutual_info,ols_slope,ols_intercept,ols_r2,ols_adj_r2,ols_slope_p,abs_pearson,abs_spearman,abs_kendall
MLCMB FP Equity_DX_ACTIVE_AVAIL_SUPPLY_QTY,4,4383,-0.6159102191940319,0.0,-0.7443042149231135,0.0,-0.5858324855199153,0.0,0.6259613254270144,-0.21475878535536888,108.54474487202013,0.3793453981076387,0.37920372848839823,0.0,0.6159102191940319,0.7443042149231135,0.5858324855199153
MLCMB FP Equity_DX_ACTIVE_AVAIL_SUPPLY_MV,4,4383,-0.588514085555274,0.0,-0.7868981987101299,0.0,-0.6155464017623292,0.0,0.6943685638649506,-2805.6769194210474,106.73602071827705,0.3463488288969607,0.34619962753400635,0.0,0.588514085555274,0.7868981987101299,0.6155464017623292
MLCMB FP Equity_DX_ACTIVE_AVAILABILITY_VALUE,4,4383,0.0033953014669850703,0.8221972213717276,-0.7237550011183518,0.0,-0.5254319336305676,0.0,0.699884657129521,6.287721563882038e-08,86.62568439234308,1.1528072051736338e-05,-0.00021672768506486584,0.8221972213716935,0.0033953014669850703,0.7237550011183518,0.5254319336305676
