feature,lag,n_pairs,pearson_r,pearson_p,spearman_rho,spearman_p,kendall_tau,kendall_p,mutual_info,ols_slope,ols_intercept,ols_r2,ols_adj_r2,ols_slope_p,abs_pearson,abs_spearman,abs_kendall
MLCOT FP Equity_DX_ACTIVE_AVAIL_SUPPLY_MV,4,2273,0.297622674725977,1.0209260465685026e-47,-0.19915651284137897,9.161897225748931e-22,-0.10892267635233512,5.430991637543196e-13,1.0891236768371684,0.058079516730076206,0.1273821557708531,0.08857925651104459,0.08817792637300448,1.0209260465677185e-47,0.297622674725977,0.19915651284137897,0.10892267635233512
MLCOT FP Equity_DX_ACTIVE_AVAILABILITY_VALUE,4,2273,0.2940575837137472,1.4262154810714405e-46,-0.07011624528517807,0.0008224103023673428,-0.014531586990194462,0.3350519055620348,1.2016499257302966,6.215893507975191e-08,0.15048209359910372,0.08646986253956779,0.0860676035622624,1.4262154810721776e-46,0.2940575837137472,0.07011624528517807,0.014531586990194462
MLCOT FP Equity_DX_ACTIVE_AVAIL_SUPPLY_QTY,4,2273,-0.16535760116051904,2.1232405933189994e-15,-0.00453126166203692,0.8290542700986876,0.03950309943642472,0.010369972582335615,1.2572010212201667,-5.240417257711257e-08,0.6005853417422071,0.027343136261561263,0.026914841737678108,2.1232405933185726e-15,0.16535760116051904,0.00453126166203692,0.03950309943642472
