feature,lag,n_pairs,pearson_r,pearson_p,spearman_rho,spearman_p,kendall_tau,kendall_p,mutual_info,ols_slope,ols_intercept,ols_r2,ols_adj_r2,ols_slope_p,abs_pearson,abs_spearman,abs_kendall
MLCVG FP Equity_DX_ACTIVE_AVAIL_SUPPLY_QTY,4,850,-0.4158331690434411,7.1953266777340595e-37,-0.28743269517705355,1.2443967882175377e-17,-0.23679979070923096,3.092714733098641e-17,0.393961483938819,-729.1053792962834,5724.04294246848,0.17291722447671043,0.17194189101500845,7.195326677730829e-37,0.4158331690434411,0.28743269517705355,0.23679979070923096
MLCVG FP Equity_DX_ACTIVE_AVAIL_SUPPLY_MV,4,850,-0.39503893146134084,3.938089911864377e-33,-0.28743269517705355,1.2443967882175377e-17,-0.23679979070923096,3.092714733098641e-17,0.39322902855894726,-112395.39739091494,5726.2707243058,0.15605575737011823,0.15506054010286607,3.9380899118650344e-33,0.39503893146134084,0.28743269517705355,0.23679979070923096
MLCVG FP Equity_DX_ACTIVE_AVAILABILITY_VALUE,4,850,0.07680386297197947,0.025142178041096277,-0.04813896790060591,0.16084726611603917,-0.038976137916306296,0.16693608347850708,0.20643513884277254,0.04051940172423929,5363.941716113694,0.005898833367417922,0.004726544255822973,0.02514217804109701,0.07680386297197947,0.04813896790060591,0.038976137916306296
