feature,lag,n_pairs,pearson_r,pearson_p,spearman_rho,spearman_p,kendall_tau,kendall_p,mutual_info,ols_slope,ols_intercept,ols_r2,ols_adj_r2,ols_slope_p,abs_pearson,abs_spearman,abs_kendall
MLDYX FP Equity_DX_ACTIVE_AVAIL_SUPPLY_QTY,4,1642,-0.22651095319421666,1.5051987700230903e-20,-0.8262744594236096,0.0,-0.7370156536490885,5.423425083584115e-249,0.6463770772260435,-1.470851707279617e-05,2.486355468011499,0.05130721191695209,0.050728740704706454,1.505198770021166e-20,0.22651095319421666,0.8262744594236096,0.7370156536490885
MLDYX FP Equity_DX_ACTIVE_AVAIL_SUPPLY_MV,4,1642,-0.0893304403963969,0.000289741342060286,-0.8347109557695113,0.0,-0.7264398066763782,1.666936083799801e-252,0.67025372350012,-0.24912666945606438,1.67577826023717,0.007979927581413304,0.007375037293353315,0.0002897413420602874,0.0893304403963969,0.8347109557695113,0.7264398066763782
MLDYX FP Equity_DX_ACTIVE_AVAILABILITY_VALUE,4,1642,0.04533725209983436,0.06625665610607351,-0.06489907805552432,0.008523799564579162,-0.06209029858263745,0.0077303416174635195,0.10245476588224012,2.569297401387811e-07,1.3554988436504856,0.002055466427964947,0.0014469636635918715,0.06625665610607277,0.04533725209983436,0.06489907805552432,0.06209029858263745
