feature,lag,n_pairs,pearson_r,pearson_p,spearman_rho,spearman_p,kendall_tau,kendall_p,mutual_info,ols_slope,ols_intercept,ols_r2,ols_adj_r2,ols_slope_p,abs_pearson,abs_spearman,abs_kendall
MLEAS FP Equity_DX_ACTIVE_AVAILABILITY_VALUE,4,1087,0.054003237461974885,0.07512181912501152,-0.12572187364356205,3.2281504460750006e-05,-0.11812372904277567,6.126371690022116e-07,0.82073984065741,0.0001959254064116288,1.2250877105054057,0.0029163496563747726,0.001997378550067319,0.0751218191250238,0.054003237461974885,0.12572187364356205,0.11812372904277567
MLEAS FP Equity_DX_ACTIVE_AVAIL_SUPPLY_QTY,4,1087,-0.05069173985462516,0.09483201049534049,-0.21476955980939166,8.281945149121358e-13,-0.1946931387369161,6.359784471517548e-16,0.5500235179645294,-0.0002367481376661859,1.2739474220336309,0.002569652489488705,0.0016503618466218173,0.09483201049535583,0.05069173985462516,0.21476955980939166,0.1946931387369161
