feature,lag,n_pairs,pearson_r,pearson_p,spearman_rho,spearman_p,kendall_tau,kendall_p,mutual_info,ols_slope,ols_intercept,ols_r2,ols_adj_r2,ols_slope_p,abs_pearson,abs_spearman,abs_kendall
MLEDR FP Equity_DX_ACTIVE_AVAIL_SUPPLY_QTY,4,2659,-0.3440935373027987,8.8080142120849955e-75,-0.7755082982334683,0.0,-0.6279658566288292,0.0,0.7045432067781383,-1.003866592853305,118.07149710306813,0.11840036241355267,0.1180685597648562,8.808014212106788e-75,0.3440935373027987,0.7755082982334683,0.6279658566288292
MLEDR FP Equity_DX_ACTIVE_AVAILABILITY_VALUE,4,2659,-0.3179218463664239,1.61438222674399e-63,-0.7565166138991836,0.0,-0.5560374099897953,0.0,1.0982667499463101,-0.01171189543458026,117.5693274327103,0.10107430039703602,0.10073597683677893,1.6143822267447837e-63,0.3179218463664239,0.7565166138991836,0.5560374099897953
