feature,lag,n_pairs,pearson_r,pearson_p,spearman_rho,spearman_p,kendall_tau,kendall_p,mutual_info,ols_slope,ols_intercept,ols_r2,ols_adj_r2,ols_slope_p,abs_pearson,abs_spearman,abs_kendall
MLEDU FP Equity_DX_ACTIVE_AVAIL_SUPPLY_QTY,4,1312,-0.30903001112275447,1.9856223614067023e-30,-0.39040015006929274,5.13854771058215e-49,-0.28722142876214796,4.80072518919705e-40,0.910135262141218,-8.639054476413286e-05,3.956200199916562,0.09549954777452974,0.0948090894140522,1.9856223614080234e-30,0.30903001112275447,0.39040015006929274,0.28722142876214796
MLEDU FP Equity_DX_ACTIVE_AVAILABILITY_VALUE,4,1312,0.2945986932809731,1.1088111738969714e-27,0.07214245570579178,0.00894820278752033,0.12831484387196465,1.7302602213632093e-09,1.2349443891776293,0.00014542427616770498,2.7181669030159874,0.08678839008285733,0.08609128198368388,1.1088111738973975e-27,0.2945986932809731,0.07214245570579178,0.12831484387196465
MLEDU FP Equity_DX_ACTIVE_AVAIL_SUPPLY_MV,4,1312,-0.1976664180365214,5.03499711535666e-13,-0.10826788760924949,8.514134415301848e-05,-0.09246883459308897,8.627534933363252e-05,0.10992796038071528,-182.3149040157487,3.5667118537989517,0.03907201281938821,0.03833848000474649,5.034997115356221e-13,0.1976664180365214,0.10826788760924949,0.09246883459308897
