feature,lag,n_pairs,pearson_r,pearson_p,spearman_rho,spearman_p,kendall_tau,kendall_p,mutual_info,ols_slope,ols_intercept,ols_r2,ols_adj_r2,ols_slope_p,abs_pearson,abs_spearman,abs_kendall
MLFIR FP Equity_DX_ACTIVE_AVAIL_SUPPLY_QTY,4,989,-0.46106640822187644,3.285242850253235e-53,-0.40373369430035777,4.582834744643802e-40,-0.3495314841940797,6.783579650202274e-37,0.220145875105779,-4.659052322439375e-05,27.26299080456917,0.21258223279062238,0.21178444376609418,3.285242850260193e-53,0.46106640822187644,0.40373369430035777,0.3495314841940797
MLFIR FP Equity_DX_ACTIVE_AVAIL_SUPPLY_MV,4,989,-0.45430232672267806,1.5907809041233758e-51,-0.4037171617315466,4.619234198453647e-40,-0.3478251466978297,6.1789631037984755e-37,0.218287677049259,-8.637440207470524,27.218482285206022,0.20639060406563925,0.2055865418610452,1.5907809041206565e-51,0.45430232672267806,0.4037171617315466,0.3478251466978297
MLFIR FP Equity_DX_ACTIVE_AVAILABILITY_VALUE,4,989,-0.34295455036232386,1.116337337741845e-28,-0.3081696610064237,3.352100913837868e-23,-0.2657878983379876,3.4728761098336473e-22,0.12631470768372743,-8.12752113216419e-06,26.559916823519178,0.11761782361422368,0.11672381938282983,1.116337337741589e-28,0.34295455036232386,0.3081696610064237,0.2657878983379876
