feature,lag,n_pairs,pearson_r,pearson_p,spearman_rho,spearman_p,kendall_tau,kendall_p,mutual_info,ols_slope,ols_intercept,ols_r2,ols_adj_r2,ols_slope_p,abs_pearson,abs_spearman,abs_kendall
MLFTI FP Equity_DX_ACTIVE_AVAIL_SUPPLY_QTY,4,2177,-0.01228468688493508,0.5667290470918555,-0.030486623171620753,0.1550353827079125,-0.025092353148782016,0.1549890186877928,0.010600136368213553,-0.00016884714562908265,0.3329248621323548,0.000150913531861252,-0.0003087871975493428,0.5667290470918673,0.01228468688493508,0.030486623171620753,0.025092353148782016
MLFTI FP Equity_DX_ACTIVE_AVAILABILITY_VALUE,4,2177,-0.012284686884935078,0.5667290470918555,-0.030486623171620753,0.1550353827079125,-0.025092353148782016,0.1549890186877928,0.010600136368213553,-0.0041182230641240315,0.3329248621323548,0.000150913531861252,-0.0003087871975493428,0.5667290470918621,0.012284686884935078,0.030486623171620753,0.025092353148782016
