feature,lag,n_pairs,pearson_r,pearson_p,spearman_rho,spearman_p,kendall_tau,kendall_p,mutual_info,ols_slope,ols_intercept,ols_r2,ols_adj_r2,ols_slope_p,abs_pearson,abs_spearman,abs_kendall
MLGEQ FP Equity_DX_ACTIVE_AVAIL_SUPPLY_QTY,4,1106,-0.3610566533868769,2.1631319405998752e-35,-0.4764443979334216,9.469492562089091e-64,-0.3740864436849955,3.3506583609452297e-59,0.45055521101635376,-5.88589596715913e-05,0.09368734193862321,0.13036190695493177,0.12957419129094172,2.163131940599752e-35,0.3610566533868769,0.4764443979334216,0.3740864436849955
MLGEQ FP Equity_DX_ACTIVE_AVAILABILITY_VALUE,4,1106,-0.3137877172116577,1.0744624041803288e-26,-0.39934553851547916,1.3439504537264556e-43,-0.27481872275672237,1.8285315891181188e-34,0.6696066182815334,-0.0027733919678517888,0.08822867072658654,0.09846273147290319,0.09764612162822284,1.0744624041802519e-26,0.3137877172116577,0.39934553851547916,0.27481872275672237
