feature,lag,n_pairs,pearson_r,pearson_p,spearman_rho,spearman_p,kendall_tau,kendall_p,mutual_info,ols_slope,ols_intercept,ols_r2,ols_adj_r2,ols_slope_p,abs_pearson,abs_spearman,abs_kendall
MLGRC FP Equity_DX_ACTIVE_AVAILABILITY_VALUE,4,2636,0.267582170476088,1.858050060267791e-44,0.17239502610291488,4.934823933757411e-19,0.15002059236279136,3.752501745796629e-21,0.6586394007909218,0.0004462273559174498,6.882935969267897,0.07160021795669336,0.07124775030975217,1.858050060269517e-44,0.267582170476088,0.17239502610291488,0.15002059236279136
MLGRC FP Equity_DX_ACTIVE_AVAIL_SUPPLY_QTY,4,2636,-0.2279724445414335,2.0163579281193542e-32,-0.14317602793948722,1.5184110565077335e-13,-0.13420671571505796,4.421607292932234e-17,0.8769117794891996,-0.010341649932182898,12.530853656966054,0.051971435470197114,0.051611515741825986,2.0163579281196487e-32,0.2279724445414335,0.14317602793948722,0.13420671571505796
MLGRC FP Equity_DX_ACTIVE_AVAIL_SUPPLY_MV,4,2636,-0.02023444717722704,0.29904181876163227,-0.08000193234926292,3.920721822810778e-05,-0.07757128601639592,3.99936807173599e-06,0.34607911307983574,-31.686027270562306,9.204112153246996,0.00040943285256800355,2.993757270952635e-05,0.2990418187615903,0.02023444717722704,0.08000193234926292,0.07757128601639592
