feature,lag,n_pairs,pearson_r,pearson_p,spearman_rho,spearman_p,kendall_tau,kendall_p,mutual_info,ols_slope,ols_intercept,ols_r2,ols_adj_r2,ols_slope_p,abs_pearson,abs_spearman,abs_kendall
MLIML FP Equity_DX_ACTIVE_AVAILABILITY_VALUE,4,1924,-0.012371925321031095,0.5875821756619718,-0.0064055688120012635,0.7788711164478913,-0.005254852151863407,0.7787892815716189,0.0038268501015776835,-0.0037801198869659583,0.7876354654186137,0.00015306453614905013,-0.00036714718885821895,0.5875821756619763,0.012371925321031095,0.0064055688120012635,0.005254852151863407
MLIML FP Equity_DX_ACTIVE_AVAIL_SUPPLY_QTY,4,1924,-0.012371925321031091,0.5875821756619718,-0.0064055688120012635,0.7788711164478913,-0.005254852151863407,0.7787892815716189,0.0038268501015776835,-0.0016254515513953478,0.7876354654186146,0.00015306453614960525,-0.00036714718885777486,0.587582175661979,0.012371925321031091,0.0064055688120012635,0.005254852151863407
