feature,lag,n_pairs,pearson_r,pearson_p,spearman_rho,spearman_p,kendall_tau,kendall_p,mutual_info,ols_slope,ols_intercept,ols_r2,ols_adj_r2,ols_slope_p,abs_pearson,abs_spearman,abs_kendall
MLIRF FP Equity_DX_ACTIVE_AVAIL_SUPPLY_QTY,4,929,-0.48111480276370544,5.468995285343617e-55,-0.5019133345609854,1.9588621485965214e-60,-0.4133170040841008,4.372169041365151e-52,0.39256383934846095,-9.11561485272831e-05,1.353930157551638,0.2314714534383593,0.23064240430506733,5.468995285346415e-55,0.48111480276370544,0.5019133345609854,0.4133170040841008
MLIRF FP Equity_DX_ACTIVE_AVAIL_SUPPLY_MV,4,929,-0.4025350261188303,1.6843113111819597e-37,-0.38821299398535775,8.79502884422986e-35,-0.3291912041737805,3.123700576405915e-32,0.20177122588817697,-50.53503781978565,1.3295697454173887,0.16203444725248783,0.16113049304240423,1.6843113111819504e-37,0.4025350261188303,0.38821299398535775,0.3291912041737805
MLIRF FP Equity_DX_ACTIVE_AVAILABILITY_VALUE,4,929,-0.2956631996714322,3.3809660235985377e-20,-0.35397274168172066,8.290349938929281e-29,-0.2943637864135948,6.1360408242239796e-27,0.2167282785522402,-3.960090234098785e-05,1.3065754845891313,0.08741672763994923,0.08643227966545075,3.3809660235976216e-20,0.2956631996714322,0.35397274168172066,0.2943637864135948
