feature,lag,n_pairs,pearson_r,pearson_p,spearman_rho,spearman_p,kendall_tau,kendall_p,mutual_info,ols_slope,ols_intercept,ols_r2,ols_adj_r2,ols_slope_p,abs_pearson,abs_spearman,abs_kendall
MLMAD FP Equity_DX_ACTIVE_AVAILABILITY_VALUE,4,2054,0.16733354506997503,2.293580218423026e-14,0.31048703739354566,3.822206944396917e-47,0.23820416157021862,5.3620411775733896e-43,0.5959615836149748,8.367656989577829e-05,6.659109290686372,0.028000515305685814,0.027526831346283087,2.2935802184185412e-14,0.16733354506997503,0.31048703739354566,0.23820416157021862
MLMAD FP Equity_DX_ACTIVE_AVAIL_SUPPLY_QTY,4,2054,0.14172080471490506,1.1066254140115655e-10,0.309490919587654,7.729142039112206e-47,0.23568998660490084,9.134353289965594e-42,0.5713498516954623,0.0005493776337116133,6.694089645612203,0.020084786489039552,0.019607244961987402,1.1066254140118523e-10,0.14172080471490506,0.309490919587654,0.23568998660490084
MLMAD FP Equity_DX_ACTIVE_AVAIL_SUPPLY_MV,4,2054,0.1113653936881676,4.1953503853862694e-07,0.05942857477580951,0.0070577137617334855,0.04675289341526726,0.008789636808310668,0.21242978340979723,52.70318790734907,6.734706770412042,0.012402250911320412,0.01192096545854815,4.195350385383191e-07,0.1113653936881676,0.05942857477580951,0.04675289341526726
