feature,lag,n_pairs,pearson_r,pearson_p,spearman_rho,spearman_p,kendall_tau,kendall_p,mutual_info,ols_slope,ols_intercept,ols_r2,ols_adj_r2,ols_slope_p,abs_pearson,abs_spearman,abs_kendall
MLMCA FP Equity_DX_ACTIVE_AVAIL_SUPPLY_QTY,4,377,-0.08820485878621155,0.08721480008447341,-0.07967724195091613,0.12249846510471891,-0.06622776252472863,0.12381617371070779,0.01622482693463856,-0.0005157573608088866,6.156938504634693,0.00778009711349581,0.005134177372465243,0.08721480008446907,0.08820485878621155,0.07967724195091613,0.06622776252472863
MLMCA FP Equity_DX_ACTIVE_AVAILABILITY_VALUE,4,377,-0.08584446610708862,0.0960451823699762,-0.0797007262947139,0.1223879419336135,-0.06617324229073641,0.12330196920253143,0.019644066169999697,-9.278158893456022e-05,6.157129359750192,0.007369272361211432,0.004722257087508064,0.09604518236997674,0.08584446610708862,0.0797007262947139,0.06617324229073641
MLMCA FP Equity_DX_ACTIVE_AVAIL_SUPPLY_MV,4,377,-0.06083422361546009,0.23865462796144762,-0.060502655097036555,0.2412284074542356,-0.05094588190016722,0.24071961738518055,0.0,-43.48805031446544,6.151547169811314,0.0037008027628953055,0.0010440049035964627,0.23865462796144785,0.06083422361546009,0.060502655097036555,0.05094588190016722
