feature,lag,n_pairs,pearson_r,pearson_p,spearman_rho,spearman_p,kendall_tau,kendall_p,mutual_info,ols_slope,ols_intercept,ols_r2,ols_adj_r2,ols_slope_p,abs_pearson,abs_spearman,abs_kendall
MLMFI FP Equity_DX_ACTIVE_AVAIL_SUPPLY_QTY,4,1160,-0.3905731663265113,1.429093598893759e-43,-0.38218136401387715,1.2056914395408183e-41,-0.33255307392533856,1.0592378256249705e-38,0.5191604948936326,-0.0013540621178771794,14.440579310344745,0.15254739825431696,0.15181557390047795,1.429093598902855e-43,0.3905731663265113,0.38218136401387715,0.33255307392533856
MLMFI FP Equity_DX_ACTIVE_AVAILABILITY_VALUE,4,1160,-0.38268402319558464,9.277557238195687e-42,-0.35452287965963264,1.104304660817089e-35,-0.28473861197914546,7.451834556315604e-30,0.6495048311081826,-0.0001084975893726386,14.419206035711467,0.1464470616091582,0.14570996926167046,9.277557238133698e-42,0.38268402319558464,0.35452287965963264,0.28473861197914546
MLMFI FP Equity_DX_ACTIVE_AVAIL_SUPPLY_MV,4,1160,-0.3708874163623678,3.856535184796573e-39,-0.3612315341764248,4.4693381313198554e-37,-0.29999136541371096,1.5877848978080452e-32,0.6024223460420228,-115.4603587962925,14.381778645833299,0.137557475615954,0.13681270659662415,3.8565351848180016e-39,0.3708874163623678,0.3612315341764248,0.29999136541371096
