feature,lag,n_pairs,pearson_r,pearson_p,spearman_rho,spearman_p,kendall_tau,kendall_p,mutual_info,ols_slope,ols_intercept,ols_r2,ols_adj_r2,ols_slope_p,abs_pearson,abs_spearman,abs_kendall
MLMGL FP Equity_DX_ACTIVE_AVAIL_SUPPLY_QTY,4,1675,-0.08313875021417591,0.0006593241465218192,-0.07797734999694204,0.0014039290729023256,-0.06402272466401912,0.0014207216391745243,0.011194371769134737,-0.015893542914171457,12.136125748503028,0.006912051787175244,0.0063184546872274705,0.0006593241465218991,0.08313875021417591,0.07797734999694204,0.06402272466401912
MLMGL FP Equity_DX_ACTIVE_AVAILABILITY_VALUE,4,1675,-0.08313875021417591,0.0006593241465218192,-0.07797734999694204,0.0014039290729023256,-0.06402272466401912,0.0014207216391745243,0.011194371769134737,-0.006112901120835218,12.136125748503028,0.006912051787175244,0.0063184546872274705,0.00065932414652184,0.08313875021417591,0.07797734999694204,0.06402272466401912
