feature,lag,n_pairs,pearson_r,pearson_p,spearman_rho,spearman_p,kendall_tau,kendall_p,mutual_info,ols_slope,ols_intercept,ols_r2,ols_adj_r2,ols_slope_p,abs_pearson,abs_spearman,abs_kendall
MLMTP FP Equity_DX_ACTIVE_AVAIL_SUPPLY_QTY,4,569,-0.018031951999580343,0.6677644621870441,-0.023361421413014997,0.5781375171121106,-0.019860334354673125,0.5776866814494942,0.007229020662150809,-7.531226834692068e-05,9.643093309859168,0.0003251512929151046,-0.0014379436783495958,0.6677644621870555,0.018031951999580343,0.023361421413014997,0.019860334354673125
MLMTP FP Equity_DX_ACTIVE_AVAILABILITY_VALUE,4,569,-0.018031951999580343,0.6677644621870441,-0.023361421413014997,0.5781375171121106,-0.019860334354673125,0.5776866814494942,0.007229020662150809,-7.927607194412196e-06,9.643093309859168,0.0003251512929151046,-0.0014379436783495958,0.6677644621870757,0.018031951999580343,0.023361421413014997,0.019860334354673125
MLMTP FP Equity_DX_ACTIVE_AVAIL_SUPPLY_MV,4,569,-0.018031951999580343,0.6677644621870441,-0.023361421413014997,0.5781375171121106,-0.019860334354673125,0.5776866814494942,0.007229020662150809,-7.154665492956761,9.643093309859168,0.0003251512929151046,-0.0014379436783495958,0.6677644621870866,0.018031951999580343,0.023361421413014997,0.019860334354673125
