feature,lag,n_pairs,pearson_r,pearson_p,spearman_rho,spearman_p,kendall_tau,kendall_p,mutual_info,ols_slope,ols_intercept,ols_r2,ols_adj_r2,ols_slope_p,abs_pearson,abs_spearman,abs_kendall
MLNMA FP Equity_DX_ACTIVE_AVAIL_SUPPLY_QTY,4,3189,-0.1830776565351673,1.9517292435611565e-25,-0.3473123621594037,4.4593269648591885e-91,-0.2844568924833271,1.2157499332840579e-85,0.14551927487845284,-0.0073285325311903396,1.093126599876226,0.033517428322409115,0.03321417053399445,1.9517292435601426e-25,0.1830776565351673,0.3473123621594037,0.2844568924833271
MLNMA FP Equity_DX_ACTIVE_AVAILABILITY_VALUE,4,3189,-0.18028224360797576,1.0566183872255402e-24,-0.34627879422853247,1.6386682082147975e-90,-0.2761051989662774,1.3989871499560857e-82,0.1907642655107964,-0.06745136516482549,1.092615458563148,0.03250168736032577,0.03219811085808555,1.0566183872258948e-24,0.18028224360797576,0.34627879422853247,0.2761051989662774
