feature,lag,n_pairs,pearson_r,pearson_p,spearman_rho,spearman_p,kendall_tau,kendall_p,mutual_info,ols_slope,ols_intercept,ols_r2,ols_adj_r2,ols_slope_p,abs_pearson,abs_spearman,abs_kendall
MLOCT FP Equity_DX_ACTIVE_AVAIL_SUPPLY_QTY,4,1818,-0.18233761728447587,4.69088308707452e-15,-0.4994130690458421,2.735722042651161e-115,-0.3731775509585439,2.4275665277731283e-93,0.6918318451223018,-0.00094184341990598,2.5190116669465277,0.03324700667697977,0.03271465370708826,4.690883087076235e-15,0.18233761728447587,0.4994130690458421,0.3731775509585439
MLOCT FP Equity_DX_ACTIVE_AVAILABILITY_VALUE,4,1818,-0.12502593865126088,8.883917460519164e-08,-0.4826357352630019,1.0336396850023789e-106,-0.3309084557880014,1.6228109026329142e-77,0.812492350130225,-0.0007085081436515512,2.4195370898895194,0.015631485335629525,0.015089432188787888,8.88391746052048e-08,0.12502593865126088,0.4826357352630019,0.3309084557880014
