feature,lag,n_pairs,pearson_r,pearson_p,spearman_rho,spearman_p,kendall_tau,kendall_p,mutual_info,ols_slope,ols_intercept,ols_r2,ols_adj_r2,ols_slope_p,abs_pearson,abs_spearman,abs_kendall
MLODT FP Equity_DX_ACTIVE_AVAIL_SUPPLY_MV,4,1629,0.48088570120914187,5.0000241111714555e-95,-0.09989891998203698,5.367506453984164e-05,-0.08064849966586686,6.162086280624019e-05,0.18420243317448204,58.72260191096941,2.841505332467606,0.23125105762740816,0.23077856288716692,5.000024111171143e-95,0.48088570120914187,0.09989891998203698,0.08064849966586686
MLODT FP Equity_DX_ACTIVE_AVAILABILITY_VALUE,4,1629,0.47449960910494166,3.145097637569906e-92,-0.6082600720413058,1.9329173829773156e-165,-0.44315712998109,1.851126852118118e-126,1.230038661680621,5.816615169945033e-05,2.819620772811079,0.22514987904074324,0.22467363434439458,3.1450976375707455e-92,0.47449960910494166,0.6082600720413058,0.44315712998109
MLODT FP Equity_DX_ACTIVE_AVAIL_SUPPLY_QTY,4,1629,-0.007329892622577274,0.767522025335958,-0.6418747979498429,7.49631491492669e-190,-0.5022901870852264,1.4299600758962144e-154,0.9900293517378702,-4.4682850464622294e-07,3.519011556134643,5.372732585862128e-05,-0.0005608678017836599,0.7675220253359317,0.007329892622577274,0.6418747979498429,0.5022901870852264
