feature,lag,n_pairs,pearson_r,pearson_p,spearman_rho,spearman_p,kendall_tau,kendall_p,mutual_info,ols_slope,ols_intercept,ols_r2,ols_adj_r2,ols_slope_p,abs_pearson,abs_spearman,abs_kendall
MLONL FP Equity_DX_ACTIVE_AVAILABILITY_VALUE,4,933,0.009440674367459982,0.7733576886032748,0.04563571433684325,0.1636796487869624,0.03767697633718464,0.15935486862201476,0.021163662718789444,1.2231334316783552e-05,2.3251724147298907,8.912633251245694e-05,-0.0009848917917276712,0.77335768860328,0.009440674367459982,0.04563571433684325,0.03767697633718464
MLONL FP Equity_DX_ACTIVE_AVAIL_SUPPLY_QTY,4,933,0.00824154137038107,0.8015009451791336,0.04519782224537541,0.1677641030309741,0.037259237502773504,0.16470528499248926,0.021238627025477852,2.628916124448855e-05,2.3253043039115826,6.792300415991992e-05,-0.0010061178948690408,0.8015009451791351,0.00824154137038107,0.04519782224537541,0.037259237502773504
MLONL FP Equity_DX_ACTIVE_AVAIL_SUPPLY_MV,4,933,0.00233904768952794,0.9431186906947432,-0.003102102698041903,0.9246110400338747,-0.0025541768635971907,0.9245506673398912,0.0026548149474150406,3.7042381974258016,2.3259152360515016,5.4711440939936296e-06,-0.0010686368353431952,0.943118690694729,0.00233904768952794,0.003102102698041903,0.0025541768635971907
