feature,lag,n_pairs,pearson_r,pearson_p,spearman_rho,spearman_p,kendall_tau,kendall_p,mutual_info,ols_slope,ols_intercept,ols_r2,ols_adj_r2,ols_slope_p,abs_pearson,abs_spearman,abs_kendall
MLORQ FP Equity_DX_ACTIVE_AVAILABILITY_VALUE,4,703,0.15034833969465358,6.280031279095893e-05,0.17222062508570096,4.379382476492907e-06,0.1490505342368678,4.49910267293863e-06,0.0475963061073732,0.0007515628828370475,1.359977709965977,0.022604623248938416,0.02121033597825228,6.280031279099753e-05,0.15034833969465358,0.17222062508570096,0.1490505342368678
MLORQ FP Equity_DX_ACTIVE_AVAIL_SUPPLY_QTY,4,703,0.14702378077633296,9.132513444699264e-05,0.1718593135698399,4.589379234782121e-06,0.14846814537244007,5.277043809347809e-06,0.04684301797475254,0.001099560761346986,1.3600439238653026,0.021615992113767968,0.020220294527625082,9.132513444700881e-05,0.14702378077633296,0.1718593135698399,0.14846814537244007
