feature,lag,n_pairs,pearson_r,pearson_p,spearman_rho,spearman_p,kendall_tau,kendall_p,mutual_info,ols_slope,ols_intercept,ols_r2,ols_adj_r2,ols_slope_p,abs_pearson,abs_spearman,abs_kendall
MLPHO FP Equity_DX_ACTIVE_AVAIL_SUPPLY_MV,4,1378,-0.2913440720822761,2.297531163271635e-28,-0.7876312505722657,1.1005182627928452e-291,-0.6128530301055458,7.02893616031545e-191,0.7677356905978339,-13.07405398365701,2.140454989242903,0.08488136833748228,0.0842163111923786,2.2975311632699507e-28,0.2913440720822761,0.7876312505722657,0.6128530301055458
MLPHO FP Equity_DX_ACTIVE_AVAIL_SUPPLY_QTY,4,1378,-0.2908905272763666,2.8063092116264046e-28,-0.7906500496385667,1.8462172823288469e-295,-0.620561549522214,3.774728691986321e-195,0.7315692516746641,-1.60475424826908e-06,2.1387790310453587,0.08461729885912206,0.08395204980306037,2.8063092116265557e-28,0.2908905272763666,0.7906500496385667,0.620561549522214
MLPHO FP Equity_DX_ACTIVE_AVAILABILITY_VALUE,4,1378,-0.2889474338779387,6.5847108529000395e-28,-0.7835575852651578,1.0949226590235086e-286,-0.5911139173576893,1.0051631181790726e-183,0.8399513035752642,-1.2999363739175377e-05,2.1334110020605475,0.08349061954464587,0.08282455168094283,6.584710852896151e-28,0.2889474338779387,0.7835575852651578,0.5911139173576893
