feature,lag,n_pairs,pearson_r,pearson_p,spearman_rho,spearman_p,kendall_tau,kendall_p,mutual_info,ols_slope,ols_intercept,ols_r2,ols_adj_r2,ols_slope_p,abs_pearson,abs_spearman,abs_kendall
MLSBT FP Equity_DX_ACTIVE_AVAIL_SUPPLY_MV,4,1903,0.5924302898893873,1.1083541931138518e-180,0.3399949827680342,1.048104387306813e-52,0.2816034344387649,4.1523918884332764e-53,0.48973393241278185,341.1447638432716,4.116097014273064,0.3509736483784235,0.3506322352528992,1.1083541931172405e-180,0.5924302898893873,0.3399949827680342,0.2816034344387649
MLSBT FP Equity_DX_ACTIVE_AVAILABILITY_VALUE,4,1903,0.5526957581508665,1.1095507375790363e-152,0.3191330006816717,2.608750370770198e-46,0.2634819414066926,4.011689842471509e-48,0.46655566481029864,0.00040969494554804405,4.257902069773318,0.3054726010779607,0.30510725263034255,1.109550737577568e-152,0.5526957581508665,0.3191330006816717,0.2634819414066926
MLSBT FP Equity_DX_ACTIVE_AVAIL_SUPPLY_QTY,4,1903,0.4552730159640879,5.248205962356906e-98,0.3011508213281427,3.4375489885487253e-41,0.2467936459660434,2.1089855515885847e-39,0.29700959869261934,0.0039962666955983914,4.368898568761684,0.20727351906503666,0.20685651407769579,5.248205962356244e-98,0.4552730159640879,0.3011508213281427,0.2467936459660434
