feature,lag,n_pairs,pearson_r,pearson_p,spearman_rho,spearman_p,kendall_tau,kendall_p,mutual_info,ols_slope,ols_intercept,ols_r2,ols_adj_r2,ols_slope_p,abs_pearson,abs_spearman,abs_kendall
PABZ FP Equity_DX_ACTIVE_AVAILABILITY_VALUE,4,1319,0.4372811967924537,1.0187450511760262e-62,0.49474976323848285,2.285962657026229e-82,0.3991553494893801,3.546456849452138e-74,0.3134318126406037,0.0032628030246629755,64.92143809799205,0.1912148450682407,0.19060073333328875,1.0187450511728e-62,0.4372811967924537,0.49474976323848285,0.3991553494893801
PABZ FP Equity_DX_ACTIVE_AVAIL_SUPPLY_QTY,4,1319,0.4298045015004329,1.9892769514324585e-60,0.4930562089000385,9.84765574362256e-82,0.3988371545586704,1.03402612274211e-72,0.2757271758782578,0.2542231705122142,64.94448225381298,0.1847319095100356,0.18411287527276143,1.9892769514221368e-60,0.4298045015004329,0.4930562089000385,0.3988371545586704
PABZ FP Equity_DX_ACTIVE_AVAIL_SUPPLY_MV,4,1319,0.09189384003371545,0.0008338354503633584,0.09377241343572383,0.0006498260208551159,0.07663609080198135,0.0006577792492071115,0.008324766911746884,922.6806338564521,66.04399207679413,0.008444477836141995,0.007691588297672802,0.0008338354503635528,0.09189384003371545,0.09377241343572383,0.07663609080198135
