feature,lag,n_pairs,pearson_r,pearson_p,spearman_rho,spearman_p,kendall_tau,kendall_p,mutual_info,ols_slope,ols_intercept,ols_r2,ols_adj_r2,ols_slope_p,abs_pearson,abs_spearman,abs_kendall
PALAT FP Equity_DX_ACTIVE_AVAILABILITY_VALUE,4,1610,0.008332001040770087,0.7383297105205836,-0.0028177544754644547,0.9100509607822573,-0.002264412596210203,0.9113867319805256,0.0014942077904169793,8.921086885605092e-05,18.99772073220922,6.942224134331987e-05,-0.0005524251328847818,0.7383297105205744,0.008332001040770087,0.0028177544754644547,0.002264412596210203
PALAT FP Equity_DX_ACTIVE_AVAIL_SUPPLY_QTY,4,1610,0.007765306019164062,0.7555390538760963,-0.002844322230021406,0.9092065080984268,-0.002337227270720979,0.9085966856292389,0.0021158679309157824,0.0015580752778316216,18.997813976483727,6.029997757150962e-05,-0.0005615530697060667,0.7555390538760782,0.007765306019164062,0.002844322230021406,0.002337227270720979
PALAT FP Equity_DX_ACTIVE_AVAIL_SUPPLY_MV,4,1610,-0.0030149013170616473,0.9037871554783025,-0.011022971611545909,0.6585148971755365,-0.0090035717709323,0.6583754479667004,0.00020703933747312497,-32.52740832812313,18.999274083281527,9.08962995171958e-06,-0.0006127952645569312,0.9037871554783936,0.0030149013170616473,0.011022971611545909,0.0090035717709323
