feature,lag,n_pairs,pearson_r,pearson_p,spearman_rho,spearman_p,kendall_tau,kendall_p,mutual_info,ols_slope,ols_intercept,ols_r2,ols_adj_r2,ols_slope_p,abs_pearson,abs_spearman,abs_kendall
SOLVA FP Equity_DX_ACTIVE_AVAIL_SUPPLY_MV,4,853,0.035649781418346405,0.2983412332839902,0.0399304377689341,0.24403138352154824,0.032623825949432035,0.24380407624700418,1.3322676295501878e-15,310.9988849765256,8.265022300469484,0.00127090691517584,9.731221119835265e-05,0.298341233283991,0.035649781418346405,0.0399304377689341,0.032623825949432035
SOLVA FP Equity_DX_ACTIVE_AVAIL_SUPPLY_QTY,4,853,0.0356497814183464,0.2983412332839902,0.0399304377689341,0.24403138352154824,0.032623825949432035,0.24380407624700418,1.3322676295501878e-15,0.003455543166405818,8.265022300469477,0.0012709069151759511,9.731221119846367e-05,0.29834123328399187,0.0356497814183464,0.0399304377689341,0.032623825949432035
SOLVA FP Equity_DX_ACTIVE_AVAILABILITY_VALUE,4,853,0.0356497814183464,0.2983412332839902,0.0399304377689341,0.24403138352154824,0.032623825949432035,0.24380407624700418,1.3322676295501878e-15,0.000259152779841446,8.265022300469477,0.0012709069151759511,9.731221119846367e-05,0.2983412332839902,0.0356497814183464,0.0399304377689341,0.032623825949432035
