feature,lag,n_pairs,pearson_r,pearson_p,spearman_rho,spearman_p,kendall_tau,kendall_p,mutual_info,ols_slope,ols_intercept,ols_r2,ols_adj_r2,ols_slope_p,abs_pearson,abs_spearman,abs_kendall
SPEUS FP Equity_DX_ACTIVE_AVAIL_SUPPLY_QTY,4,557,-0.183616921753689,1.295222257974141e-05,-0.20148222626758072,1.6372039695079994e-06,-0.16465979859825264,2.0253247245311513e-06,0.34108679809694276,-0.0009400275026618469,13.46350479302831,0.033715173954300126,0.03197412021367729,1.2952222579744282e-05,0.183616921753689,0.20148222626758072,0.16465979859825264
SPEUS FP Equity_DX_ACTIVE_AVAIL_SUPPLY_MV,4,557,-0.183616921753689,1.295222257974141e-05,-0.20148222626758072,1.6372039695079994e-06,-0.16465979859825264,2.0253247245311513e-06,0.34108679809694276,-88.92660175181092,13.463504793028317,0.03371517395430035,0.031974120213677515,1.2952222579743513e-05,0.183616921753689,0.20148222626758072,0.16465979859825264
SPEUS FP Equity_DX_ACTIVE_AVAILABILITY_VALUE,4,557,-0.18059766803607816,1.8029679601882067e-05,-0.190921771089494,5.689860892577769e-06,-0.11958834248434773,0.0003119290347976918,0.515274512074497,-7.158499480449755e-05,13.460856822510149,0.03261551770006965,0.03087248259682651,1.8029679601878167e-05,0.18059766803607816,0.190921771089494,0.11958834248434773
