feature,lag,n_pairs,pearson_r,pearson_p,spearman_rho,spearman_p,kendall_tau,kendall_p,mutual_info,ols_slope,ols_intercept,ols_r2,ols_adj_r2,ols_slope_p,abs_pearson,abs_spearman,abs_kendall
TELE FP Equity_DX_DSS,4,4854,-0.37307882236953627,3.753243718371173e-160,-0.4100013158753986,3.4427965098142873e-196,-0.32686860921828903,1.3271679733844928e-176,0.15029149252250584,-4.299401094871953,33.351306174752004,0.13918780770063977,0.13901039381104785,3.7532437184363133e-160,0.37307882236953627,0.4100013158753986,0.32686860921828903
