feature,lag,n_pairs,pearson_r,pearson_p,spearman_rho,spearman_p,kendall_tau,kendall_p,mutual_info,ols_slope,ols_intercept,ols_r2,ols_adj_r2,ols_slope_p,abs_pearson,abs_spearman,abs_kendall
TNO FP Equity_DX_DSS,4,4686,-0.1443639367266322,3.028285657493249e-23,-0.18095447473757784,8.786765997986669e-36,-0.1477716098209899,3.1195160941121873e-35,0.0330850755698906,-27.562858221737617,46.96545081433223,0.020840946227210777,0.020631902876704244,3.0282856574975627e-23,0.1443639367266322,0.18095447473757784,0.1477716098209899
