feature,lag,n_pairs,pearson_r,pearson_p,spearman_rho,spearman_p,kendall_tau,kendall_p,mutual_info,ols_slope,ols_intercept,ols_r2,ols_adj_r2,ols_slope_p,abs_pearson,abs_spearman,abs_kendall
USHY FP Equity_DX_DSS,4,2254,0.24327275565104797,1.0092981189672551e-31,0.18893438255827805,1.475928457996145e-19,0.15405011666709045,3.171799936914019e-19,0.0421566406642544,8.847868205567472,89.45440500283675,0.05918163364205442,0.05876386349713514,1.0092981189557404e-31,0.24327275565104797,0.18893438255827805,0.15405011666709045
