feature,lag,n_pairs,pearson_r,pearson_p,spearman_rho,spearman_p,kendall_tau,kendall_p,mutual_info,ols_slope,ols_intercept,ols_r2,ols_adj_r2,ols_slope_p,abs_pearson,abs_spearman,abs_kendall
UTI FP Equity_DX_DSS,4,4855,-0.08447477832141763,3.745849418596425e-09,-0.07495920564320586,1.704225626221598e-07,-0.060173352091101875,2.1334343278632523e-07,0.13166632077124074,-2.7424740620273056,44.45605820622408,0.007135988172452423,0.006931400492290241,3.745849418599347e-09,0.08447477832141763,0.07495920564320586,0.060173352091101875
