feature,lag,n_pairs,pearson_r,pearson_p,spearman_rho,spearman_p,kendall_tau,kendall_p,mutual_info,ols_slope,ols_intercept,ols_r2,ols_adj_r2,ols_slope_p,abs_pearson,abs_spearman,abs_kendall
3CAC FP Equity_DX_ACTIVE_AVAIL_SUPPLY_QTY,0,524,-0.027584618542719066,0.5286600896989548,-0.027651491471712746,0.5276608794562013,-0.022546318169593425,0.5259592832308402,0.0,-0.004550472843902932,52.799058321345186,0.0007609111801473167,-0.0011533399478600437,0.5286600896989211,0.027584618542719066,0.027651491471712746,0.022546318169593425
3CAC FP Equity_DX_ACTIVE_AVAILABILITY_VALUE,0,524,-0.016676868948256606,0.7033028308980555,-0.02672842272611723,0.5415376059863467,-0.021369798593208925,0.5468939396898167,0.0,-5.242299085412463e-05,52.78745424240649,0.00027811795791710114,-0.0016370580613205288,0.7033028308980462,0.016676868948256606,0.02672842272611723,0.021369798593208925
3CAC FP Equity_DX_ACTIVE_AVAIL_SUPPLY_MV,0,524,0.006808293455845897,0.8764440418102138,0.02869947901063173,0.5121283553753615,0.02333753231685705,0.5125971899112525,0.007267143987221614,18.35100421834487,52.76374677327961,4.635285978082937e-05,-0.0018692671538977912,0.8764440418102255,0.006808293455845897,0.02869947901063173,0.02333753231685705
