feature,lag,n_pairs,pearson_r,pearson_p,spearman_rho,spearman_p,kendall_tau,kendall_p,mutual_info,ols_slope,ols_intercept,ols_r2,ols_adj_r2,ols_slope_p,abs_pearson,abs_spearman,abs_kendall
3CAS FP Equity_DX_ACTIVE_AVAILABILITY_VALUE,0,528,-0.21927268728231575,3.606829061902482e-07,-0.12454675365229874,0.004153639878232718,-0.10133871222389064,0.004221957778566747,0.008156172232532954,-0.0005895172936961417,41.641935098006826,0.048080511388008396,0.04627077851992467,3.606829061902007e-07,0.21927268728231575,0.12454675365229874,0.10133871222389064
3CAS FP Equity_DX_ACTIVE_AVAIL_SUPPLY_QTY,0,528,-0.2157493184401199,5.590436232446243e-07,-0.12459549610694637,0.00413882914786242,-0.10170471993640302,0.00412457164961581,0.007141434939120117,-0.021179116362180797,41.634872481391454,0.0465477684073764,0.04473512157925352,5.59043623244577e-07,0.2157493184401199,0.12459549610694637,0.10170471993640302
3CAS FP Equity_DX_ACTIVE_AVAIL_SUPPLY_MV,0,528,-0.19917507498567294,3.985485965296797e-06,-0.10850290545163312,0.01260754111404557,-0.0887180572708173,0.012534579227297055,0.006236943929381011,-555.4308488225118,41.617155765719346,0.0396707104955486,0.037844989412840424,3.985485965296664e-06,0.19917507498567294,0.10850290545163312,0.0887180572708173
