feature,lag,n_pairs,pearson_r,pearson_p,spearman_rho,spearman_p,kendall_tau,kendall_p,mutual_info,ols_slope,ols_intercept,ols_r2,ols_adj_r2,ols_slope_p,abs_pearson,abs_spearman,abs_kendall
AAA FP Equity_DX_ACTIVE_AVAILABILITY_VALUE,0,2165,0.23527838003850662,1.294164115264872e-28,-0.1507247528541669,1.7967356331132473e-12,-0.11974239203815946,2.9660338332843595e-12,0.4105840105640517,7.094093018820331e-06,9.214421413310186,0.055355916113544845,0.05491918745710167,1.2941641152650778e-28,0.23527838003850662,0.1507247528541669,0.11974239203815946
AAA FP Equity_DX_ACTIVE_AVAIL_SUPPLY_MV,0,2165,0.23481065151156089,1.6678278527912026e-28,-0.15067150462168896,1.829553283139016e-12,-0.12034673774229165,2.351384139799671e-12,0.3827047472137095,7.085023706432091,9.216567135561483,0.055136042063284596,0.054699211754483446,1.6678278527938565e-28,0.23481065151156089,0.15067150462168896,0.12034673774229165
AAA FP Equity_DX_ACTIVE_AVAIL_SUPPLY_QTY,0,2165,0.20084864012637216,3.861174834960319e-21,-0.15353713497840646,6.844027842337438e-13,-0.12451384829299658,5.835548038341417e-13,0.34866037018074447,0.00029308412640867323,9.340542562536005,0.04034017624061392,0.03989650549453927,3.86117483496578e-21,0.20084864012637216,0.15353713497840646,0.12451384829299658
