feature,lag,n_pairs,pearson_r,pearson_p,spearman_rho,spearman_p,kendall_tau,kendall_p,mutual_info,ols_slope,ols_intercept,ols_r2,ols_adj_r2,ols_slope_p,abs_pearson,abs_spearman,abs_kendall
AINJ FP Equity_DX_ACTIVE_AVAIL_SUPPLY_QTY,0,292,-0.10203803048715018,0.08173726750967963,0.06044772531456985,0.3032718794314526,0.054282295747840194,0.24171725110356101,0.1318792746032349,-0.0005472146883129388,15.451240415038878,0.010411759665696407,0.006999386423164444,0.08173726750968151,0.10203803048715018,0.06044772531456985,0.054282295747840194
AINJ FP Equity_DX_ACTIVE_AVAILABILITY_VALUE,0,292,0.08386371847945599,0.15287887545142764,0.08719775730658083,0.13715287926675646,0.07450217793551792,0.10691030894052744,0.16456732365878857,3.484251651706751e-05,15.098095738976667,0.007033123277201625,0.003609099564364504,0.1528788754514259,0.08386371847945599,0.08719775730658083,0.07450217793551792
AINJ FP Equity_DX_ACTIVE_AVAIL_SUPPLY_MV,0,292,0.08004875088652678,0.17250570945760388,-0.010849961064066415,0.8535314904618825,-0.008985473784327002,0.8480931082666389,0.09392872153728637,31.177837122515264,15.108146208612332,0.006407802518493266,0.0029816225271778185,0.17250570945760516,0.08004875088652678,0.010849961064066415,0.008985473784327002
