feature,lag,n_pairs,pearson_r,pearson_p,spearman_rho,spearman_p,kendall_tau,kendall_p,mutual_info,ols_slope,ols_intercept,ols_r2,ols_adj_r2,ols_slope_p,abs_pearson,abs_spearman,abs_kendall
ALAQU FP Equity_DX_ACTIVE_AVAIL_SUPPLY_QTY,0,3432,-0.05755554309393706,0.0007425670760768357,-0.053483840698647096,0.0017222911238148639,-0.043807725843420846,0.0017314620860624259,0.026695398884085675,-0.012986885245901247,5.097438524590165,0.0033126405408373527,0.0030220611357471006,0.0007425670760771099,0.05755554309393706,0.053483840698647096,0.043807725843420846
ALAQU FP Equity_DX_ACTIVE_AVAILABILITY_VALUE,0,3432,-0.05748592467513282,0.0007536668798951205,-0.05347269178488832,0.0017261358463439719,-0.04356939972486374,0.0018153955956125088,0.02832100593481668,-0.0034139878178703273,5.09743013343736,0.0033046315357554423,0.0030140497956783197,0.0007536668798947868,0.05748592467513282,0.05347269178488832,0.04356939972486374
