feature,lag,n_pairs,pearson_r,pearson_p,spearman_rho,spearman_p,kendall_tau,kendall_p,mutual_info,ols_slope,ols_intercept,ols_r2,ols_adj_r2,ols_slope_p,abs_pearson,abs_spearman,abs_kendall
ALARF FP Equity_DX_ACTIVE_AVAIL_SUPPLY_QTY,0,2032,-0.3303603758010527,6.095719661856743e-53,-0.7731958744270745,0.0,-0.5577737326508362,4.212744564093212e-243,1.138139761526727,-0.0001239656191978762,3.690518155441335,0.10913797789941271,0.1086991296126637,6.095719661858332e-53,0.3303603758010527,0.7731958744270745,0.5577737326508362
ALARF FP Equity_DX_ACTIVE_AVAILABILITY_VALUE,0,2032,-0.23352995876386562,1.4312841092178593e-26,-0.7487842006786536,0.0,-0.4548277191391439,2.3688178673327298e-167,2.0394426062725524,-4.947253959520172e-05,3.5022199318606493,0.054536241640252614,0.05407049594647939,1.4312841092185673e-26,0.23352995876386562,0.7487842006786536,0.4548277191391439
ALARF FP Equity_DX_ACTIVE_AVAIL_SUPPLY_MV,0,2032,-0.0571052453500233,0.010032971332235756,-0.3061739371195822,2.3470691441259788e-45,-0.21818768006138722,4.23759571824005e-35,0.5286493454804126,-2.834826998016889,3.2642780539628693,0.003261009046486185,0.002770004617445143,0.010032971332236226,0.0571052453500233,0.3061739371195822,0.21818768006138722
