feature,lag,n_pairs,pearson_r,pearson_p,spearman_rho,spearman_p,kendall_tau,kendall_p,mutual_info,ols_slope,ols_intercept,ols_r2,ols_adj_r2,ols_slope_p,abs_pearson,abs_spearman,abs_kendall
ALAUD FP Equity_DX_ACTIVE_AVAIL_SUPPLY_QTY,0,999,-0.33460348921362076,1.4733607227491762e-27,-0.39870337328406225,2.0870677239809173e-39,-0.32450875477558816,1.946397544876581e-37,0.21891253284226986,-0.030573523958020786,4.8443908879400555,0.11195949499392932,0.11106878235099449,1.4733607227507335e-27,0.33460348921362076,0.39870337328406225,0.32450875477558816
ALAUD FP Equity_DX_ACTIVE_AVAILABILITY_VALUE,0,999,-0.2649341087156509,1.6529581524714726e-17,-0.3951024319205713,1.1428517626060282e-38,-0.31477326459477606,1.6011347269665178e-35,0.2635833617697523,-0.0059725434841986225,4.816456225739438,0.07019008196095577,0.06925747421969297,1.6529581524719808e-17,0.2649341087156509,0.3951024319205713,0.31477326459477606
