feature,lag,n_pairs,pearson_r,pearson_p,spearman_rho,spearman_p,kendall_tau,kendall_p,mutual_info,ols_slope,ols_intercept,ols_r2,ols_adj_r2,ols_slope_p,abs_pearson,abs_spearman,abs_kendall
ALBLU FP Equity_DX_ACTIVE_AVAILABILITY_VALUE,0,2989,-0.026726222084178117,0.14406511551430934,-0.029195503485536293,0.11052413743508205,-0.023885317339541964,0.1105106365622647,0.0060774727404409035,-0.043727557053611255,4.513114792503353,0.0007142909468923486,0.00037974601584023215,0.14406511551431028,0.026726222084178117,0.029195503485536293,0.023885317339541964
ALBLU FP Equity_DX_ACTIVE_AVAIL_SUPPLY_QTY,0,2989,-0.026726222084178113,0.14406511551430934,-0.029195503485536293,0.11052413743508205,-0.023885317339541964,0.1105106365622647,0.0060774727404409035,-0.03673114792503361,4.513114792503353,0.0007142909468923486,0.00037974601584023215,0.1440651155143077,0.026726222084178113,0.029195503485536293,0.023885317339541964
