feature,lag,n_pairs,pearson_r,pearson_p,spearman_rho,spearman_p,kendall_tau,kendall_p,mutual_info,ols_slope,ols_intercept,ols_r2,ols_adj_r2,ols_slope_p,abs_pearson,abs_spearman,abs_kendall
ALCOF FP Equity_DX_ACTIVE_AVAILABILITY_VALUE,0,4476,-0.33675285610561245,4.0992294573253314e-119,-0.5617220516916905,0.0,-0.43013986405648913,5.280678569729331e-295,0.5921680394446658,-0.025200241673987506,154.02440636497562,0.11340248609528758,0.11320431946276543,4.0992294573436777e-119,0.33675285610561245,0.5617220516916905,0.43013986405648913
ALCOF FP Equity_DX_ACTIVE_AVAIL_SUPPLY_QTY,0,4476,-0.33339953437741315,1.1923262513189004e-116,-0.5651494587295006,0.0,-0.4441430129975664,2.8581482096939924e-305,0.32133402739942873,-0.013155105194473722,153.56366452124053,0.11115524952307632,0.11095658060254066,1.1923262513202017e-116,0.33339953437741315,0.5651494587295006,0.4441430129975664
ALCOF FP Equity_DX_ACTIVE_AVAIL_SUPPLY_MV,0,4476,-0.30125526900992117,1.4661174963991526e-94,-0.39368791651992974,7.424060647070397e-166,-0.304900655646732,3.2245911797661553e-142,0.29631084380014094,-7249.628151345893,149.42073752847443,0.09075473710624271,0.0905515083930345,1.4661174964041588e-94,0.30125526900992117,0.39368791651992974,0.304900655646732
