feature,lag,n_pairs,pearson_r,pearson_p,spearman_rho,spearman_p,kendall_tau,kendall_p,mutual_info,ols_slope,ols_intercept,ols_r2,ols_adj_r2,ols_slope_p,abs_pearson,abs_spearman,abs_kendall
ALDBL FP Equity_DX_ACTIVE_AVAIL_SUPPLY_QTY,0,4679,0.33917482186498304,2.6135957682390243e-126,0.246975478060938,5.684820131774651e-66,0.20291562064109708,6.2185830144961055e-65,0.10383970400845044,0.00019416772558764615,3.965226107038224,0.1150395597871452,0.11485034438406361,2.6135957682520116e-126,0.33917482186498304,0.246975478060938,0.20291562064109708
ALDBL FP Equity_DX_ACTIVE_AVAILABILITY_VALUE,0,4679,0.3363904156763536,3.7778180320116174e-124,0.24698220024455012,5.637851823103295e-66,0.2030370718038746,4.5334995405549885e-65,0.12083243574017821,3.052989474910357e-05,3.9664602711464636,0.11315851175891078,0.11296889416467504,3.7778180319916363e-124,0.3363904156763536,0.24698220024455012,0.2030370718038746
ALDBL FP Equity_DX_ACTIVE_AVAIL_SUPPLY_MV,0,4679,0.33551273934141823,1.7925779154487756e-123,0.246976170860768,5.679961533337273e-66,0.20300538510817467,6.004174446034949e-65,0.1008970825387514,29.11217931856129,3.9667198916807336,0.1125687982603818,0.11237905457816255,1.7925779154726453e-123,0.33551273934141823,0.246976170860768,0.20300538510817467
