feature,lag,n_pairs,pearson_r,pearson_p,spearman_rho,spearman_p,kendall_tau,kendall_p,mutual_info,ols_slope,ols_intercept,ols_r2,ols_adj_r2,ols_slope_p,abs_pearson,abs_spearman,abs_kendall
ALDEV FP Equity_DX_ACTIVE_AVAIL_SUPPLY_QTY,0,1536,-0.25188500752008247,1.1730898604790798e-23,-0.5551863687294287,6.510450482737658e-125,-0.46439367306483903,6.658293110247384e-105,0.47115478815196976,-0.008958369769279703,48.350896898575165,0.06344605701339179,0.06283552641170564,1.173089860479112e-23,0.25188500752008247,0.5551863687294287,0.46439367306483903
ALDEV FP Equity_DX_ACTIVE_AVAILABILITY_VALUE,0,1536,-0.23293507187012352,2.2610240313789605e-20,-0.5157008214382212,4.060302137732126e-105,-0.409311109723642,1.858089367463053e-90,0.4805569153539042,-0.00010468349937015327,47.44517332043019,0.0542587477071399,0.05364222798595819,2.2610240313785076e-20,0.23293507187012352,0.5157008214382212,0.409311109723642
ALDEV FP Equity_DX_ACTIVE_AVAIL_SUPPLY_MV,0,1536,-0.2314594884098811,3.965250368356265e-20,-0.5317421780438929,7.620391426017852e-113,-0.4255025788666169,1.140400810822108e-97,0.5567794772713137,-100.96035035769799,47.56976625595827,0.05357349477496465,0.052956528343918396,3.965250368359577e-20,0.2314594884098811,0.5317421780438929,0.4255025788666169
