feature,lag,n_pairs,pearson_r,pearson_p,spearman_rho,spearman_p,kendall_tau,kendall_p,mutual_info,ols_slope,ols_intercept,ols_r2,ols_adj_r2,ols_slope_p,abs_pearson,abs_spearman,abs_kendall
ALERO FP Equity_DX_ACTIVE_AVAILABILITY_VALUE,0,2189,-0.041293092778986996,0.05339778161977013,-0.06440711074514147,0.0025714141451096636,-0.049631852434068584,0.004272825094584073,0.15848578243143274,-3.847171038878344e-05,3.492549541865299,0.0017051195112530726,0.0012486518018389736,0.05339778161976976,0.041293092778986996,0.06440711074514147,0.049631852434068584
ALERO FP Equity_DX_ACTIVE_AVAIL_SUPPLY_QTY,0,2189,-0.040819691163896644,0.05619431169785143,-0.06502390662288346,0.0023365620779043517,-0.05303631064959164,0.002405584741559065,0.10318342682809867,-4.150557482344738e-05,3.4919333654951807,0.001666247186715486,0.0012097617030332186,0.056194311697849914,0.040819691163896644,0.06502390662288346,0.05303631064959164
ALERO FP Equity_DX_ACTIVE_AVAIL_SUPPLY_MV,0,2189,-0.0391899171824414,0.06676900018639328,-0.12220173783070236,9.71308468799961e-09,-0.10016853458673847,1.0898693620755075e-08,0.009074024201440656,-29.046857888854046,3.4903847266443186,0.001535849608765738,0.0010793045011338043,0.06676900018639444,0.0391899171824414,0.12220173783070236,0.10016853458673847
