feature,lag,n_pairs,pearson_r,pearson_p,spearman_rho,spearman_p,kendall_tau,kendall_p,mutual_info,ols_slope,ols_intercept,ols_r2,ols_adj_r2,ols_slope_p,abs_pearson,abs_spearman,abs_kendall
ALEXA FP Equity_DX_ACTIVE_AVAIL_SUPPLY_QTY,0,4089,-0.6008983094549694,0.0,-0.3969887539314276,1.9658822592249385e-154,-0.2637169459089365,7.409401080224275e-109,0.804498789328767,-0.012358821540448555,110.97175606083431,0.36107877830583957,0.3609224481806391,0.0,0.6008983094549694,0.3969887539314276,0.2637169459089365
ALEXA FP Equity_DX_ACTIVE_AVAILABILITY_VALUE,0,4089,-0.5336393737522175,8.458887949384389e-300,-0.39004067939365356,1.1055032863464165e-148,-0.23953936194254108,1.5594511600922062e-93,1.509062328046999,-0.0001652142715744944,109.01173476446006,0.28477098121865896,0.2845959802353505,8.458887949450403e-300,0.5336393737522175,0.39004067939365356,0.23953936194254108
ALEXA FP Equity_DX_ACTIVE_AVAIL_SUPPLY_MV,0,4089,-0.529540763394387,2.0953814957340363e-294,-0.41041703596838763,6.063561843036646e-166,-0.2705263079911216,1.7938570792998242e-114,0.999280766673178,-151.78749205175953,108.83965902026891,0.2804134200963103,0.28023735291258045,2.0953814957057323e-294,0.529540763394387,0.41041703596838763,0.2705263079911216
