feature,lag,n_pairs,pearson_r,pearson_p,spearman_rho,spearman_p,kendall_tau,kendall_p,mutual_info,ols_slope,ols_intercept,ols_r2,ols_adj_r2,ols_slope_p,abs_pearson,abs_spearman,abs_kendall
ALHGO FP Equity_DX_ACTIVE_AVAIL_SUPPLY_QTY,0,1132,-0.28320697035460374,2.5353056516558087e-22,-0.49944644788516246,1.8459531839386785e-72,-0.3731261073979963,4.6928648981477847e-63,1.1634758216237215,-4.907566474614069e-05,48.82131783333666,0.08020618805743274,0.07939221123270479,2.5353056516600757e-22,0.28320697035460374,0.49944644788516246,0.3731261073979963
ALHGO FP Equity_DX_ACTIVE_AVAIL_SUPPLY_MV,0,1132,-0.22780666278261347,8.603032440562183e-15,-0.21147244902453768,6.544761390719439e-13,-0.09314948923663621,1.1508241927248475e-05,2.104467094922339,-0.8540226431864082,48.264030968443436,0.05189587560815201,0.051056845409575224,8.603032440567938e-15,0.22780666278261347,0.21147244902453768,0.09314948923663621
ALHGO FP Equity_DX_ACTIVE_AVAILABILITY_VALUE,0,1132,-0.22695303197337388,1.0881229875159942e-14,-0.20921875321045524,1.158219338208886e-12,-0.08289505228777518,9.415651451859606e-05,2.53412159767969,-8.512242915490207e-07,48.2552580640001,0.051507678721906314,0.05066830498626196,1.0881229875134935e-14,0.22695303197337388,0.20921875321045524,0.08289505228777518
