feature,lag,n_pairs,pearson_r,pearson_p,spearman_rho,spearman_p,kendall_tau,kendall_p,mutual_info,ols_slope,ols_intercept,ols_r2,ols_adj_r2,ols_slope_p,abs_pearson,abs_spearman,abs_kendall
ALI2S FP Equity_DX_ACTIVE_AVAIL_SUPPLY_QTY,0,2878,-0.060800386495866755,0.0011009945754445777,-0.055893357790120106,0.002703761200705127,-0.04576293453220773,0.0027176688807215863,0.011347448056406861,-4.271081739130369,4.271081739130437,0.0036966869980470385,0.0033502672091034746,0.001100994575444569,0.060800386495866755,0.055893357790120106,0.04576293453220773
ALI2S FP Equity_DX_ACTIVE_AVAILABILITY_VALUE,0,2878,-0.060800386495866755,0.0011009945754445777,-0.055893357790120106,0.002703761200705127,-0.04576293453220773,0.0027176688807215863,0.011347448056406861,-1.5474933837428997,4.271081739130443,0.0036966869980465944,0.0033502672091030306,0.001100994575444554,0.060800386495866755,0.055893357790120106,0.04576293453220773
