feature,lag,n_pairs,pearson_r,pearson_p,spearman_rho,spearman_p,kendall_tau,kendall_p,mutual_info,ols_slope,ols_intercept,ols_r2,ols_adj_r2,ols_slope_p,abs_pearson,abs_spearman,abs_kendall
ALIMR FP Equity_DX_ACTIVE_AVAILABILITY_VALUE,0,1565,0.04650416502101734,0.06588082672848605,0.2115297208213145,2.7358724361803403e-17,0.19510506593150698,1.9541372914429066e-22,0.7027419470559384,0.00021344411183951361,3.089429647908649,0.0021626373643018892,0.001524225743933516,0.06588082672849496,0.04650416502101734,0.2115297208213145,0.19510506593150698
ALIMR FP Equity_DX_ACTIVE_AVAIL_SUPPLY_QTY,0,1565,0.03941985664781675,0.11904074893980734,0.21341971680653551,1.4055814104984908e-17,0.17489072393297642,3.1678587347791876e-17,0.25068523468926696,0.0007013240652160431,3.0954977711738434,0.0015539250981341235,0.0009151240265398153,0.11904074893981578,0.03941985664781675,0.21341971680653551,0.17489072393297642
