feature,lag,n_pairs,pearson_r,pearson_p,spearman_rho,spearman_p,kendall_tau,kendall_p,mutual_info,ols_slope,ols_intercept,ols_r2,ols_adj_r2,ols_slope_p,abs_pearson,abs_spearman,abs_kendall
ALMAR FP Equity_DX_ACTIVE_AVAIL_SUPPLY_QTY,0,1487,-0.876912601718757,0.0,-0.8827937014980537,0.0,-0.7309989200350181,1.0254685302687216e-290,0.920178046763547,-0.0010694127813538905,3.205494928412117,0.7689757110531594,0.7688201391414107,0.0,0.876912601718757,0.8827937014980537,0.7309989200350181
ALMAR FP Equity_DX_ACTIVE_AVAILABILITY_VALUE,0,1487,-0.3023755094805419,8.191654888092104e-33,-0.6464200125736974,1.0929617523961675e-176,-0.28653961917914883,4.797092605653809e-53,2.7437569311284986,-0.0002631214119113434,2.346503059143821,0.09143094873361779,0.09081911772266404,8.19165488810046e-33,0.3023755094805419,0.6464200125736974,0.28653961917914883
ALMAR FP Equity_DX_ACTIVE_AVAIL_SUPPLY_MV,0,1487,0.06541927973434701,0.011627357783424405,0.012428534799560343,0.6320239059542978,0.010177660589187666,0.6318650047725126,0.03606000372303009,60.122489475427706,2.0546371742112486,0.004279682160960863,0.0036091634284094454,0.011627357783423765,0.06541927973434701,0.012428534799560343,0.010177660589187666
