feature,lag,n_pairs,pearson_r,pearson_p,spearman_rho,spearman_p,kendall_tau,kendall_p,mutual_info,ols_slope,ols_intercept,ols_r2,ols_adj_r2,ols_slope_p,abs_pearson,abs_spearman,abs_kendall
ALMET FP Equity_DX_ACTIVE_AVAILABILITY_VALUE,0,2647,-0.03907854752314963,0.044391981825084664,-0.0450483977366679,0.020461438596748645,-0.036906724715109765,0.020464777064852384,0.006002569063226604,-0.002584927013679542,4.829563073362916,0.0015271328765193992,0.0011496384087978928,0.04439198182508215,0.03907854752314963,0.0450483977366679,0.036906724715109765
ALMET FP Equity_DX_ACTIVE_AVAIL_SUPPLY_QTY,0,2647,-0.03890807731514428,0.04532839443629321,-0.0450483977366679,0.020461438596748645,-0.036906724715109765,0.020464777064852384,0.006002569063226604,-0.00525590668096833,4.829550674226173,0.0015138384803611293,0.0011363389864028628,0.045328394436296736,0.03890807731514428,0.0450483977366679,0.036906724715109765
