feature,lag,n_pairs,pearson_r,pearson_p,spearman_rho,spearman_p,kendall_tau,kendall_p,mutual_info,ols_slope,ols_intercept,ols_r2,ols_adj_r2,ols_slope_p,abs_pearson,abs_spearman,abs_kendall
ALNSC FP Equity_DX_ACTIVE_AVAIL_SUPPLY_QTY,0,2956,-0.7953150182824416,0.0,-0.6155231745988405,8.110276139547796e-308,-0.503835853300306,1.4028535304390777e-244,0.3668532393802151,-0.0037798794933656065,60.87649589286297,0.6325259783056025,0.632401579516945,0.0,0.7953150182824416,0.6155231745988405,0.503835853300306
ALNSC FP Equity_DX_ACTIVE_AVAIL_SUPPLY_MV,0,2956,-0.7952610865573029,0.0,-0.6154205988806645,1.0951929232674477e-307,-0.5035145380093117,2.044273512477949e-244,0.3679252780235207,-52.41072209931697,60.87560549600135,0.6324401957923023,0.6323157679642022,0.0,0.7952610865573029,0.6154205988806645,0.5035145380093117
ALNSC FP Equity_DX_ACTIVE_AVAILABILITY_VALUE,0,2956,-0.7500131305594144,0.0,-0.6062031083346923,3.70060729265767e-296,-0.47708820230661064,3.7998967761438644e-237,0.5613240607295875,-9.850762921865827e-05,60.10350913274786,0.5625196960115338,0.5623715984137043,0.0,0.7500131305594144,0.6062031083346923,0.47708820230661064
