feature,lag,n_pairs,pearson_r,pearson_p,spearman_rho,spearman_p,kendall_tau,kendall_p,mutual_info,ols_slope,ols_intercept,ols_r2,ols_adj_r2,ols_slope_p,abs_pearson,abs_spearman,abs_kendall
ALOBR FP Equity_DX_ACTIVE_AVAIL_SUPPLY_QTY,0,4474,-0.12799730844298313,8.365792842048322e-18,-0.152212121683993,1.339479033863101e-24,-0.12401923182140041,2.9294916211555685e-24,0.04071453630519195,-0.002141822165015862,11.578838581122838,0.016383310968648868,0.0161633609040176,8.36579284204155e-18,0.12799730844298313,0.152212121683993,0.12401923182140041
ALOBR FP Equity_DX_ACTIVE_AVAILABILITY_VALUE,0,4474,-0.12683000423974497,1.6596219866039176e-17,-0.15214290905007619,1.4062767942046424e-24,-0.12338946197136197,4.344265017235547e-24,0.053131513497334026,-0.0002988061708263073,11.57813378563373,0.016085849975454147,0.01586583339450065,1.6596219866087737e-17,0.12683000423974497,0.15214290905007619,0.12338946197136197
ALOBR FP Equity_DX_ACTIVE_AVAIL_SUPPLY_MV,0,4474,-0.11983635590669134,8.811997982357922e-16,-0.1517722988382143,1.8242011829791963e-24,-0.12369647540285668,4.030302171830206e-24,0.03708178411315388,-228.71323243872232,11.572582304970638,0.014360752196998505,0.014140349860727763,8.811997982377695e-16,0.11983635590669134,0.1517722988382143,0.12369647540285668
