feature,lag,n_pairs,pearson_r,pearson_p,spearman_rho,spearman_p,kendall_tau,kendall_p,mutual_info,ols_slope,ols_intercept,ols_r2,ols_adj_r2,ols_slope_p,abs_pearson,abs_spearman,abs_kendall
ALOSM FP Equity_DX_ACTIVE_AVAIL_SUPPLY_MV,0,1835,0.13077803160687435,1.8824587455185307e-08,0.09441204496072636,5.1083438679835755e-05,0.07739882736211472,5.1290646676305724e-05,0.06585352193058758,91.36487605183385,8.6088630891387,0.0171028935509685,0.016566670361416347,1.8824587455163162e-08,0.13077803160687435,0.09441204496072636,0.07739882736211472
ALOSM FP Equity_DX_ACTIVE_AVAILABILITY_VALUE,0,1835,0.13009618539703685,2.233030325366778e-08,0.11374733122974671,1.033632183106891e-06,0.09567295008197226,3.6119549631875496e-07,0.24169499630147095,9.06540557677578e-05,8.611531509178514,0.016925017454860636,0.016388697224339555,2.2330303253675644e-08,0.13009618539703685,0.11374733122974671,0.09567295008197226
ALOSM FP Equity_DX_ACTIVE_AVAIL_SUPPLY_QTY,0,1835,0.10714311397127861,4.229018748280343e-06,0.10798296020716233,3.5510493742051456e-06,0.08596252781673235,5.6608279176638236e-06,0.12179945284801663,0.0008407327873281461,8.61516980082529,0.011479646871461968,0.010940355898669485,4.229018748280011e-06,0.10714311397127861,0.10798296020716233,0.08596252781673235
