feature,lag,n_pairs,pearson_r,pearson_p,spearman_rho,spearman_p,kendall_tau,kendall_p,mutual_info,ols_slope,ols_intercept,ols_r2,ols_adj_r2,ols_slope_p,abs_pearson,abs_spearman,abs_kendall
ALPOU FP Equity_DX_ACTIVE_AVAIL_SUPPLY_MV,0,2422,0.029373107371399254,0.14842183554253202,0.01906142271484449,0.3484056288016274,0.01561931271835831,0.3480080713754342,0.0,64.3587586206879,5.585868620689677,0.000862779436651584,0.0004499128165841304,0.1484218355425587,0.029373107371399254,0.01906142271484449,0.01561931271835831
ALPOU FP Equity_DX_ACTIVE_AVAILABILITY_VALUE,0,2422,0.025902105830998546,0.2025580777923159,0.027040553338097902,0.18341115839051514,0.02216012556773753,0.1826783699649429,0.0,4.732072416513026e-05,5.585741904917836,0.0006709190864798709,0.0002579731852759837,0.20255807779227214,0.025902105830998546,0.027040553338097902,0.02216012556773753
ALPOU FP Equity_DX_ACTIVE_AVAIL_SUPPLY_QTY,0,2422,0.014892820833406182,0.463805567350556,0.027008658071833558,0.18392867090614654,0.022105052370279436,0.18390410496189846,0.0,0.00017132499192747445,5.5866292021700215,0.0002217961123758272,-0.0001913353768339121,0.4638055673505592,0.014892820833406182,0.027008658071833558,0.022105052370279436
