feature,lag,n_pairs,pearson_r,pearson_p,spearman_rho,spearman_p,kendall_tau,kendall_p,mutual_info,ols_slope,ols_intercept,ols_r2,ols_adj_r2,ols_slope_p,abs_pearson,abs_spearman,abs_kendall
ALSAS FP Equity_DX_ACTIVE_AVAIL_SUPPLY_QTY,0,3139,-0.005497996404111124,0.7581472618028858,-0.0032408213172606505,0.8559743962696207,-0.0026544377319107216,0.8559407126242566,0.006592369566133183,-0.012879572976417984,7.737957297641803,3.0227964459283996e-05,-0.0002885383001360875,0.7581472618028884,0.005497996404111124,0.0032408213172606505,0.0026544377319107216
ALSAS FP Equity_DX_ACTIVE_AVAILABILITY_VALUE,0,3139,-0.005497996404111124,0.7581472618028858,-0.0032408213172606505,0.8559743962696207,-0.0026544377319107216,0.8559407126242566,0.006592369566133183,-0.001996833019599683,7.737957297641801,3.0227964459172973e-05,-0.0002885383001360875,0.7581472618028862,0.005497996404111124,0.0032408213172606505,0.0026544377319107216
