feature,lag,n_pairs,pearson_r,pearson_p,spearman_rho,spearman_p,kendall_tau,kendall_p,mutual_info,ols_slope,ols_intercept,ols_r2,ols_adj_r2,ols_slope_p,abs_pearson,abs_spearman,abs_kendall
ALTOO FP Equity_DX_ACTIVE_AVAILABILITY_VALUE,0,955,-0.29419238840464706,1.6049518049950588e-20,-0.641077996952848,1.178510610935575e-111,-0.46372937104339723,6.4218915281213255e-77,0.8878742674195981,-0.005091275139653798,1.4952384833905108,0.0865491613952305,0.08559066103992641,1.604951804994598e-20,0.29419238840464706,0.641077996952848,0.46372937104339723
ALTOO FP Equity_DX_ACTIVE_AVAIL_SUPPLY_QTY,0,955,-0.27008397124618827,1.9992830091026017e-17,-0.6525997099912375,5.747737159484755e-117,-0.4981716248931306,3.671101352898161e-87,0.5669009579950322,-0.002162500859356093,1.4802373290136772,0.07294535152411197,0.07197257644701238,1.999283009101779e-17,0.27008397124618827,0.6525997099912375,0.4981716248931306
