feature,lag,n_pairs,pearson_r,pearson_p,spearman_rho,spearman_p,kendall_tau,kendall_p,mutual_info,ols_slope,ols_intercept,ols_r2,ols_adj_r2,ols_slope_p,abs_pearson,abs_spearman,abs_kendall
ALUNT FP Equity_DX_ACTIVE_AVAIL_SUPPLY_QTY,0,1750,-0.2742820244510857,1.4211343844959097e-31,-0.41332278303558867,3.58914674591519e-73,-0.3391656503243362,6.03984029187075e-67,0.16438060305042224,-0.00947536455272072,2.3790332705586974,0.07523062893698529,0.07470158467436339,1.4211343844954622e-31,0.2742820244510857,0.41332278303558867,0.3391656503243362
ALUNT FP Equity_DX_ACTIVE_AVAILABILITY_VALUE,0,1750,-0.263035164023028,4.394265340930609e-29,-0.4083615300705749,2.641189596143924e-71,-0.313564991526925,6.098653590642551e-60,0.42710370463823777,-0.006154522628194385,2.3746939215910055,0.06918749751262143,0.06865499608099246,4.3942653409302e-29,0.263035164023028,0.4083615300705749,0.313564991526925
