feature,lag,n_pairs,pearson_r,pearson_p,spearman_rho,spearman_p,kendall_tau,kendall_p,mutual_info,ols_slope,ols_intercept,ols_r2,ols_adj_r2,ols_slope_p,abs_pearson,abs_spearman,abs_kendall
ALVAP FP Equity_DX_ACTIVE_AVAIL_SUPPLY_QTY,0,1329,-0.13479410690004975,8.144197020705715e-07,-0.29612885713391374,2.6265500840626623e-28,-0.2331034096562392,2.5083646102133364e-26,0.2860725838962186,-0.030372150969808984,7.992686359338228,0.01816945125498226,0.01742956387838479,8.144197020710535e-07,0.13479410690004975,0.29612885713391374,0.2331034096562392
ALVAP FP Equity_DX_ACTIVE_AVAILABILITY_VALUE,0,1329,-0.11154629130549465,4.594159152511693e-05,-0.2956361547089,3.2521707213528535e-28,-0.22779525067150908,1.9636260328906967e-25,0.39801322548354756,-0.003770062337747837,7.976301868287296,0.012442575104010145,0.011698372070931162,4.594159152512333e-05,0.11154629130549465,0.2956361547089,0.22779525067150908
