feature,lag,n_pairs,pearson_r,pearson_p,spearman_rho,spearman_p,kendall_tau,kendall_p,mutual_info,ols_slope,ols_intercept,ols_r2,ols_adj_r2,ols_slope_p,abs_pearson,abs_spearman,abs_kendall
ARVEN FP Equity_DX_DSS,0,969,-0.5003372184957243,1.6075879248226748e-62,-0.4668051464900333,1.3452676896905937e-53,-0.3902890349770905,2.291831969247507e-48,0.29748683312224355,-4.015147159267266,6.6755526234088585,0.25033733221203813,0.24956208643356037,1.6075879248240685e-62,0.5003372184957243,0.4668051464900333,0.3902890349770905
