feature,lag,n_pairs,pearson_r,pearson_p,spearman_rho,spearman_p,kendall_tau,kendall_p,mutual_info,ols_slope,ols_intercept,ols_r2,ols_adj_r2,ols_slope_p,abs_pearson,abs_spearman,abs_kendall
BIODV FP Equity_DX_ACTIVE_AVAIL_SUPPLY_QTY,0,749,-0.4332148316899949,1.28832656983118e-35,-0.48748487251324596,5.778446766663384e-46,-0.3809460230996054,2.3296939790463274e-40,0.48043375085814244,-4.556625601036088e-06,12.849875682152934,0.18767509039619057,0.18658764071800604,1.288326569827273e-35,0.4332148316899949,0.48748487251324596,0.3809460230996054
BIODV FP Equity_DX_ACTIVE_AVAIL_SUPPLY_MV,0,749,-0.4320911664720696,2.0191964904946191e-35,-0.48006187331811756,1.9471568176839234e-44,-0.3512718762806582,4.642745856138267e-36,0.601013856098642,-0.39662996877219603,12.84858955430116,0.18670277614319364,0.18561402483950307,2.0191964904915952e-35,0.4320911664720696,0.48006187331811756,0.3512718762806582
BIODV FP Equity_DX_ACTIVE_AVAILABILITY_VALUE,0,749,-0.431910831864364,2.1698512955330362e-35,-0.4788348439158181,3.453988814213951e-44,-0.33989954852778587,6.263943169647505e-34,0.8875842145727197,-3.967644740234015e-07,12.848437699755452,0.18654696668176673,0.18545800679780655,2.169851295529321e-35,0.431910831864364,0.4788348439158181,0.33989954852778587
