feature,lag,n_pairs,pearson_r,pearson_p,spearman_rho,spearman_p,kendall_tau,kendall_p,mutual_info,ols_slope,ols_intercept,ols_r2,ols_adj_r2,ols_slope_p,abs_pearson,abs_spearman,abs_kendall
BNK FP Equity_DX_DSS,0,4858,0.11427006768881655,1.3639213263464249e-15,0.1509450322795177,3.7400166782365965e-26,0.12083541870550665,5.739192515485896e-26,0.13364901990280664,0.6735680478731904,22.579613848307307,0.013057648369606767,0.012854406534427487,1.3639213263381125e-15,0.11427006768881655,0.1509450322795177,0.12083541870550665
