feature,lag,n_pairs,pearson_r,pearson_p,spearman_rho,spearman_p,kendall_tau,kendall_p,mutual_info,ols_slope,ols_intercept,ols_r2,ols_adj_r2,ols_slope_p,abs_pearson,abs_spearman,abs_kendall
BRES FP Equity_DX_DSS,0,4848,-0.20894764856541437,5.7792323043019166e-49,-0.19131594684603434,3.441000465541017e-41,-0.1537158149788206,1.6448298979933604e-40,0.0894548409012268,-4.985111829704432,59.13923085624238,0.043659119841016114,0.04346177339442958,5.779232304287325e-49,0.20894764856541437,0.19131594684603434,0.1537158149788206
