feature,lag,n_pairs,pearson_r,pearson_p,spearman_rho,spearman_p,kendall_tau,kendall_p,mutual_info,ols_slope,ols_intercept,ols_r2,ols_adj_r2,ols_slope_p,abs_pearson,abs_spearman,abs_kendall
C40 FP Equity_DX_DSS,0,4902,-0.08027537482741284,1.822331022271443e-08,-0.08142451805719672,1.1370437176799237e-08,-0.06665198976389929,1.0692026133552094e-08,0.030623266015998407,-17.792292292389067,69.73262448903527,0.00644413580368175,0.0062413693007846716,1.822331022274328e-08,0.08027537482741284,0.08142451805719672,0.06665198976389929
