feature,lag,n_pairs,pearson_r,pearson_p,spearman_rho,spearman_p,kendall_tau,kendall_p,mutual_info,ols_slope,ols_intercept,ols_r2,ols_adj_r2,ols_slope_p,abs_pearson,abs_spearman,abs_kendall
C50 FP Equity_DX_DSS,0,4251,-0.0735904278176461,1.5616877066456952e-06,-0.09422727976080812,7.484945341630391e-10,-0.07685206407278608,8.384330612639617e-10,0.012760525338019524,-10.786435265034058,72.3044617982385,0.005415551066384139,0.005181476119588746,1.5616877066469605e-06,0.0735904278176461,0.09422727976080812,0.07685206407278608
