feature,lag,n_pairs,pearson_r,pearson_p,spearman_rho,spearman_p,kendall_tau,kendall_p,mutual_info,ols_slope,ols_intercept,ols_r2,ols_adj_r2,ols_slope_p,abs_pearson,abs_spearman,abs_kendall
CASHE FP Equity_DX_ACTIVE_AVAILABILITY_VALUE,0,39,0.02494149813096546,0.8802003845932055,0.014423974551267132,0.9305511665104056,0.011999952000287998,0.9291491837775482,0.0,3.215607815444503e-07,10.031686842105263,0.0006220783290172838,-0.026388135770198495,0.8802003845933819,0.02494149813096546,0.014423974551267132,0.011999952000287998
CASHE FP Equity_DX_ACTIVE_AVAIL_SUPPLY_QTY,0,39,0.024941498130965453,0.8802003845932055,0.014423974551267132,0.9305511665104056,0.011999952000287998,0.9291491837775482,0.0,3.2263157894755687e-06,10.031686842105271,0.0006220783290170617,-0.026388135770198717,0.8802003845931743,0.024941498130965453,0.014423974551267132,0.011999952000287998
