feature,lag,n_pairs,pearson_r,pearson_p,spearman_rho,spearman_p,kendall_tau,kendall_p,mutual_info,ols_slope,ols_intercept,ols_r2,ols_adj_r2,ols_slope_p,abs_pearson,abs_spearman,abs_kendall
CD9 FP Equity_DX_DSS,0,4210,-0.16509967894474448,4.127688357047696e-27,-0.19209636584297157,2.8011287166044842e-36,-0.1561666839862703,1.5686004943890768e-35,0.06192408542853156,-23.871209911981126,111.90021035551287,0.027257903987657928,0.027026739040887038,4.12768835706557e-27,0.16509967894474448,0.19209636584297157,0.1561666839862703
