feature,lag,n_pairs,pearson_r,pearson_p,spearman_rho,spearman_p,kendall_tau,kendall_p,mutual_info,ols_slope,ols_intercept,ols_r2,ols_adj_r2,ols_slope_p,abs_pearson,abs_spearman,abs_kendall
CMU FP Equity_DX_DSS,0,4228,-0.046846446242058325,0.002312361916464264,-0.047887878923957634,0.0018414254337458592,-0.03908658321807907,0.001853551168775126,0.0054727122776683235,-14.398868316979769,185.89147253177916,0.0021945895255101044,0.0019584784487296503,0.002312361916464912,0.046846446242058325,0.047887878923957634,0.03908658321807907
