feature,lag,n_pairs,pearson_r,pearson_p,spearman_rho,spearman_p,kendall_tau,kendall_p,mutual_info,ols_slope,ols_intercept,ols_r2,ols_adj_r2,ols_slope_p,abs_pearson,abs_spearman,abs_kendall
CROS FP Equity_DX_ACTIVE_AVAIL_SUPPLY_MV,0,2010,-0.5861956771976663,7.988074441737028e-186,-0.6380902004928701,2.986865414667143e-230,-0.5244077645064867,9.256086634025195e-182,0.5005170614529924,-162.1011610701917,6.332663863269239,0.34362537196523013,0.343298492170392,7.988074441709028e-186,0.5861956771976663,0.6380902004928701,0.5244077645064867
CROS FP Equity_DX_ACTIVE_AVAIL_SUPPLY_QTY,0,2010,-0.36123402595975096,5.28391809376122e-63,-0.42516203657479357,4.833946027613182e-89,-0.3502773474367555,1.5176059531371578e-80,0.14591514615322065,-0.0007133720019214984,5.354213277640334,0.13049002151109024,0.13005699861343634,5.28391809376371e-63,0.36123402595975096,0.42516203657479357,0.3502773474367555
CROS FP Equity_DX_ACTIVE_AVAILABILITY_VALUE,0,2010,-0.17801463622512254,8.964165746059986e-16,-0.19694042840804699,5.041389956943176e-19,-0.16347610686478659,1.1338044892567412e-18,0.01886931525002966,-0.00016358612469026822,5.035265372024018,0.031689210710361904,0.031206984221671785,8.964165746057416e-16,0.17801463622512254,0.19694042840804699,0.16347610686478659
