feature,lag,n_pairs,pearson_r,pearson_p,spearman_rho,spearman_p,kendall_tau,kendall_p,mutual_info,ols_slope,ols_intercept,ols_r2,ols_adj_r2,ols_slope_p,abs_pearson,abs_spearman,abs_kendall
CSH2 FP Equity_DX_DSS,0,2681,0.016147696402676458,0.4032865362905064,0.024518930882195176,0.20438788809077582,0.020039119963870228,0.20432924487702886,0.008695829451015324,163.79040582959996,635.1755941704045,0.0002607480991133615,-0.00011242818005841038,0.4032865362905085,0.016147696402676458,0.024518930882195176,0.020039119963870228
