feature,lag,n_pairs,pearson_r,pearson_p,spearman_rho,spearman_p,kendall_tau,kendall_p,mutual_info,ols_slope,ols_intercept,ols_r2,ols_adj_r2,ols_slope_p,abs_pearson,abs_spearman,abs_kendall
DPAM FP Equity_DX_ACTIVE_AVAILABILITY_VALUE,0,2592,0.009896059381293093,0.6145464319750213,-0.0018015911144205242,0.9269539753488389,-0.0014599214484239639,0.9277280523962592,0.004635811034505721,0.002279349487920662,401.59328057375535,9.793199127783314e-05,-0.0002881305832429515,0.6145464319750149,0.009896059381293093,0.0018015911144205242,0.0014599214484239639
DPAM FP Equity_DX_ACTIVE_AVAIL_SUPPLY_QTY,0,2592,0.009851233219116316,0.6161507494707918,-0.0018046807173004171,0.9268290577793746,-0.0014788442622429285,0.9268079878960387,0.004635811034505721,1.0334574531301195,401.5935457705675,9.704679593647292e-05,-0.0002890161203583652,0.6161507494707772,0.009851233219116316,0.0018046807173004171,0.0014788442622429285
DPAM FP Equity_DX_ACTIVE_AVAIL_SUPPLY_MV,0,2592,0.009851233219116316,0.6161507494707918,-0.0018046807173004171,0.9268290577793746,-0.0014788442622429285,0.9268079878960387,0.004635811034505721,1791.326252092238,401.5935457705674,9.704679593680599e-05,-0.00028901612035814317,0.6161507494707728,0.009851233219116316,0.0018046807173004171,0.0014788442622429285
