feature,lag,n_pairs,pearson_r,pearson_p,spearman_rho,spearman_p,kendall_tau,kendall_p,mutual_info,ols_slope,ols_intercept,ols_r2,ols_adj_r2,ols_slope_p,abs_pearson,abs_spearman,abs_kendall
EDEU FP Equity_DX_ACTIVE_AVAILABILITY_VALUE,0,2031,0.06772610773176801,0.002259519591688494,0.04939936381018319,0.02599738267397602,0.040358120020276174,0.025992986744336158,0.0,0.0013262973236258142,108.66812715427585,0.004586825668494998,0.004096232679667189,0.0022595195916885846,0.06772610773176801,0.04939936381018319,0.040358120020276174
EDEU FP Equity_DX_ACTIVE_AVAIL_SUPPLY_QTY,0,2031,0.06772610367816445,0.002259520971433865,0.04939935662092073,0.025997404390202754,0.040352156831519916,0.026033360181371187,0.0,0.19615936421882416,108.66812715623453,0.004586825119425431,0.004096232130326949,0.0022595209714341797,0.06772610367816445,0.04939935662092073,0.040352156831519916
EDEU FP Equity_DX_ACTIVE_AVAIL_SUPPLY_MV,0,2031,0.06772610367816445,0.002259520971433865,0.04939935662092073,0.025997404390202754,0.040352156831519916,0.026033360181371187,0.0,1307.7290947921538,108.66812715623462,0.004586825119425431,0.004096232130326949,0.0022595209714343545,0.06772610367816445,0.04939935662092073,0.040352156831519916
