feature,lag,n_pairs,pearson_r,pearson_p,spearman_rho,spearman_p,kendall_tau,kendall_p,mutual_info,ols_slope,ols_intercept,ols_r2,ols_adj_r2,ols_slope_p,abs_pearson,abs_spearman,abs_kendall
EGRO FP Equity_DX_ACTIVE_AVAIL_SUPPLY_QTY,0,1006,-0.07556871660316984,0.016516411636764542,-0.010204643956565788,0.7464893758711675,-0.008334808470159464,0.7464043372763265,0.0003303551862773313,-0.001814778716499797,10.410271582834453,0.005710630929050109,0.004720302872206483,0.016516411636762356,0.07556871660316984,0.010204643956565788,0.008334808470159464
EGRO FP Equity_DX_ACTIVE_AVAILABILITY_VALUE,0,1006,-0.07407589258726086,0.018782983441178232,-0.010240894964769527,0.7456198564329957,-0.008359066061894405,0.7456511086817434,0.0003303551862773313,-0.00016381759930689198,10.41021542591095,0.0054872378625991924,0.004496687302701363,0.01878298344117688,0.07407589258726086,0.010240894964769527,0.008359066061894405
EGRO FP Equity_DX_ACTIVE_AVAIL_SUPPLY_MV,0,1006,0.020778558357759297,0.5103481421913451,0.028295585666056836,0.3699702711737187,0.02312716152476669,0.36970869450757227,0.0,47.054129353230955,10.407458706467663,0.00043174848742655314,-0.000563837420454405,0.5103481421913696,0.020778558357759297,0.028295585666056836,0.02312716152476669
