feature,lag,n_pairs,pearson_r,pearson_p,spearman_rho,spearman_p,kendall_tau,kendall_p,mutual_info,ols_slope,ols_intercept,ols_r2,ols_adj_r2,ols_slope_p,abs_pearson,abs_spearman,abs_kendall
ENRG FP Equity_DX_DSS,0,4817,-0.22487323512942164,2.82677712432116e-56,-0.3392293417416092,5.0689934516109065e-130,-0.27223403610285574,6.399267890023078e-125,0.1770214225001192,-1.9971783423704288,40.89993203548568,0.05056797187757189,0.05037078973258291,2.826777124308639e-56,0.22487323512942164,0.3392293417416092,0.27223403610285574
