feature,lag,n_pairs,pearson_r,pearson_p,spearman_rho,spearman_p,kendall_tau,kendall_p,mutual_info,ols_slope,ols_intercept,ols_r2,ols_adj_r2,ols_slope_p,abs_pearson,abs_spearman,abs_kendall
EQUA FP Equity_DX_ACTIVE_AVAILABILITY_VALUE,0,2369,-0.16972388289432289,9.028447465031876e-17,-0.2677744247330553,3.48423077761059e-40,-0.20008693014662668,2.8816869301590206e-35,0.3059605041353244,-1.1526645861780712e-06,134.02245525747045,0.028806196424725816,0.028395890635298238,9.028447465034458e-17,0.16972388289432289,0.2677744247330553,0.20008693014662668
EQUA FP Equity_DX_ACTIVE_AVAIL_SUPPLY_MV,0,2369,-0.1697052685255096,9.099200219661755e-17,-0.26921296505314074,1.293945959591497e-40,-0.21050523649846276,2.906287679944459e-38,0.22860952342358987,-1.1535049500698145,134.02252033265896,0.028799878165315262,0.02838956970657658,9.099200219654149e-17,0.1697052685255096,0.26921296505314074,0.21050523649846276
EQUA FP Equity_DX_ACTIVE_AVAIL_SUPPLY_QTY,0,2369,-0.1693145309544151,1.0717113813090406e-16,-0.27446972939305947,3.291540571643154e-42,-0.22192857943796612,1.2709987178120526e-41,0.19841068165197173,-0.0001349388915910021,134.01908175626042,0.028667410392313464,0.028257045969158567,1.0717113813073384e-16,0.1693145309544151,0.27446972939305947,0.22192857943796612
