feature,lag,n_pairs,pearson_r,pearson_p,spearman_rho,spearman_p,kendall_tau,kendall_p,mutual_info,ols_slope,ols_intercept,ols_r2,ols_adj_r2,ols_slope_p,abs_pearson,abs_spearman,abs_kendall
FCMC FP Equity_DX_ACTIVE_AVAIL_SUPPLY_QTY,0,2000,-0.2727751287233119,1.8497196336487209e-35,-0.24095448148662385,8.238483031992398e-28,-0.19545786363065912,5.910797422998269e-28,0.3550163198472909,-18.265006295822037,1253.9444828597716,0.07440627085001927,0.0739430107253195,1.8497196336488735e-35,0.2727751287233119,0.24095448148662385,0.19545786363065912
FCMC FP Equity_DX_ACTIVE_AVAILABILITY_VALUE,0,2000,-0.2580145368487292,8.870046530114091e-32,-0.20423464715202264,2.82653095137716e-20,-0.16591704287242726,1.0442625758597093e-21,0.6298762514511522,-0.014465834292943326,1253.7164684598424,0.06657150122526445,0.0661043197944462,8.870046530101194e-32,0.2580145368487292,0.20423464715202264,0.16591704287242726
FCMC FP Equity_DX_ACTIVE_AVAIL_SUPPLY_MV,0,2000,-0.229663294890277,2.3824015688330137e-25,-0.09852586278265175,1.013845097255245e-05,-0.07981745683649699,1.2218537213441655e-05,0.08836538325670062,-12580.355636783954,1246.6598587025817,0.05274522901985845,0.05227112753288132,2.382401568831697e-25,0.229663294890277,0.09852586278265175,0.07981745683649699
