feature,lag,n_pairs,pearson_r,pearson_p,spearman_rho,spearman_p,kendall_tau,kendall_p,mutual_info,ols_slope,ols_intercept,ols_r2,ols_adj_r2,ols_slope_p,abs_pearson,abs_spearman,abs_kendall
FINM FP Equity_DX_ACTIVE_AVAIL_SUPPLY_MV,0,2262,0.7186410337470199,0.0,0.13040639922668218,4.804391298942907e-10,0.11122666070231671,2.3954596329818658e-11,0.5461288604167662,159.8787261447847,0.36055657298318583,0.5164449353849865,0.5162309729670151,0.0,0.7186410337470199,0.13040639922668218,0.11122666070231671
FINM FP Equity_DX_ACTIVE_AVAILABILITY_VALUE,0,2262,0.25212531075757877,3.8817667255702736e-34,-0.12129777941028935,7.1581057152701785e-09,-0.09502272841337142,1.2160054568635446e-08,0.5171576914342251,0.00011328404615204556,1.6130797483142736,0.06356717232460607,0.06315282151590007,3.88176672556743e-34,0.25212531075757877,0.12129777941028935,0.09502272841337142
FINM FP Equity_DX_ACTIVE_AVAIL_SUPPLY_QTY,0,2262,0.16906859013797626,5.732163205904208e-16,-0.1254365063962749,2.1482555996425976e-09,-0.10388480599420491,9.931463670590871e-10,0.3637507262778912,0.0006987255026967559,1.6597740498082452,0.028584188171243197,0.028154358166009086,5.732163205901793e-16,0.16906859013797626,0.1254365063962749,0.10388480599420491
