feature,lag,n_pairs,pearson_r,pearson_p,spearman_rho,spearman_p,kendall_tau,kendall_p,mutual_info,ols_slope,ols_intercept,ols_r2,ols_adj_r2,ols_slope_p,abs_pearson,abs_spearman,abs_kendall
FORE FP Equity_DX_ACTIVE_AVAILABILITY_VALUE,0,1093,0.05891647073897986,0.05150191204986061,0.05036497158473064,0.09606354449703926,0.04171338056956763,0.09604613991980067,0.01621412727019056,0.39411136363636146,666.4774999999986,0.003471150524337663,0.0025577418630400306,0.05150191204986161,0.05891647073897986,0.05036497158473064,0.04171338056956763
FORE FP Equity_DX_ACTIVE_AVAIL_SUPPLY_QTY,0,1093,0.058916470738979855,0.05150191204986061,0.05036497158473064,0.09606354449703926,0.04171338056956763,0.09604613991980067,0.01621412727019056,433.5224999999992,666.4774999999986,0.003471150524337663,0.0025577418630400306,0.05150191204986104,0.058916470738979855,0.05036497158473064,0.04171338056956763
