feature,lag,n_pairs,pearson_r,pearson_p,spearman_rho,spearman_p,kendall_tau,kendall_p,mutual_info,ols_slope,ols_intercept,ols_r2,ols_adj_r2,ols_slope_p,abs_pearson,abs_spearman,abs_kendall
GJAJ FP Equity_DX_ACTIVE_AVAIL_SUPPLY_QTY,0,3412,-0.5499841271411069,4.532153031022861e-269,-0.5021169992691447,2.07159847423228e-217,-0.41987156823770394,4.9036887857427556e-189,0.4140043731255685,-0.00018363818869749108,1.6009618755477688,0.30248254010716746,0.3022779895324189,4.53215303101261e-269,0.5499841271411069,0.5021169992691447,0.41987156823770394
GJAJ FP Equity_DX_ACTIVE_AVAIL_SUPPLY_MV,0,3412,-0.5498851241614602,5.915202439202107e-269,-0.5017716017064773,4.569103477929818e-217,-0.4195827458785452,8.86437544561154e-189,0.4150085145444269,-110.18771607603995,1.600654840122655,0.3023736497740658,0.30216906726666815,5.915202439203215e-269,0.5498851241614602,0.5017716017064773,0.4195827458785452
GJAJ FP Equity_DX_ACTIVE_AVAILABILITY_VALUE,0,3412,-0.11115842804167338,7.473714398553157e-11,-0.052448404983450984,0.002179466083664249,-0.040370205815076755,0.0031997486010662663,0.5314372270389582,-2.932269621362881e-05,1.2838570198923267,0.012356196124696406,0.012066564510656796,7.47371439854734e-11,0.11115842804167338,0.052448404983450984,0.040370205815076755
