feature,lag,n_pairs,pearson_r,pearson_p,spearman_rho,spearman_p,kendall_tau,kendall_p,mutual_info,ols_slope,ols_intercept,ols_r2,ols_adj_r2,ols_slope_p,abs_pearson,abs_spearman,abs_kendall
GLUX FP Equity_DX_DSS,0,4206,-0.029141417365067118,0.05878902693460872,-0.02887653096265212,0.06112596825916403,-0.02358100563375863,0.061133771638745976,0.005878049810472796,-55.92885276059094,115.8313527605902,0.0008492222060452193,0.0006115555129448946,0.058789026934596846,0.029141417365067118,0.02887653096265212,0.02358100563375863
