feature,lag,n_pairs,pearson_r,pearson_p,spearman_rho,spearman_p,kendall_tau,kendall_p,mutual_info,ols_slope,ols_intercept,ols_r2,ols_adj_r2,ols_slope_p,abs_pearson,abs_spearman,abs_kendall
HLT FP Equity_DX_DSS,0,4857,-0.285650007470309,7.354287550438418e-92,-0.32449058683311094,1.7813427933919731e-119,-0.2651126578853521,1.3487193528878566e-113,0.10681769746814762,-44.50559619196326,83.79979801375121,0.08159592676778749,0.08140676012036585,7.354287550405329e-92,0.285650007470309,0.32449058683311094,0.2651126578853521
