feature,lag,n_pairs,pearson_r,pearson_p,spearman_rho,spearman_p,kendall_tau,kendall_p,mutual_info,ols_slope,ols_intercept,ols_r2,ols_adj_r2,ols_slope_p,abs_pearson,abs_spearman,abs_kendall
INS FP Equity_DX_DSS,0,4790,-0.2046456573101523,1.8544296817026363e-46,-0.22742822208042673,3.059182173605823e-57,-0.1840038285142685,1.9294363075221803e-55,0.09083358808910913,-7.230601675293852,33.89011752410852,0.041879845055904585,0.041679736418698154,1.8544296817048918e-46,0.2046456573101523,0.22742822208042673,0.1840038285142685
