feature,lag,n_pairs,pearson_r,pearson_p,spearman_rho,spearman_p,kendall_tau,kendall_p,mutual_info,ols_slope,ols_intercept,ols_r2,ols_adj_r2,ols_slope_p,abs_pearson,abs_spearman,abs_kendall
IQEC FP Equity_DX_ACTIVE_AVAIL_SUPPLY_QTY,0,2090,-0.020849972841947673,0.34073121294810327,-0.021685961693609847,0.32171972874307725,-0.017730747290494602,0.3216028468689017,0.0008346518698362226,-0.003381338758576891,24.454401627573024,0.00043472136751032675,-4.3997635666315205e-05,0.3407312129480701,0.020849972841947673,0.021685961693609847,0.017730747290494602
IQEC FP Equity_DX_ACTIVE_AVAILABILITY_VALUE,0,2090,-0.020849972841947673,0.34073121294810327,-0.021685961693609847,0.32171972874307725,-0.017730747290494602,0.3216028468689017,0.0008346518698362226,-0.00014425506649219782,24.454401627572995,0.0004347213675099937,-4.399763566653725e-05,0.340731212948039,0.020849972841947673,0.021685961693609847,0.017730747290494602
IQEC FP Equity_DX_ACTIVE_AVAIL_SUPPLY_MV,0,2090,-0.020849972841947673,0.34073121294810327,-0.021685961693609847,0.32171972874307725,-0.017730747290494602,0.3216028468689017,0.0008346518698362226,-101.44016275731408,24.454401627572995,0.0004347213675099937,-4.399763566653725e-05,0.34073121294803443,0.020849972841947673,0.021685961693609847,0.017730747290494602
