feature,lag,n_pairs,pearson_r,pearson_p,spearman_rho,spearman_p,kendall_tau,kendall_p,mutual_info,ols_slope,ols_intercept,ols_r2,ols_adj_r2,ols_slope_p,abs_pearson,abs_spearman,abs_kendall
LCWLD FP Equity_DX_ACTIVE_AVAILABILITY_VALUE,0,1063,0.06010020800089749,0.05011823137214246,0.058153596106741014,0.05804013002425787,0.047524820835472055,0.057934293139868476,0.0007412898053625883,0.0021106535957980434,13.54100879005443,0.0036120350017511127,0.0026729323014700324,0.05011823137214321,0.06010020800089749,0.058153596106741014,0.047524820835472055
LCWLD FP Equity_DX_ACTIVE_AVAIL_SUPPLY_QTY,0,1063,0.06009480183851874,0.050138910682998555,0.058150959864666306,0.05805152500607225,0.04750712036123079,0.05808666049571482,0.0007412898053625883,0.03622290669180078,13.54100933081997,0.0036113852080108533,0.0026722818952946703,0.05013891068299526,0.06009480183851874,0.058150959864666306,0.04750712036123079
