feature,lag,n_pairs,pearson_r,pearson_p,spearman_rho,spearman_p,kendall_tau,kendall_p,mutual_info,ols_slope,ols_intercept,ols_r2,ols_adj_r2,ols_slope_p,abs_pearson,abs_spearman,abs_kendall
MFA8 FP Equity_DX_ACTIVE_AVAIL_SUPPLY_MV,0,106,0.26315509567772116,0.0064216637028102165,0.9911050965863422,6.37423034522126e-93,0.9653087765830032,5.375477433497685e-47,2.4105794530307065,0.15376782526725102,83.81953625769977,0.06925060438115072,0.060301090961738746,0.006421663702809904,0.26315509567772116,0.9911050965863422,0.9653087765830032
MFA8 FP Equity_DX_ACTIVE_AVAILABILITY_VALUE,0,106,0.2631160647645448,0.006429820822249789,0.9970007215230632,2.0806543476835044e-117,0.984548277658482,1.1724838237342685e-48,2.522929901554668,1.537824961354927e-07,83.8200688585068,0.0692300635371802,0.06028035260965314,0.006429820822249996,0.2631160647645448,0.9970007215230632,0.984548277658482
MFA8 FP Equity_DX_ACTIVE_AVAIL_SUPPLY_QTY,0,106,0.2587231105835471,0.0074087328222356905,0.6779177326054145,1.4416427162389597e-15,0.5629579904455454,5.414832335821124e-13,0.476030521627157,1.5313455807689075e-05,83.96480406822576,0.06693764795002677,0.05796589456493095,0.007408732822235639,0.2587231105835471,0.6779177326054145,0.5629579904455454
