feature,lag,n_pairs,pearson_r,pearson_p,spearman_rho,spearman_p,kendall_tau,kendall_p,mutual_info,ols_slope,ols_intercept,ols_r2,ols_adj_r2,ols_slope_p,abs_pearson,abs_spearman,abs_kendall
MHM FP Equity_DX_DSS,0,4679,-0.02512473155057957,0.08571921369203626,0.06038013256418591,3.5827279086844815e-05,0.05006843004284777,3.63151770595018e-05,0.03514509753203088,-0.06684038063084569,0.13952330746011182,0.00063125213548898,0.00041757483211846136,0.08571921369202336,0.02512473155057957,0.06038013256418591,0.05006843004284777
