feature,lag,n_pairs,pearson_r,pearson_p,spearman_rho,spearman_p,kendall_tau,kendall_p,mutual_info,ols_slope,ols_intercept,ols_r2,ols_adj_r2,ols_slope_p,abs_pearson,abs_spearman,abs_kendall
MLAAT FP Equity_DX_ACTIVE_AVAILABILITY_VALUE,0,1050,0.08388205021193806,0.0065351893621486785,0.19409051246929826,2.265601358909318e-10,0.16353059286807844,1.1874115373362412e-10,0.15230188949052548,6.30090610088304e-05,0.2160567886863372,0.007036198347757039,0.006088713804195844,0.00653518936214868,0.08388205021193806,0.19409051246929826,0.16353059286807844
MLAAT FP Equity_DX_ACTIVE_AVAIL_SUPPLY_QTY,0,1050,0.0829093121318227,0.007188189727004449,0.19373291670975826,2.4476058415986404e-10,0.1610634759647795,2.8351434560385834e-10,0.10941586030395722,1.8716160043791484e-05,0.21608348464002747,0.0068739540381715925,0.005926314681337863,0.0071881897270043025,0.0829093121318227,0.19373291670975826,0.1610634759647795
