feature,lag,n_pairs,pearson_r,pearson_p,spearman_rho,spearman_p,kendall_tau,kendall_p,mutual_info,ols_slope,ols_intercept,ols_r2,ols_adj_r2,ols_slope_p,abs_pearson,abs_spearman,abs_kendall
MLALE FP Equity_DX_ACTIVE_AVAIL_SUPPLY_QTY,0,745,-0.13256705730114365,0.00028526485548929434,-0.20731690095398267,1.121088888853298e-08,-0.18058834744663704,1.5598141095043718e-08,0.03961182537832997,-4.960111711786383e-06,1.0424655647382923,0.017574024681483835,0.01625178245359893,0.0002852648554892816,0.13256705730114365,0.20731690095398267,0.18058834744663704
MLALE FP Equity_DX_ACTIVE_AVAILABILITY_VALUE,0,745,-0.13256705730114365,0.00028526485548929434,-0.20731690095398267,1.121088888853298e-08,-0.18058834744663704,1.5598141095043718e-08,0.03961182537832997,-0.004960111711786367,1.0424655647382925,0.017574024681484057,0.01625178245359915,0.00028526485548929477,0.13256705730114365,0.20731690095398267,0.18058834744663704
MLALE FP Equity_DX_ACTIVE_AVAIL_SUPPLY_MV,0,745,-0.1325638152898694,0.0002853637706236582,-0.207210544157684,1.140993378141235e-08,-0.179998757707851,1.6390495083194023e-08,0.029854329907637034,-1.7974471079380565,1.0424642854475228,0.017573165124206036,0.01625092173944731,0.00028536377062363214,0.1325638152898694,0.207210544157684,0.179998757707851
