feature,lag,n_pairs,pearson_r,pearson_p,spearman_rho,spearman_p,kendall_tau,kendall_p,mutual_info,ols_slope,ols_intercept,ols_r2,ols_adj_r2,ols_slope_p,abs_pearson,abs_spearman,abs_kendall
MLBON FP Equity_DX_ACTIVE_AVAILABILITY_VALUE,0,710,0.09959586517891023,0.00791337202562071,0.12715454232928555,0.0006838798522894723,0.11196322296184674,0.0006850890735668956,0.0,0.0004947973234529517,14.090259431650438,0.009919336360736053,0.008520917344296386,0.007913372025621906,0.09959586517891023,0.12715454232928555,0.11196322296184674
MLBON FP Equity_DX_ACTIVE_AVAIL_SUPPLY_QTY,0,710,0.09851859252763484,0.00861725461131551,0.1270608110512617,0.0006902126552058537,0.11180670399072083,0.0007024845546453208,0.0,0.008115220689157055,14.090536733367069,0.009705913073625894,0.00830719261186541,0.008617254611314818,0.09851859252763484,0.1270608110512617,0.11180670399072083
MLBON FP Equity_DX_ACTIVE_AVAIL_SUPPLY_MV,0,710,0.06762372107700793,0.07173808984533649,0.07292238184318257,0.05210808616402483,0.06419676584820018,0.05217243634529672,0.0,246.48279113625148,14.101838755304106,0.00457296765230053,0.0031669972676285907,0.07173808984534175,0.06762372107700793,0.07292238184318257,0.06419676584820018
