feature,lag,n_pairs,pearson_r,pearson_p,spearman_rho,spearman_p,kendall_tau,kendall_p,mutual_info,ols_slope,ols_intercept,ols_r2,ols_adj_r2,ols_slope_p,abs_pearson,abs_spearman,abs_kendall
MLCFM FP Equity_DX_ACTIVE_AVAILABILITY_VALUE,0,1886,-0.2862731019113232,6.669397275017545e-37,-0.07655330642467002,0.0008770954764314466,-0.062369394924806705,0.0009286137359098139,0.07089218269332598,-0.0011443117435865945,1024.834612663066,0.08195228887793027,0.08146500240705878,6.669397275031255e-37,0.2862731019113232,0.07655330642467002,0.062369394924806705
MLCFM FP Equity_DX_ACTIVE_AVAIL_SUPPLY_MV,0,1886,-0.2862036795193558,6.94865215598507e-37,-0.06681877582263261,0.0036944905669345175,-0.05459609087010105,0.0037799239838514657,0.0604008284459141,-725.1358643348223,1024.828964929569,0.08191254617041843,0.08142523860469153,6.948652155970736e-37,0.2862036795193558,0.06681877582263261,0.05459609087010105
MLCFM FP Equity_DX_ACTIVE_AVAIL_SUPPLY_QTY,0,1886,-0.2823065010553951,6.821316353080158e-36,-0.07642310345685743,0.0008951306460975502,-0.06265033627708956,0.0008912462360278922,0.06399259152499703,-0.8981161441132396,1024.7253365070555,0.07969696053814057,0.07920847697154731,6.821316353062688e-36,0.2823065010553951,0.07642310345685743,0.06265033627708956
