feature,lag,n_pairs,pearson_r,pearson_p,spearman_rho,spearman_p,kendall_tau,kendall_p,mutual_info,ols_slope,ols_intercept,ols_r2,ols_adj_r2,ols_slope_p,abs_pearson,abs_spearman,abs_kendall
MLCHE FP Equity_DX_ACTIVE_AVAILABILITY_VALUE,0,2182,0.7585263511526759,0.0,0.7166881514310892,0.0,0.6372707716800255,0.0,1.5769102524667615,0.03077004386939612,18.90751807921642,0.5753622253929926,0.5751674374229894,0.0,0.7585263511526759,0.7166881514310892,0.6372707716800255
MLCHE FP Equity_DX_ACTIVE_AVAIL_SUPPLY_QTY,0,2182,0.7477656222904643,0.0,0.6690719121725092,2.596591523479681e-283,0.5500714633480265,2.4950003634426356e-214,0.5877157928316585,1.9016131520677466,19.0762800565771,0.5591534258794455,0.5589512026803076,0.0,0.7477656222904643,0.6690719121725092,0.5500714633480265
