feature,lag,n_pairs,pearson_r,pearson_p,spearman_rho,spearman_p,kendall_tau,kendall_p,mutual_info,ols_slope,ols_intercept,ols_r2,ols_adj_r2,ols_slope_p,abs_pearson,abs_spearman,abs_kendall
MLCMG FP Equity_DX_ACTIVE_AVAIL_SUPPLY_MV,0,1071,0.14296224898354984,2.6364100426745818e-06,0.05364382004527625,0.0792989193685942,0.10078425369520622,7.964165936553415e-06,1.3412008409252039,8.216360898764519,1.9684544569741258,0.020438204634433466,0.01952186993343663,2.6364100426735785e-06,0.14296224898354984,0.05364382004527625,0.10078425369520622
MLCMG FP Equity_DX_ACTIVE_AVAILABILITY_VALUE,0,1071,0.10643404504578238,0.0004847907660368995,0.05220104315048619,0.08772771682071112,0.15820063361788653,7.299053951095972e-13,2.11008830074047,6.016558436078129e-06,2.0206771866800075,0.011328205944808323,0.010403349261875472,0.000484790766036875,0.10643404504578238,0.05220104315048619,0.15820063361788653
MLCMG FP Equity_DX_ACTIVE_AVAIL_SUPPLY_QTY,0,1071,-0.0766983204740587,0.012045527662519756,0.0404353751537331,0.18607190020196424,0.03481871647966843,0.16841958824200498,0.48757744931581426,-2.13602927522843e-05,2.4141894991719037,0.005882632363541029,0.004952681598680009,0.012045527662519068,0.0766983204740587,0.0404353751537331,0.03481871647966843
