feature,lag,n_pairs,pearson_r,pearson_p,spearman_rho,spearman_p,kendall_tau,kendall_p,mutual_info,ols_slope,ols_intercept,ols_r2,ols_adj_r2,ols_slope_p,abs_pearson,abs_spearman,abs_kendall
MLCMB FP Equity_DX_ACTIVE_AVAIL_SUPPLY_QTY,0,4387,-0.6357166723842321,0.0,-0.7574707702718033,0.0,-0.5987327079119507,0.0,0.6167344820535305,-0.2218167718038639,109.18338833398475,0.4041356875472806,0.4039998005889105,0.0,0.6357166723842321,0.7574707702718033,0.5987327079119507
MLCMB FP Equity_DX_ACTIVE_AVAIL_SUPPLY_MV,0,4387,-0.6098309847279267,0.0,-0.8019144981707348,0.0,-0.6303428257605171,0.0,0.7061530722578855,-2909.3384486442724,107.39895693102434,0.3718938299342318,0.37175059021471846,0.0,0.6098309847279267,0.8019144981707348,0.6303428257605171
MLCMB FP Equity_DX_ACTIVE_AVAILABILITY_VALUE,0,4387,0.022566846515031727,0.13505370039774928,-0.7360201792938348,0.0,-0.5347811818832781,0.0,0.9783112922588737,4.182819307899544e-07,86.57839539861669,0.0005092625616336388,0.00028132852801021624,0.13505370039775882,0.022566846515031727,0.7360201792938348,0.5347811818832781
