feature,lag,n_pairs,pearson_r,pearson_p,spearman_rho,spearman_p,kendall_tau,kendall_p,mutual_info,ols_slope,ols_intercept,ols_r2,ols_adj_r2,ols_slope_p,abs_pearson,abs_spearman,abs_kendall
MLCOT FP Equity_DX_ACTIVE_AVAILABILITY_VALUE,0,2277,0.36095425712954976,5.0615985157606634e-71,-0.03665789285923023,0.08031423561309754,0.03515145276719526,0.019586309802277366,2.1636697142486954,7.71999561910511e-08,0.11222604018873701,0.13028797573994544,0.12990568474027075,5.061598515753928e-71,0.36095425712954976,0.03665789285923023,0.03515145276719526
MLCOT FP Equity_DX_ACTIVE_AVAIL_SUPPLY_MV,0,2277,0.3092812167035007,1.1519136655353608e-51,-0.1941668625572915,8.826113922335782e-21,-0.08282464921198725,3.9954647914646055e-08,1.852389594257171,0.061064254635716096,0.12392364123431356,0.09565487100559733,0.09525735666318225,1.1519136655352657e-51,0.3092812167035007,0.1941668625572915,0.08282464921198725
MLCOT FP Equity_DX_ACTIVE_AVAIL_SUPPLY_QTY,0,2277,-0.16972433180809104,3.530499505543941e-16,-0.011431130969494314,0.5856241573908785,0.0367425166679632,0.017002852404019966,1.2832657187757488,-5.442614456922406e-08,0.6178814881730839,0.028806348807703497,0.028379450499487202,3.530499505544079e-16,0.16972433180809104,0.011431130969494314,0.0367425166679632
