feature,lag,n_pairs,pearson_r,pearson_p,spearman_rho,spearman_p,kendall_tau,kendall_p,mutual_info,ols_slope,ols_intercept,ols_r2,ols_adj_r2,ols_slope_p,abs_pearson,abs_spearman,abs_kendall
MLCVG FP Equity_DX_ACTIVE_AVAIL_SUPPLY_QTY,0,854,-0.46038748313983,5.034409451675539e-46,-0.30733586605350594,3.8711593179000326e-20,-0.2532983110094635,1.3863317463284967e-19,0.38536382737759944,-811.9478217209676,5741.38394576135,0.21195663463182668,0.21103170110439928,5.034409451675655e-46,0.46038748313983,0.30733586605350594,0.2532983110094635
MLCVG FP Equity_DX_ACTIVE_AVAIL_SUPPLY_MV,0,854,-0.43827198195726913,2.1434986471047177e-41,-0.30733586605350594,3.8711593179000326e-20,-0.2532983110094635,1.3863317463284967e-19,0.3847918444071394,-125421.35456117269,5744.579849629575,0.1920823301687531,0.19113406999289484,2.1434986471054048e-41,0.43827198195726913,0.30733586605350594,0.2532983110094635
MLCVG FP Equity_DX_ACTIVE_AVAILABILITY_VALUE,0,854,0.08008058088243108,0.019255398035252405,-0.03323598591425917,0.3319917215213829,-0.02480023452256134,0.3779909278961686,0.24954210686545575,0.04250110937103016,5344.887114295209,0.006412899434467434,0.0052467173915501375,0.01925539803525242,0.08008058088243108,0.03323598591425917,0.02480023452256134
