feature,lag,n_pairs,pearson_r,pearson_p,spearman_rho,spearman_p,kendall_tau,kendall_p,mutual_info,ols_slope,ols_intercept,ols_r2,ols_adj_r2,ols_slope_p,abs_pearson,abs_spearman,abs_kendall
MLDYX FP Equity_DX_ACTIVE_AVAIL_SUPPLY_QTY,0,1646,-0.25831199022894824,1.6828635052472207e-26,-0.8563963994796976,0.0,-0.7636496389656386,1.7442208026619316e-268,0.6732354346237139,-1.7640920627834655e-05,2.771678038795412,0.06672508429603985,0.06615739882420046,1.6828635052467644e-26,0.25831199022894824,0.8563963994796976,0.7636496389656386
MLDYX FP Equity_DX_ACTIVE_AVAIL_SUPPLY_MV,0,1646,-0.12421189225133136,4.300502982861496e-07,-0.8623168478557197,0.0,-0.7500714927712281,4.221636935528212e-270,0.6640724345380677,-0.3645907330711486,1.8721380764486617,0.015428594176658317,0.014829706460220748,4.3005029828608494e-07,0.12421189225133136,0.8623168478557197,0.7500714927712281
MLDYX FP Equity_DX_ACTIVE_AVAILABILITY_VALUE,0,1646,0.0811014680987274,0.0009902296772640034,-0.05012995733632676,0.04199675543221115,-0.0484556906165959,0.0371944048280157,0.14685483943327116,4.839555899324935e-07,1.382237801348228,0.006577448127768282,0.00597317650254181,0.0009902296772639886,0.0811014680987274,0.05012995733632676,0.0484556906165959
