feature,lag,n_pairs,pearson_r,pearson_p,spearman_rho,spearman_p,kendall_tau,kendall_p,mutual_info,ols_slope,ols_intercept,ols_r2,ols_adj_r2,ols_slope_p,abs_pearson,abs_spearman,abs_kendall
MLEDR FP Equity_DX_ACTIVE_AVAIL_SUPPLY_QTY,0,2663,-0.3557510236815216,2.8088021667727313e-80,-0.7816110138438428,0.0,-0.6325681572935027,0.0,0.7108970893468367,-1.0379404753635475,118.23333723710503,0.12655879085045052,0.12623055289135632,2.80880216677173e-80,0.3557510236815216,0.7816110138438428,0.6325681572935027
MLEDR FP Equity_DX_ACTIVE_AVAILABILITY_VALUE,0,2663,-0.33083921712817044,4.851153887754871e-69,-0.7609976520141091,0.0,-0.5430394463691066,5.2602713213035354e-300,1.655132336027457,-0.012188643178704394,117.73536265962488,0.10945458758998095,0.10911992189572683,4.851153887732753e-69,0.33083921712817044,0.7609976520141091,0.5430394463691066
