feature,lag,n_pairs,pearson_r,pearson_p,spearman_rho,spearman_p,kendall_tau,kendall_p,mutual_info,ols_slope,ols_intercept,ols_r2,ols_adj_r2,ols_slope_p,abs_pearson,abs_spearman,abs_kendall
MLEDU FP Equity_DX_ACTIVE_AVAILABILITY_VALUE,0,1316,0.31304925127857686,2.5984159025853255e-31,0.0782180883333923,0.004523396520466148,0.1396738115366249,5.242816086758901e-11,1.370714724149801,0.00015488305874067294,2.6957714779465767,0.09799983372607701,0.0973133800226722,2.598415902585667e-31,0.31304925127857686,0.0782180883333923,0.1396738115366249
MLEDU FP Equity_DX_ACTIVE_AVAIL_SUPPLY_QTY,0,1316,-0.30950174889172205,1.3102338402118192e-30,-0.39568807601143763,1.4387628110345416e-50,-0.29102196928731106,3.397012922239305e-41,0.922967403604738,-8.672517184642463e-05,3.9735194044309194,0.0957913325670341,0.09510319811693291,1.3102338402126142e-30,0.30950174889172205,0.39568807601143763,0.29102196928731106
MLEDU FP Equity_DX_ACTIVE_AVAIL_SUPPLY_MV,0,1316,-0.19823242509098787,3.9719084004875786e-13,-0.11499302979699637,2.896137473857652e-05,-0.09818379687269083,2.9647704842969383e-05,0.0862168913788377,-183.30773719729999,3.584046288209607,0.03929609435745396,0.03856496505331197,3.9719084004883637e-13,0.19823242509098787,0.11499302979699637,0.09818379687269083
