feature,lag,n_pairs,pearson_r,pearson_p,spearman_rho,spearman_p,kendall_tau,kendall_p,mutual_info,ols_slope,ols_intercept,ols_r2,ols_adj_r2,ols_slope_p,abs_pearson,abs_spearman,abs_kendall
MLFIR FP Equity_DX_ACTIVE_AVAIL_SUPPLY_QTY,0,993,-0.4632042739551702,5.826753726997399e-54,-0.4081310620732806,3.8127403540886977e-41,-0.3534844029832667,7.140311849711507e-38,0.2318339953099593,-4.697668198071834e-05,27.19472175232906,0.21455819941033616,0.21376562443496827,5.826753726996283e-54,0.4632042739551702,0.4081310620732806,0.3534844029832667
MLFIR FP Equity_DX_ACTIVE_AVAIL_SUPPLY_MV,0,993,-0.4555737462830409,4.839916828654164e-52,-0.40787520123247817,4.319246993787386e-41,-0.3511007621532571,8.890324970488537e-38,0.22894632290214112,-8.693125923616021,27.147240626204038,0.2075474383023651,0.2067477888960103,4.8399168286468115e-52,0.4555737462830409,0.40787520123247817,0.3511007621532571
MLFIR FP Equity_DX_ACTIVE_AVAILABILITY_VALUE,0,993,-0.33865426269738574,4.542339745123277e-28,-0.305341295578012,7.143375272958858e-23,-0.26328292497174477,6.726148500052893e-22,0.11294288318699452,-8.055238420261283e-06,26.47396329553658,0.11468670964310934,0.1137933561715081,4.542339745124539e-28,0.33865426269738574,0.305341295578012,0.26328292497174477
