feature,lag,n_pairs,pearson_r,pearson_p,spearman_rho,spearman_p,kendall_tau,kendall_p,mutual_info,ols_slope,ols_intercept,ols_r2,ols_adj_r2,ols_slope_p,abs_pearson,abs_spearman,abs_kendall
MLFTI FP Equity_DX_ACTIVE_AVAIL_SUPPLY_QTY,0,2181,-0.011827456916227446,0.58090805490677,-0.009391333596643464,0.6611365206430897,-0.007729527134094283,0.661034175597855,0.0019327482098419058,-0.00016270451070336385,0.3338681192660547,0.00013988873710479854,-0.0003189731771966464,0.580908054906775,0.011827456916227446,0.009391333596643464,0.007729527134094283
MLFTI FP Equity_DX_ACTIVE_AVAILABILITY_VALUE,0,2181,-0.011827456916227441,0.5809080549067769,-0.009391333596643464,0.6611365206430897,-0.007729527134094283,0.661034175597855,0.0019327482098419058,-0.003968402700082011,0.3338681192660547,0.00013988873710479854,-0.0003189731771966464,0.5809080549067771,0.011827456916227441,0.009391333596643464,0.007729527134094283
