feature,lag,n_pairs,pearson_r,pearson_p,spearman_rho,spearman_p,kendall_tau,kendall_p,mutual_info,ols_slope,ols_intercept,ols_r2,ols_adj_r2,ols_slope_p,abs_pearson,abs_spearman,abs_kendall
MLGEQ FP Equity_DX_ACTIVE_AVAIL_SUPPLY_QTY,0,1110,-0.364782710963668,2.8785295527744106e-36,-0.49340788384006684,3.637329504530793e-69,-0.38880369621416333,5.282662289106012e-64,0.4839990570254309,-5.9469273771099096e-05,0.09413530878539286,0.13306642621800358,0.13228399519473466,2.878529552774563e-36,0.364782710963668,0.49340788384006684,0.38880369621416333
MLGEQ FP Equity_DX_ACTIVE_AVAILABILITY_VALUE,0,1110,-0.31167747929747014,1.973568474394791e-26,-0.39381501408118924,1.7182557195246665e-42,-0.2528698180931721,1.606573311275762e-29,1.0787157589841612,-0.0027552950824240342,0.08827384685927724,0.09714285110122511,0.09632799807875325,1.9735684743951984e-26,0.31167747929747014,0.39381501408118924,0.2528698180931721
