feature,lag,n_pairs,pearson_r,pearson_p,spearman_rho,spearman_p,kendall_tau,kendall_p,mutual_info,ols_slope,ols_intercept,ols_r2,ols_adj_r2,ols_slope_p,abs_pearson,abs_spearman,abs_kendall
MLGRC FP Equity_DX_ACTIVE_AVAILABILITY_VALUE,0,2640,0.2795887868331352,1.3102266085495616e-48,0.18790248148309907,2.0989413778377e-22,0.16429615582435347,4.347161101288128e-25,0.731567874166025,0.0004661762645220601,6.801235995634328,0.07816988972282413,0.07782044692135437,1.3102266085486087e-48,0.2795887868331352,0.18790248148309907,0.16429615582435347
MLGRC FP Equity_DX_ACTIVE_AVAIL_SUPPLY_QTY,0,2640,-0.2393292614944546,1.050321184118198e-35,-0.15612111551561128,7.183277012591536e-16,-0.1455125769862107,7.676603977208998e-20,0.9394929671472596,-0.010842396316990213,12.705890307067559,0.0572784954074802,0.05692113319952241,1.0503211841198432e-35,0.2393292614944546,0.15612111551561128,0.1455125769862107
MLGRC FP Equity_DX_ACTIVE_AVAIL_SUPPLY_MV,0,2640,-0.03204237777084628,0.09976167654369499,-0.09107603773310288,2.7710497236601134e-06,-0.08728975913543349,2.0565229636110122e-07,0.361728962103228,-50.14758861126819,9.344663778986824,0.001026713973207749,0.0006480281180042402,0.09976167654372345,0.03204237777084628,0.09107603773310288,0.08728975913543349
