feature,lag,n_pairs,pearson_r,pearson_p,spearman_rho,spearman_p,kendall_tau,kendall_p,mutual_info,ols_slope,ols_intercept,ols_r2,ols_adj_r2,ols_slope_p,abs_pearson,abs_spearman,abs_kendall
MLIRF FP Equity_DX_ACTIVE_AVAIL_SUPPLY_QTY,0,933,-0.5075288820343077,3.136597270906436e-62,-0.5179023654640703,3.7169706743019715e-65,-0.4267489581542845,1.191423613193288e-55,0.40478928729567176,-9.614014329659024e-05,1.3582485947825487,0.2575855660989941,0.25678812846859556,3.1365972709083003e-62,0.5075288820343077,0.5179023654640703,0.4267489581542845
MLIRF FP Equity_DX_ACTIVE_AVAIL_SUPPLY_MV,0,933,-0.42916879089169596,4.2501239884737385e-43,-0.40625670081570264,2.190294836555712e-38,-0.34442337590300914,2.78772790067161e-35,0.19789703337011177,-53.87046810463461,1.3333719596145044,0.18418585107543994,0.18330957379410306,4.250123988475994e-43,0.42916879089169596,0.40625670081570264,0.34442337590300914
MLIRF FP Equity_DX_ACTIVE_AVAILABILITY_VALUE,0,933,-0.2822721049478586,1.4980978937320396e-18,-0.31807584891449786,2.2242067719707284e-23,-0.2637154029591306,4.919427024144441e-22,0.19660780370610276,-3.7803264320790045e-05,1.3045768875438506,0.07967754123169424,0.07868901012667984,1.4980978937317578e-18,0.2822721049478586,0.31807584891449786,0.2637154029591306
