feature,lag,n_pairs,pearson_r,pearson_p,spearman_rho,spearman_p,kendall_tau,kendall_p,mutual_info,ols_slope,ols_intercept,ols_r2,ols_adj_r2,ols_slope_p,abs_pearson,abs_spearman,abs_kendall
MLMAD FP Equity_DX_ACTIVE_AVAILABILITY_VALUE,0,2058,0.16589065179129975,3.629639188007598e-14,0.30914770668711944,8.045551862356528e-47,0.2388925922150377,2.3625655858160715e-43,0.8109621905478939,8.296652611837085e-05,6.659348314160045,0.027519708351742,0.02704671210094034,3.629639188011479e-14,0.16589065179129975,0.30914770668711944,0.2388925922150377
MLMAD FP Equity_DX_ACTIVE_AVAIL_SUPPLY_QTY,0,2058,0.13891944117171456,2.467753559765486e-10,0.3079272500242699,1.900478352926402e-46,0.23306297514847577,5.449719538989037e-41,0.5996983585872797,0.0005385844550782574,6.69580309616329,0.01929861113546083,0.018821616296518906,2.467753559766637e-10,0.13891944117171456,0.3079272500242699,0.23306297514847577
MLMAD FP Equity_DX_ACTIVE_AVAIL_SUPPLY_MV,0,2058,0.11115105132506777,4.3040252296418844e-07,0.05616679960794268,0.010819316473062604,0.04427607302605547,0.01300191838079631,0.2218631720528974,52.6037012346537,6.733825347838429,0.012354556210667722,0.011874183913104797,4.304025229640639e-07,0.11115105132506777,0.05616679960794268,0.04427607302605547
