feature,lag,n_pairs,pearson_r,pearson_p,spearman_rho,spearman_p,kendall_tau,kendall_p,mutual_info,ols_slope,ols_intercept,ols_r2,ols_adj_r2,ols_slope_p,abs_pearson,abs_spearman,abs_kendall
MLMFI FP Equity_DX_ACTIVE_AVAIL_SUPPLY_QTY,0,1164,-0.38978753366735536,1.5627505022813432e-43,-0.3742642515714119,5.197216859724924e-40,-0.32554920542352356,2.6230824686832054e-37,0.5268219894385342,-0.0013524790050087358,14.428993103448212,0.15193432140247964,0.15120448863260227,1.56275050227759e-43,0.38978753366735536,0.3742642515714119,0.32554920542352356
MLMFI FP Equity_DX_ACTIVE_AVAILABILITY_VALUE,0,1164,-0.38281678875512115,6.294460079720907e-42,-0.3453994347106789,5.930008283312281e-34,-0.2758753141812404,3.1103541434152475e-28,0.7121181714017291,-0.0001086442176356087,14.409747484504937,0.14654869375278423,0.1458142261914699,6.294460079739908e-42,0.38281678875512115,0.3453994347106789,0.2758753141812404
MLMFI FP Equity_DX_ACTIVE_AVAIL_SUPPLY_MV,0,1164,-0.37235162503435837,1.3697264217881735e-39,-0.35371390645308937,1.2358305933937375e-35,-0.294902811728825,1.3067771029601227e-31,0.6118651445119978,-116.05527214299974,14.375345250050293,0.13864573266572844,0.13790446393308275,1.3697264217907428e-39,0.37235162503435837,0.35371390645308937,0.294902811728825
