feature,lag,n_pairs,pearson_r,pearson_p,spearman_rho,spearman_p,kendall_tau,kendall_p,mutual_info,ols_slope,ols_intercept,ols_r2,ols_adj_r2,ols_slope_p,abs_pearson,abs_spearman,abs_kendall
MLMGL FP Equity_DX_ACTIVE_AVAIL_SUPPLY_QTY,0,1679,-0.0831765247659009,0.0006458687539376062,-0.07792406304025344,0.0013960466139842083,-0.0639773586289908,0.0014127449103318462,0.006655286910963065,-0.015905077658303516,12.143046594982073,0.006918334272132953,0.006326156773189706,0.0006458687539375746,0.0831765247659009,0.07792406304025344,0.0639773586289908
MLMGL FP Equity_DX_ACTIVE_AVAILABILITY_VALUE,0,1679,-0.08317652476590087,0.0006458687539376062,-0.07792406304025344,0.0013960466139842083,-0.0639773586289908,0.0014127449103318462,0.006655286910963065,-0.006117337560885978,12.143046594982065,0.006918334272133397,0.00632615677319015,0.0006458687539375496,0.08317652476590087,0.07792406304025344,0.0639773586289908
