feature,lag,n_pairs,pearson_r,pearson_p,spearman_rho,spearman_p,kendall_tau,kendall_p,mutual_info,ols_slope,ols_intercept,ols_r2,ols_adj_r2,ols_slope_p,abs_pearson,abs_spearman,abs_kendall
MLMIB FP Equity_DX_ACTIVE_AVAIL_SUPPLY_MV,0,1053,0.21010992307541823,5.699005796063233e-12,-0.018612999134152236,0.5462918473837131,-0.01575605380929653,0.5460402937541825,0.22011247151682278,90.61402385752722,0.6110640624999941,0.04414617977475843,0.04323670896579046,5.69900579605917e-12,0.21010992307541823,0.018612999134152236,0.01575605380929653
MLMIB FP Equity_DX_ACTIVE_AVAILABILITY_VALUE,0,1053,0.20901178312368904,7.376497323613863e-12,-0.3260649353324972,1.6630899420436778e-27,-0.24439890830933705,3.1983269814631216e-26,1.09756813703858,9.403554712270548e-05,0.6088066749435974,0.04368592548454442,0.04277601675522413,7.37649732361372e-12,0.20901178312368904,0.3260649353324972,0.24439890830933705
MLMIB FP Equity_DX_ACTIVE_AVAIL_SUPPLY_QTY,0,1053,0.0664784532937552,0.031001962289882137,-0.4286677642114981,2.6211861645041422e-48,-0.359298954342229,6.3586585703007655e-53,0.6236106019722469,7.865396960378811e-05,0.6507847646981321,0.004419384752329947,0.0034721148995727757,0.031001962289880836,0.0664784532937552,0.4286677642114981,0.359298954342229
