feature,lag,n_pairs,pearson_r,pearson_p,spearman_rho,spearman_p,kendall_tau,kendall_p,mutual_info,ols_slope,ols_intercept,ols_r2,ols_adj_r2,ols_slope_p,abs_pearson,abs_spearman,abs_kendall
MLMTP FP Equity_DX_ACTIVE_AVAIL_SUPPLY_MV,0,573,-0.018239386634966756,0.6630640824103778,-0.023622706659672484,0.5725427977238758,-0.020071629598667408,0.5720921485303301,0.0060642334255547325,-7.582779720279384,9.651655594405566,0.00033267522481905676,-0.001418055641687399,0.6630640824103915,0.018239386634966756,0.023622706659672484,0.020071629598667408
MLMTP FP Equity_DX_ACTIVE_AVAILABILITY_VALUE,0,573,-0.018239386634966753,0.6630640824103778,-0.023622706659672484,0.5725427977238758,-0.020071629598667408,0.5720921485303301,0.0060642334255547325,-8.401971989229727e-06,9.651655594405566,0.00033267522481905676,-0.001418055641687399,0.6630640824103735,0.018239386634966753,0.023622706659672484,0.020071629598667408
MLMTP FP Equity_DX_ACTIVE_AVAIL_SUPPLY_QTY,0,573,-0.01823938663496675,0.6630640824103778,-0.023622706659672484,0.5725427977238758,-0.020071629598667408,0.5720921485303301,0.0060642334255547325,-7.981873389768956e-05,9.651655594405566,0.00033267522481905676,-0.001418055641687399,0.6630640824103451,0.01823938663496675,0.023622706659672484,0.020071629598667408
