feature,lag,n_pairs,pearson_r,pearson_p,spearman_rho,spearman_p,kendall_tau,kendall_p,mutual_info,ols_slope,ols_intercept,ols_r2,ols_adj_r2,ols_slope_p,abs_pearson,abs_spearman,abs_kendall
MLNMA FP Equity_DX_ACTIVE_AVAIL_SUPPLY_QTY,0,3193,-0.18301837809839253,1.8890213022362605e-25,-0.348829049163639,5.0466829263400436e-92,-0.28570708122708927,1.7464129868712593e-86,0.1304558779238092,-0.007329280989206207,1.091992750399353,0.03349572672176615,0.03319284227385699,1.8890213022370205e-25,0.18301837809839253,0.348829049163639,0.28570708122708927
MLNMA FP Equity_DX_ACTIVE_AVAILABILITY_VALUE,0,3193,-0.1798526939391026,1.2786492549747497e-24,-0.34773356167678193,2.0235042137869745e-91,-0.27550925526187775,2.4895916693256643e-82,0.2416421330456613,-0.06731931649591695,1.091406660654898,0.0323469915171527,0.03204374707701396,1.2786492549754981e-24,0.1798526939391026,0.34773356167678193,0.27550925526187775
