feature,lag,n_pairs,pearson_r,pearson_p,spearman_rho,spearman_p,kendall_tau,kendall_p,mutual_info,ols_slope,ols_intercept,ols_r2,ols_adj_r2,ols_slope_p,abs_pearson,abs_spearman,abs_kendall
MLOCT FP Equity_DX_ACTIVE_AVAIL_SUPPLY_QTY,0,1822,-0.17942929315672035,1.1969229714124162e-14,-0.49608666881495134,8.511907792439706e-114,-0.37062937587857525,2.605214716693324e-92,0.6693092273890835,-0.0009408019397687572,2.5464720279565625,0.03219487124272047,0.03166311018296375,1.1969229714120427e-14,0.17942929315672035,0.49608666881495134,0.37062937587857525
MLOCT FP Equity_DX_ACTIVE_AVAILABILITY_VALUE,0,1822,-0.11741075831868358,5.018165317126195e-07,-0.47802646437213125,1.1548458111839675e-104,-0.31615864008808897,3.93690903857186e-71,1.347105741815663,-0.0006753539639381377,2.44048850463174,0.013785286168968902,0.013243409952578222,5.018165317126655e-07,0.11741075831868358,0.47802646437213125,0.31615864008808897
