feature,lag,n_pairs,pearson_r,pearson_p,spearman_rho,spearman_p,kendall_tau,kendall_p,mutual_info,ols_slope,ols_intercept,ols_r2,ols_adj_r2,ols_slope_p,abs_pearson,abs_spearman,abs_kendall
MLODT FP Equity_DX_ACTIVE_AVAIL_SUPPLY_MV,0,1633,0.4642338322144097,4.598371123796522e-88,-0.10956251213401147,9.103575894377793e-06,-0.08749936345692419,1.339340172848867e-05,0.23925562445911286,55.062998276115565,2.853199120391019,0.21551305097247675,0.21503206571862787,4.5983711237910494e-88,0.4642338322144097,0.10956251213401147,0.08749936345692419
MLODT FP Equity_DX_ACTIVE_AVAILABILITY_VALUE,0,1633,0.4576164913942273,2.5832544356548626e-85,-0.6139970429072096,8.248636277674374e-170,-0.4377191617030799,8.041424210654019e-124,1.7075183627742612,5.451120151599804e-05,2.8336966992876174,0.20941285319596303,0.208928127784066,2.583254435653951e-85,0.4576164913942273,0.6139970429072096,0.4377191617030799
MLODT FP Equity_DX_ACTIVE_AVAIL_SUPPLY_QTY,0,1633,-0.12008234162338396,1.1360474735417434e-06,-0.6518692092274605,3.39807553900567e-198,-0.5084801442376551,6.430787181258813e-159,1.02026458176974,-7.320034077968484e-06,3.6662621179795924,0.014419768769755481,0.013815489044905593,1.1360474735416534e-06,0.12008234162338396,0.6518692092274605,0.5084801442376551
