feature,lag,n_pairs,pearson_r,pearson_p,spearman_rho,spearman_p,kendall_tau,kendall_p,mutual_info,ols_slope,ols_intercept,ols_r2,ols_adj_r2,ols_slope_p,abs_pearson,abs_spearman,abs_kendall
MLORQ FP Equity_DX_ACTIVE_AVAILABILITY_VALUE,0,707,0.18648389679200592,5.926317189059271e-07,0.1918464123575234,2.7490593630636053e-07,0.16643597728364554,2.7495325699658727e-07,0.08280103456252341,0.0008996006991414894,1.357927450227736,0.03477624376273181,0.03340713205175705,5.926317189058524e-07,0.18648389679200592,0.1918464123575234,0.16643597728364554
MLORQ FP Equity_DX_ACTIVE_AVAIL_SUPPLY_QTY,0,707,0.18102605782929956,1.2664114654509557e-06,0.19120359012623145,3.0177052108421563e-07,0.16510150554890898,3.7662969469155344e-07,0.061810081986600984,0.0013013802256138175,1.3580437956204323,0.03277043361321674,0.03139847678146257,1.266411465450653e-06,0.18102605782929956,0.19120359012623145,0.16510150554890898
