feature,lag,n_pairs,pearson_r,pearson_p,spearman_rho,spearman_p,kendall_tau,kendall_p,mutual_info,ols_slope,ols_intercept,ols_r2,ols_adj_r2,ols_slope_p,abs_pearson,abs_spearman,abs_kendall
MLPHO FP Equity_DX_ACTIVE_AVAIL_SUPPLY_MV,0,1382,-0.2944693539105925,4.774361626780067e-29,-0.7905644751154901,3.323627886455806e-296,-0.6106555445325198,2.5739692422355673e-190,0.8387723491236083,-13.103058835208177,2.154179813109056,0.08671220039252159,0.08605039763918287,4.774361626779808e-29,0.2944693539105925,0.7905644751154901,0.6106555445325198
MLPHO FP Equity_DX_ACTIVE_AVAIL_SUPPLY_QTY,0,1382,-0.2941941522380625,5.400887140534323e-29,-0.7955140880137647,1.5104856283886403e-302,-0.6259432768018887,3.6092341400109805e-199,0.7512715263373166,-1.614476260572671e-06,2.15300057230995,0.08655019921107221,0.08588827906557306,5.400887140532021e-29,0.2941941522380625,0.7955140880137647,0.6259432768018887
MLPHO FP Equity_DX_ACTIVE_AVAILABILITY_VALUE,0,1382,-0.29209863961568044,1.3749706686173754e-28,-0.7841125998898119,3.431948812752744e-288,-0.5726818303582225,2.994217000408751e-173,1.2922992585031094,-1.3039020343007948e-05,2.1472093527000875,0.085321615265331,0.08465880484161026,1.374970668617555e-28,0.29209863961568044,0.7841125998898119,0.5726818303582225
