feature,lag,n_pairs,pearson_r,pearson_p,spearman_rho,spearman_p,kendall_tau,kendall_p,mutual_info,ols_slope,ols_intercept,ols_r2,ols_adj_r2,ols_slope_p,abs_pearson,abs_spearman,abs_kendall
MLSBT FP Equity_DX_ACTIVE_AVAIL_SUPPLY_MV,0,1907,0.5765261016222726,2.308881833222627e-169,0.3218791071978171,3.217079703830578e-47,0.26634480878854755,8.63606610641434e-48,0.4784761702482745,332.1078822554068,4.14919804524828,0.3323823458517753,0.33203189039028014,2.3088818332178846e-169,0.5765261016222726,0.3218791071978171,0.26634480878854755
MLSBT FP Equity_DX_ACTIVE_AVAILABILITY_VALUE,0,1907,0.5429645700275065,1.0912310276578683e-146,0.2961557903750714,6.5383999050018205e-40,0.24833029854544383,5.026881407287626e-43,0.7507021476835753,0.00040264259255894715,4.279358667483135,0.2948105243051551,0.29444034610269054,1.0912310276645301e-146,0.5429645700275065,0.2961557903750714,0.24833029854544383
MLSBT FP Equity_DX_ACTIVE_AVAIL_SUPPLY_QTY,0,1907,0.4414967699888437,8.473550835651852e-92,0.2764592232787676,8.466994982776315e-35,0.22655650449172915,1.5289341952614891e-33,0.2890895956359778,0.003876823763367602,4.3971942892613205,0.19491939791058177,0.19449678342129595,8.47355083563038e-92,0.4414967699888437,0.2764592232787676,0.22655650449172915
