feature,lag,n_pairs,pearson_r,pearson_p,spearman_rho,spearman_p,kendall_tau,kendall_p,mutual_info,ols_slope,ols_intercept,ols_r2,ols_adj_r2,ols_slope_p,abs_pearson,abs_spearman,abs_kendall
MLSEQ FP Equity_DX_ACTIVE_AVAILABILITY_VALUE,0,2865,0.799508176556456,0.0,0.6999115296539685,0.0,0.6285033757063551,0.0,3.11554541752312,9.698772964808519e-08,0.1439114655478874,0.6392133243806297,0.6390873073790162,0.0,0.799508176556456,0.6999115296539685,0.6285033757063551
MLSEQ FP Equity_DX_ACTIVE_AVAIL_SUPPLY_MV,0,2865,0.799481128341271,0.0,0.6952708446081421,0.0,0.5975577582872149,0.0,1.2377677447593691,0.09699658256954888,0.14359543315139892,0.6391700745738311,0.6390440424657535,0.0,0.799481128341271,0.6952708446081421,0.5975577582872149
MLSEQ FP Equity_DX_ACTIVE_AVAIL_SUPPLY_QTY,0,2865,0.7531685444865822,0.0,0.5439232153794612,2.3341486859022833e-220,0.4223321315662331,3.790965195049969e-210,1.2866555931952255,2.2727074800527512e-07,0.10857848076471975,0.5672628564040364,0.5671117082574783,0.0,0.7531685444865822,0.5439232153794612,0.4223321315662331
