feature,lag,n_pairs,pearson_r,pearson_p,spearman_rho,spearman_p,kendall_tau,kendall_p,mutual_info,ols_slope,ols_intercept,ols_r2,ols_adj_r2,ols_slope_p,abs_pearson,abs_spearman,abs_kendall
MLSGT FP Equity_DX_ACTIVE_AVAILABILITY_VALUE,0,753,-0.07116977046600562,0.05091562783492907,-0.06529462373072371,0.0733455849376075,-0.055293252757426324,0.07361908947558114,0.009646281676995994,-0.07251635511278103,142.1794762874718,0.005065136228184053,0.00374032282768888,0.050915627834930366,0.07116977046600562,0.06529462373072371,0.055293252757426324
MLSGT FP Equity_DX_ACTIVE_AVAIL_SUPPLY_QTY,0,753,-0.06708321920619041,0.06579247329565532,-0.06549473246683055,0.07246685969800547,-0.055688255627401984,0.07187720835264921,0.005120421786461105,-0.23765684611298063,142.02283094268242,0.004500158299066248,0.003174592597733339,0.06579247329565399,0.06708321920619041,0.06549473246683055,0.055688255627401984
