feature,lag,n_pairs,pearson_r,pearson_p,spearman_rho,spearman_p,kendall_tau,kendall_p,mutual_info,ols_slope,ols_intercept,ols_r2,ols_adj_r2,ols_slope_p,abs_pearson,abs_spearman,abs_kendall
MLUMG FP Equity_DX_ACTIVE_AVAIL_SUPPLY_QTY,0,1767,-0.46199072635000504,3.967909232308197e-94,-0.538810914487506,1.2903188970748876e-133,-0.4422682985560059,1.639593783918738e-113,0.30396325499133425,-0.3230055972673153,4.949882812499993,0.21343543123340547,0.21298978558537907,3.9679092323159163e-94,0.46199072635000504,0.538810914487506,0.4422682985560059
MLUMG FP Equity_DX_ACTIVE_AVAILABILITY_VALUE,0,1767,-0.4513291347959058,2.1097321308880476e-89,-0.5322785068738359,7.517840660756205e-130,-0.39786910500172595,8.64356280146898e-98,0.6368864595085644,-0.17669480153626818,4.935565428606331,0.20369798791562077,0.2032468253025418,2.109732130886478e-89,0.4513291347959058,0.5322785068738359,0.39786910500172595
