feature,lag,n_pairs,pearson_r,pearson_p,spearman_rho,spearman_p,kendall_tau,kendall_p,mutual_info,ols_slope,ols_intercept,ols_r2,ols_adj_r2,ols_slope_p,abs_pearson,abs_spearman,abs_kendall
PALAT FP Equity_DX_ACTIVE_AVAIL_SUPPLY_QTY,0,1614,-0.005346400124549427,0.8300599247748549,-0.022272234979574496,0.3712169058118556,-0.018208950989496268,0.3704838409408585,0.002959159708200154,-0.001072769474880764,18.99884857516566,2.858399429195302e-05,-0.0005917456682427158,0.8300599247748058,0.005346400124549427,0.022272234979574496,0.018208950989496268
PALAT FP Equity_DX_ACTIVE_AVAIL_SUPPLY_MV,0,1614,-0.005249049163236501,0.8331084025836535,-0.013173069096668785,0.5969192502374261,-0.010759765613740885,0.5967644825055659,0.0,-56.63353998760921,18.998335399876026,2.7552517118167863e-05,-0.0005927777852905436,0.8331084025836281,0.005249049163236501,0.013173069096668785,0.010759765613740885
PALAT FP Equity_DX_ACTIVE_AVAILABILITY_VALUE,0,1614,-0.00466216514262272,0.8515378410568561,-0.022247674977610245,0.37174475326940426,-0.01811035689895505,0.37283362695004163,0.0022729864788226806,-4.991961075172861e-05,18.998738791521212,2.1735783817145027e-05,-0.0005985981269869267,0.8515378410568756,0.00466216514262272,0.022247674977610245,0.01811035689895505
