feature,lag,n_pairs,pearson_r,pearson_p,spearman_rho,spearman_p,kendall_tau,kendall_p,mutual_info,ols_slope,ols_intercept,ols_r2,ols_adj_r2,ols_slope_p,abs_pearson,abs_spearman,abs_kendall
SPEUS FP Equity_DX_ACTIVE_AVAIL_SUPPLY_QTY,0,561,-0.19315164564003232,4.062856379057593e-06,-0.20978939729897012,5.337363210389608e-07,-0.17144763580400596,6.887003659282053e-07,0.3510928118434107,-0.000994651918548479,13.453461123110138,0.03730755821345255,0.03558538926571286,4.0628563790594185e-06,0.19315164564003232,0.20978939729897012,0.17144763580400596
SPEUS FP Equity_DX_ACTIVE_AVAIL_SUPPLY_MV,0,561,-0.19315164564003232,4.062856379057593e-06,-0.20978939729897012,5.337363210389608e-07,-0.17144763580400596,6.887003659282053e-07,0.3510928118434107,-94.09407149469031,13.453461123110152,0.03730755821345255,0.03558538926571286,4.062856379056022e-06,0.19315164564003232,0.20978939729897012,0.17144763580400596
SPEUS FP Equity_DX_ACTIVE_AVAILABILITY_VALUE,0,561,-0.19090046591652424,5.278145538818829e-06,-0.19974142001479475,1.8556034623894864e-06,-0.11340092125199773,0.0006038564546597974,0.7648193304950528,-7.611355819856145e-05,13.4514660414515,0.03644298788714606,0.03471927230197114,5.278145538818355e-06,0.19090046591652424,0.19974142001479475,0.11340092125199773
