feature,lag,n_pairs,pearson_r,pearson_p,spearman_rho,spearman_p,kendall_tau,kendall_p,mutual_info,ols_slope,ols_intercept,ols_r2,ols_adj_r2,ols_slope_p,abs_pearson,abs_spearman,abs_kendall
TELE FP Equity_DX_DSS,0,4858,-0.37479023248374604,7.465303800003378e-162,-0.4065212154539428,9.46787332128053e-193,-0.3242240521600091,6.2909869419332455e-174,0.14737528461211902,-4.32032723474528,33.34973293216423,0.14046771836522054,0.14029071418860706,7.465303799803592e-162,0.37479023248374604,0.4065212154539428,0.3242240521600091
