feature,lag,n_pairs,pearson_r,pearson_p,spearman_rho,spearman_p,kendall_tau,kendall_p,mutual_info,ols_slope,ols_intercept,ols_r2,ols_adj_r2,ols_slope_p,abs_pearson,abs_spearman,abs_kendall
TNO FP Equity_DX_DSS,0,4690,-0.14390718675908026,3.989794860323701e-23,-0.17991899474586837,2.0435677415620834e-35,-0.14692601415086545,7.053470588485068e-35,0.03403722174166057,-27.48135143800904,46.94857366023,0.020709278400912967,0.02050038532889964,3.989794860324791e-23,0.14390718675908026,0.17991899474586837,0.14692601415086545
