feature,lag,n_pairs,pearson_r,pearson_p,spearman_rho,spearman_p,kendall_tau,kendall_p,mutual_info,ols_slope,ols_intercept,ols_r2,ols_adj_r2,ols_slope_p,abs_pearson,abs_spearman,abs_kendall
USHY FP Equity_DX_DSS,0,2258,0.23515700952157273,9.61141738746216e-30,0.18818157176562955,1.9187274375884436e-19,0.15316682890371117,4.701767285594029e-19,0.049701443216562224,8.563413972359129,89.47105566121469,0.05529881912712886,0.05488006860369232,9.611417387515832e-30,0.23515700952157273,0.18818157176562955,0.15316682890371117
