feature,lag,n_pairs,pearson_r,pearson_p,spearman_rho,spearman_p,kendall_tau,kendall_p,mutual_info,ols_slope,ols_intercept,ols_r2,ols_adj_r2,ols_slope_p,abs_pearson,abs_spearman,abs_kendall
UTI FP Equity_DX_DSS,0,4859,-0.08146224952395302,1.2971340855852491e-08,-0.07021587878738023,9.618195868085382e-07,-0.05630557051020575,1.1987080581810936e-06,0.12912288325087706,-2.6446106902941753,44.43809841391737,0.006636098097502874,0.006431575984696125,1.2971340855889001e-08,0.08146224952395302,0.07021587878738023,0.05630557051020575
