feature,lag,n_pairs,pearson_r,pearson_p,spearman_rho,spearman_p,kendall_tau,kendall_p,mutual_info,ols_slope,ols_intercept,ols_r2,ols_adj_r2,ols_slope_p,abs_pearson,abs_spearman,abs_kendall
3CAS FP Equity_DX_ACTIVE_AVAILABILITY_VALUE,1,527,-0.11829599894185581,0.006552641529416791,-0.11612973718470283,0.0076160337472205766,-0.09450280266902475,0.0076857136010656,0.028306784779966065,-0.0003176731396621786,41.53200596668189,0.013993943365651629,0.01211583659111004,0.006552641529417119,0.11829599894185581,0.11612973718470283,0.09450280266902475
3CAS FP Equity_DX_ACTIVE_AVAIL_SUPPLY_QTY,1,527,-0.11220201065396315,0.009943396599729376,-0.11611685256389295,0.007622795263453047,-0.09460088552123591,0.0076851094432910825,0.02116126450201339,-0.011001635413518026,41.524370044641834,0.01258929119479213,0.010708508892306123,0.009943396599730404,0.11220201065396315,0.11611685256389295,0.09460088552123591
3CAS FP Equity_DX_ACTIVE_AVAIL_SUPPLY_MV,1,527,-0.10163742923900104,0.019609152423576536,-0.09805003373303935,0.024387744952101564,-0.07994132505451715,0.024601929915930243,0.01905105936719087,-283.1044657097266,41.51340182005816,0.010330167022313264,0.008445081626165307,0.0196091524235779,0.10163742923900104,0.09805003373303935,0.07994132505451715
