feature,lag,n_pairs,pearson_r,pearson_p,spearman_rho,spearman_p,kendall_tau,kendall_p,mutual_info,ols_slope,ols_intercept,ols_r2,ols_adj_r2,ols_slope_p,abs_pearson,abs_spearman,abs_kendall
AAA FP Equity_DX_ACTIVE_AVAILABILITY_VALUE,1,2164,0.3337872763392965,1.792907821099694e-57,-0.07463105784351305,0.0005116374131713409,-0.05892889603110358,0.0005947817829015196,0.35245536105057873,1.005135632551539e-05,8.82304129571327,0.11141394584600606,0.11100294397081922,1.792907821096206e-57,0.3337872763392965,0.07463105784351305,0.05892889603110358
AAA FP Equity_DX_ACTIVE_AVAIL_SUPPLY_MV,1,2164,0.3333012659743377,2.6634670978379456e-57,-0.07501320959415367,0.00047864607786879604,-0.05921955021074917,0.0005614052294640546,0.3436056353337371,10.043856592421708,8.825399626672057,0.11108973390009669,0.11067858206563796,2.6634670978340296e-57,0.3333012659743377,0.07501320959415367,0.05921955021074917
AAA FP Equity_DX_ACTIVE_AVAIL_SUPPLY_QTY,1,2164,0.30309303126945514,3.2458046779652984e-47,-0.07787157349842297,0.00028794899106515643,-0.06325060594751725,0.00025338875264780525,0.32762233221963877,0.00044171238028587227,8.931350611081958,0.09186538560410773,0.09144534184166753,3.245804677981692e-47,0.30309303126945514,0.07787157349842297,0.06325060594751725
