feature,lag,n_pairs,pearson_r,pearson_p,spearman_rho,spearman_p,kendall_tau,kendall_p,mutual_info,ols_slope,ols_intercept,ols_r2,ols_adj_r2,ols_slope_p,abs_pearson,abs_spearman,abs_kendall
AINJ FP Equity_DX_ACTIVE_AVAIL_SUPPLY_QTY,1,291,-0.10179861347670387,0.08299151961297048,0.044416132137550864,0.45037263252203685,0.042973738190291655,0.3547993767260369,0.11535516082904418,-0.0005455723478930206,15.437441006306951,0.010362957705779552,0.006938608078463804,0.08299151961297221,0.10179861347670387,0.044416132137550864,0.042973738190291655
AINJ FP Equity_DX_ACTIVE_AVAILABILITY_VALUE,1,291,0.08184171364061216,0.16378828636427087,0.07150232965537202,0.22396754668946775,0.060563292427403395,0.19070312231453124,0.07297853429720713,3.3980613483989104e-05,15.087695668133653,0.006698066091632149,0.00326103517845433,0.16378828636426873,0.08184171364061216,0.07150232965537202,0.060563292427403395
AINJ FP Equity_DX_ACTIVE_AVAIL_SUPPLY_MV,1,291,0.07594141160311901,0.19644242093749875,-0.013537051875818714,0.8181372807275646,-0.010337950766372256,0.8258555110579578,0.0875763975918471,29.55890657711545,15.10169678211246,0.005767097996274173,0.0023268457402059184,0.19644242093750136,0.07594141160311901,0.013537051875818714,0.010337950766372256
