feature,lag,n_pairs,pearson_r,pearson_p,spearman_rho,spearman_p,kendall_tau,kendall_p,mutual_info,ols_slope,ols_intercept,ols_r2,ols_adj_r2,ols_slope_p,abs_pearson,abs_spearman,abs_kendall
ALAQU FP Equity_DX_ACTIVE_AVAIL_SUPPLY_QTY,1,3431,-0.05728063447662911,0.0007886959868214161,-0.05313363008791673,0.0018497420812171915,-0.04352093382731949,0.0018592844638188515,0.008965144441968942,-0.012924816983894338,5.09748169838946,0.003281071086045695,0.002990397732614891,0.0007886959868215767,0.05728063447662911,0.05313363008791673,0.04352093382731949
ALAQU FP Equity_DX_ACTIVE_AVAILABILITY_VALUE,1,3431,-0.057234118089866046,0.0007965198342757706,-0.05312690642702793,0.001852216559228465,-0.04339059831492018,0.0018987726363648037,0.00883551985612141,-0.003399023571137603,5.097475740386295,0.0032757442735248388,0.002985069366634563,0.0007965198342757258,0.057234118089866046,0.05312690642702793,0.04339059831492018
