feature,lag,n_pairs,pearson_r,pearson_p,spearman_rho,spearman_p,kendall_tau,kendall_p,mutual_info,ols_slope,ols_intercept,ols_r2,ols_adj_r2,ols_slope_p,abs_pearson,abs_spearman,abs_kendall
ALARF FP Equity_DX_ACTIVE_AVAIL_SUPPLY_QTY,1,2031,-0.3307297719075894,4.885992125828861e-53,-0.7731795184385678,0.0,-0.5583286693449855,1.950677870684284e-243,1.108170298814653,-0.00012391123957416683,3.6870084835763537,0.1093821820260461,0.10894323780821757,4.885992125824513e-53,0.3307297719075894,0.7731795184385678,0.5583286693449855
ALARF FP Equity_DX_ACTIVE_AVAILABILITY_VALUE,1,2031,-0.23375016440900548,1.317203356036059e-26,-0.7489913847779355,0.0,-0.4628757887948117,3.834700732630706e-173,1.4764513179561203,-4.944297663606685e-05,3.498778705069427,0.054639139361236766,0.054173214836525596,1.317203356036482e-26,0.23375016440900548,0.7489913847779355,0.4628757887948117
ALARF FP Equity_DX_ACTIVE_AVAIL_SUPPLY_MV,1,2031,-0.05635474328101351,0.011079768815422681,-0.3071848538705729,1.2275419189992877e-45,-0.21934334058420293,1.941985939884947e-35,0.4911968120716006,-2.793215375419744,3.2606238802539647,0.0031758570902687966,0.0026845687004659613,0.01107976881542268,0.05635474328101351,0.3071848538705729,0.21934334058420293
