feature,lag,n_pairs,pearson_r,pearson_p,spearman_rho,spearman_p,kendall_tau,kendall_p,mutual_info,ols_slope,ols_intercept,ols_r2,ols_adj_r2,ols_slope_p,abs_pearson,abs_spearman,abs_kendall
ALAUD FP Equity_DX_ACTIVE_AVAIL_SUPPLY_QTY,1,998,-0.33129057032973036,5.4345350425746406e-27,-0.3956205659799224,9.76052520297784e-39,-0.32202520185825634,7.619482493187426e-37,0.22550795267180535,-0.030245788794053714,4.840842633606464,0.10975344198939807,0.10885962014400585,5.434535042569375e-27,0.33129057032973036,0.3956205659799224,0.32202520185825634
ALAUD FP Equity_DX_ACTIVE_AVAILABILITY_VALUE,1,998,-0.261157905543434,5.034426234151981e-17,-0.39232264575969034,4.5534604034124026e-38,-0.31420175219475394,2.3828310112838549e-35,0.22615621281811316,-0.005881639325207586,4.813023017278034,0.06820345162783314,0.06726791292464818,5.034426234151329e-17,0.261157905543434,0.39232264575969034,0.31420175219475394
