feature,lag,n_pairs,pearson_r,pearson_p,spearman_rho,spearman_p,kendall_tau,kendall_p,mutual_info,ols_slope,ols_intercept,ols_r2,ols_adj_r2,ols_slope_p,abs_pearson,abs_spearman,abs_kendall
ALBLU FP Equity_DX_ACTIVE_AVAIL_SUPPLY_QTY,1,2988,-0.026725203228579946,0.144147564760258,-0.029199555636298235,0.11053433198490815,-0.02388859384176823,0.1105208216524594,0.0,-0.036729517910947626,4.512951791094753,0.0007142364876083773,0.0003795795004976066,0.1441475647602528,0.026725203228579946,0.029199555636298235,0.02388859384176823
ALBLU FP Equity_DX_ACTIVE_AVAILABILITY_VALUE,1,2988,-0.026725203228579943,0.144147564760258,-0.029199555636298235,0.11053433198490815,-0.02388859384176823,0.1105208216524594,0.0,-0.04372561656065202,4.512951791094753,0.0007142364876083773,0.0003795795004976066,0.14414756476025475,0.026725203228579943,0.029199555636298235,0.02388859384176823
