feature,lag,n_pairs,pearson_r,pearson_p,spearman_rho,spearman_p,kendall_tau,kendall_p,mutual_info,ols_slope,ols_intercept,ols_r2,ols_adj_r2,ols_slope_p,abs_pearson,abs_spearman,abs_kendall
ALCOF FP Equity_DX_ACTIVE_AVAILABILITY_VALUE,1,4475,-0.3368522424411254,3.6763250614993834e-119,-0.5611250255906343,0.0,-0.4313412280271394,1.3978541372737753e-296,0.37953664016956656,-0.025206402294041565,154.06424721701953,0.11346943323761416,0.11327123726918975,3.676325061516056e-119,0.3368522424411254,0.5611250255906343,0.4313412280271394
ALCOF FP Equity_DX_ACTIVE_AVAIL_SUPPLY_QTY,1,4475,-0.33349650065293945,1.0745753219555626e-116,-0.5642572483708829,0.0,-0.44349057001220654,2.5728105985184363e-304,0.33277182082346446,-0.013158259530926706,153.60318317818792,0.11121991594775582,0.11102121706913926,1.0745753219534227e-116,0.33349650065293945,0.5642572483708829,0.44349057001220654
ALCOF FP Equity_DX_ACTIVE_AVAIL_SUPPLY_MV,1,4475,-0.30134932474818493,1.337190109456615e-94,-0.3932070123731516,2.2012451867510985e-165,-0.30472785421514614,4.986978116162915e-142,0.3095052254750721,-7251.495817928298,149.45866860107654,0.09081141552618666,0.09060815404966671,1.3371901094469445e-94,0.30134932474818493,0.3932070123731516,0.30472785421514614
