feature,lag,n_pairs,pearson_r,pearson_p,spearman_rho,spearman_p,kendall_tau,kendall_p,mutual_info,ols_slope,ols_intercept,ols_r2,ols_adj_r2,ols_slope_p,abs_pearson,abs_spearman,abs_kendall
ALCWE FP Equity_DX_ACTIVE_AVAIL_SUPPLY_MV,1,805,0.15315738047480326,1.2742356080933837e-05,0.12388604734214116,0.0004265659085428483,0.10160717793259746,0.000435984988542318,0.0,101.50161463769467,4.76703812822216,0.023457183193903552,0.02224106511568924,1.2742356080936099e-05,0.15315738047480326,0.12388604734214116,0.10160717793259746
ALCWE FP Equity_DX_ACTIVE_AVAILABILITY_VALUE,1,805,0.14985427000512574,1.9611715226252463e-05,-0.3528071305362314,5.241332070715116e-25,-0.28139738735757625,9.255951652054481e-24,0.2416676010067973,0.00010395019080218555,4.765231067948357,0.022456302238769044,0.021238937733462415,1.96117152262531e-05,0.14985427000512574,0.3528071305362314,0.28139738735757625
ALCWE FP Equity_DX_ACTIVE_AVAIL_SUPPLY_QTY,1,805,0.1402374322669027,6.539355216596305e-05,-0.35385153127794544,3.725066944631215e-25,-0.2854141603336186,2.6213188191757424e-24,0.2612322691339424,0.0008938069838453316,4.763260366895071,0.019666537408814078,0.01844569872563695,6.539355216595836e-05,0.1402374322669027,0.35385153127794544,0.2854141603336186
