feature,lag,n_pairs,pearson_r,pearson_p,spearman_rho,spearman_p,kendall_tau,kendall_p,mutual_info,ols_slope,ols_intercept,ols_r2,ols_adj_r2,ols_slope_p,abs_pearson,abs_spearman,abs_kendall
ALDBL FP Equity_DX_ACTIVE_AVAIL_SUPPLY_QTY,1,4678,0.340776765196789,1.5532598705342896e-127,0.24750618916423212,3.045730450963646e-66,0.20334813857901538,3.45163564618474e-65,0.09166665887180847,0.00019508186544030517,3.964875780028835,0.11612880369798795,0.11593978077320144,1.5532598705158632e-127,0.340776765196789,0.24750618916423212,0.20334813857901538
ALDBL FP Equity_DX_ACTIVE_AVAILABILITY_VALUE,1,4678,0.3378797033491645,2.8253547389008585e-125,0.24751164760467667,3.025236471778854e-66,0.20338276169354846,2.847941268260345e-65,0.09634834866040043,3.066459649577679e-05,3.9661311577066924,0.11416269393532008,0.11397325054223528,2.8253547388763073e-125,0.3378797033491645,0.24751164760467667,0.20338276169354846
ALDBL FP Equity_DX_ACTIVE_AVAIL_SUPPLY_MV,1,4678,0.3369912606301547,1.3779897043297838e-124,0.24750656157876905,3.044327816360572e-66,0.20341054268970546,3.466530866449747e-65,0.08860111844384044,29.240028596270125,3.9663930239594984,0.11356310974110007,0.11337353812213968,1.3779897043468613e-124,0.3369912606301547,0.24750656157876905,0.20341054268970546
