feature,lag,n_pairs,pearson_r,pearson_p,spearman_rho,spearman_p,kendall_tau,kendall_p,mutual_info,ols_slope,ols_intercept,ols_r2,ols_adj_r2,ols_slope_p,abs_pearson,abs_spearman,abs_kendall
ALDEV FP Equity_DX_ACTIVE_AVAIL_SUPPLY_QTY,1,1535,-0.24949399191365645,3.262813720104259e-23,-0.5515231159541529,6.947793457370627e-123,-0.4613432362557595,1.752886259401732e-103,0.4829540560494734,-0.008853958305353118,48.16578859060398,0.062247252001011555,0.06163554114126002,3.2628137201060497e-23,0.24949399191365645,0.5515231159541529,0.4613432362557595
ALDEV FP Equity_DX_ACTIVE_AVAILABILITY_VALUE,1,1535,-0.23940615352062924,1.893720759233357e-21,-0.5249180762373854,1.9488477722768875e-109,-0.41706195259015594,8.777819788421954e-94,0.46493100701802037,-0.00010735588210160932,47.52625379188313,0.05731530634354398,0.056700378298105925,1.89372075923283e-21,0.23940615352062924,0.5249180762373854,0.41706195259015594
ALDEV FP Equity_DX_ACTIVE_AVAIL_SUPPLY_MV,1,1535,-0.23437027466746327,1.342140315007878e-20,-0.5344220792022986,4.201309159605179e-114,-0.42671284759742995,3.747622735468803e-98,0.5059381441007202,-102.00640102460167,47.547708621031894,0.054929425647701646,0.0543129412547777,1.3421403150075621e-20,0.23437027466746327,0.5344220792022986,0.42671284759742995
