feature,lag,n_pairs,pearson_r,pearson_p,spearman_rho,spearman_p,kendall_tau,kendall_p,mutual_info,ols_slope,ols_intercept,ols_r2,ols_adj_r2,ols_slope_p,abs_pearson,abs_spearman,abs_kendall
ALENR FP Equity_DX_ACTIVE_AVAIL_SUPPLY_QTY,1,1298,-0.11129777190986903,5.85853895496345e-05,0.15082205489792508,4.766545747387474e-08,0.12362858660527093,5.236225690454855e-08,0.3342710940808806,-0.00018209791008167253,11.915173189890359,0.012387194032100868,0.011625147113915824,5.8585389549634624e-05,0.11129777190986903,0.15082205489792508,0.12362858660527093
ALENR FP Equity_DX_ACTIVE_AVAIL_SUPPLY_MV,1,1298,-0.10933398901017854,7.91027287901897e-05,0.15639144964156806,1.4797834618844749e-08,0.1374067170453233,7.676393682509383e-10,0.4092645264140873,-22.737616085475327,11.903185908459669,0.011953921152878189,0.011191539919199855,7.910272879019516e-05,0.10933398901017854,0.15639144964156806,0.1374067170453233
ALENR FP Equity_DX_ACTIVE_AVAILABILITY_VALUE,1,1298,-0.10908583108848591,8.21329024528261e-05,0.15721092126723368,1.2413878275638722e-08,0.14244298361813937,1.4652293077714903e-10,0.4965337238923404,-2.284964669455103e-05,11.901656660791428,0.011899718544265525,0.011137295487586796,8.213290245281607e-05,0.10908583108848591,0.15721092126723368,0.14244298361813937
