feature,lag,n_pairs,pearson_r,pearson_p,spearman_rho,spearman_p,kendall_tau,kendall_p,mutual_info,ols_slope,ols_intercept,ols_r2,ols_adj_r2,ols_slope_p,abs_pearson,abs_spearman,abs_kendall
ALERO FP Equity_DX_ACTIVE_AVAILABILITY_VALUE,1,2188,-0.03884098453995974,0.06929746145447506,-0.059953894933584315,0.005026536783726489,-0.0469294012886759,0.006911278853674443,0.14656573093207803,-3.609312891182306e-05,3.482101004669709,0.0015086220800334393,0.001051855667444146,0.06929746145447628,0.03884098453995974,0.059953894933584315,0.0469294012886759
ALERO FP Equity_DX_ACTIVE_AVAIL_SUPPLY_QTY,1,2188,-0.03822173173097221,0.07385774990991306,-0.060402227528285175,0.0047082586731388805,-0.04933952882207236,0.004761021826460379,0.11462481107613365,-3.8762990489032684e-05,3.4814472290616023,0.0014609007765151727,0.0010041125335034096,0.07385774990991523,0.03822173173097221,0.060402227528285175,0.04933952882207236
ALERO FP Equity_DX_ACTIVE_AVAIL_SUPPLY_MV,1,2188,-0.03745961851050186,0.07980356442728807,-0.11014904382843894,2.402879417356611e-07,-0.09031164335706206,2.571253854015848e-07,0.025491901387139748,-27.692254325772787,3.480315150949479,0.0014032230189533479,0.0009464083908741205,0.0798035644272896,0.03745961851050186,0.11014904382843894,0.09031164335706206
