feature,lag,n_pairs,pearson_r,pearson_p,spearman_rho,spearman_p,kendall_tau,kendall_p,mutual_info,ols_slope,ols_intercept,ols_r2,ols_adj_r2,ols_slope_p,abs_pearson,abs_spearman,abs_kendall
ALEXA FP Equity_DX_ACTIVE_AVAIL_SUPPLY_QTY,1,4088,-0.6001658045570609,0.0,-0.3959211795007596,1.6716349811315076e-153,-0.26289292314423207,3.705176324835649e-108,0.808704357002203,-0.012341524083629605,110.93992683783738,0.3601989929596232,0.3600424092574597,0.0,0.6001658045570609,0.3959211795007596,0.26289292314423207
ALEXA FP Equity_DX_ACTIVE_AVAILABILITY_VALUE,1,4088,-0.5327401096269977,1.5477245204031234e-298,-0.3891986002169102,5.845058555559962e-148,-0.24239006137263394,1.0702827013672666e-95,1.045147967897678,-0.00016490383700637005,108.9753419379382,0.2838120244053858,0.2836367458993666,1.5477245204140536e-298,0.5327401096269977,0.3891986002169102,0.24239006137263394
ALEXA FP Equity_DX_ACTIVE_AVAIL_SUPPLY_MV,1,4088,-0.5318001425677432,2.6868769401469895e-297,-0.4119110080140995,3.2318975958963888e-167,-0.2740278084382584,2.2602362706906473e-117,0.8547456301268643,-152.40571836819467,108.8771281623857,0.2828113916350721,0.2826358682360597,2.6868769401888482e-297,0.5318001425677432,0.4119110080140995,0.2740278084382584
