feature,lag,n_pairs,pearson_r,pearson_p,spearman_rho,spearman_p,kendall_tau,kendall_p,mutual_info,ols_slope,ols_intercept,ols_r2,ols_adj_r2,ols_slope_p,abs_pearson,abs_spearman,abs_kendall
ALHGO FP Equity_DX_ACTIVE_AVAIL_SUPPLY_QTY,1,1131,-0.28528800498296736,1.2697800046825642e-22,-0.5054242865283991,2.2573338630000544e-74,-0.3778777186675844,1.5005216422418144e-64,1.1325906486522181,-4.945749145458331e-05,48.844132542476316,0.08138924578716267,0.08057559587200502,1.269780004683143e-22,0.28528800498296736,0.5054242865283991,0.3778777186675844
ALHGO FP Equity_DX_ACTIVE_AVAIL_SUPPLY_MV,1,1131,-0.23023870321062528,4.505268293240919e-15,-0.22048796866456835,6.412726660808062e-14,-0.10458753174343925,8.530724139000495e-07,1.9170692038112245,-0.8633842352970588,48.289979368832455,0.05300986045611056,0.0521710737957527,4.505268293234609e-15,0.23023870321062528,0.22048796866456835,0.10458753174343925
ALHGO FP Equity_DX_ACTIVE_AVAILABILITY_VALUE,1,1131,-0.22935836296684364,5.755123319452018e-15,-0.21828476334028452,1.148781027555669e-13,-0.09751084594086695,4.404018803930489e-06,2.132852102702127,-8.604908413893224e-07,48.28094978477114,0.05260525866283006,0.05176611363064465,5.7551233194375735e-15,0.22935836296684364,0.21828476334028452,0.09751084594086695
