feature,lag,n_pairs,pearson_r,pearson_p,spearman_rho,spearman_p,kendall_tau,kendall_p,mutual_info,ols_slope,ols_intercept,ols_r2,ols_adj_r2,ols_slope_p,abs_pearson,abs_spearman,abs_kendall
ALI2S FP Equity_DX_ACTIVE_AVAIL_SUPPLY_QTY,1,2877,-0.04710336603000568,0.011510062564956635,-0.043311581388233295,0.02016771007901761,-0.03546161513186541,0.020193732733810924,0.0,-3.300372303409875,4.267038970076553,0.0022187270913567314,0.0018716727355624352,0.011510062564957206,0.04710336603000568,0.043311581388233295,0.03546161513186541
ALI2S FP Equity_DX_ACTIVE_AVAILABILITY_VALUE,1,2877,-0.047103366030005665,0.011510062564956635,-0.043311581388233295,0.02016771007901761,-0.03546161513186541,0.020193732733810924,0.0,-1.1957870664528534,4.267038970076552,0.0022187270913567314,0.0018716727355624352,0.01151006256495738,0.047103366030005665,0.043311581388233295,0.03546161513186541
