feature,lag,n_pairs,pearson_r,pearson_p,spearman_rho,spearman_p,kendall_tau,kendall_p,mutual_info,ols_slope,ols_intercept,ols_r2,ols_adj_r2,ols_slope_p,abs_pearson,abs_spearman,abs_kendall
ALIMR FP Equity_DX_ACTIVE_AVAILABILITY_VALUE,1,1564,0.04394924932733401,0.08229362871257917,0.21002612427349454,4.733402829500922e-17,0.18778647530687523,6.863322572398591e-21,0.46039646364379294,0.00020069526983781906,3.0858018830859466,0.00193153651643585,0.0012925682299547159,0.0822936287125686,0.04394924932733401,0.21002612427349454,0.18778647530687523
ALIMR FP Equity_DX_ACTIVE_AVAIL_SUPPLY_QTY,1,1564,0.03883082359672291,0.12478117994154227,0.21259076838236043,1.9285564503810594e-17,0.1742116296533936,4.288382761048765e-17,0.2636140184308784,0.0006873447233963353,3.0899479553903406,0.0015078328611992653,0.0008685933175764937,0.12478117994152972,0.03883082359672291,0.21259076838236043,0.1742116296533936
