feature,lag,n_pairs,pearson_r,pearson_p,spearman_rho,spearman_p,kendall_tau,kendall_p,mutual_info,ols_slope,ols_intercept,ols_r2,ols_adj_r2,ols_slope_p,abs_pearson,abs_spearman,abs_kendall
ALISP FP Equity_DX_ACTIVE_AVAIL_SUPPLY_MV,1,4759,0.13595990111218148,4.48639152959364e-21,0.1844312469560913,1.1143981628356238e-37,0.17462772852825367,6.524815930897418e-59,0.9603901131576618,1.6147772246708747,4.736754617517341,0.018485094710434025,0.01827876405975304,4.4863915295854216e-21,0.13595990111218148,0.1844312469560913,0.17462772852825367
ALISP FP Equity_DX_ACTIVE_AVAILABILITY_VALUE,1,4759,0.13451099815692308,1.1716467807565478e-20,0.13657263967040384,2.980065524536643e-21,0.13667911310581957,1.5276259170607665e-37,1.2401394917359965,1.70828612289452e-06,4.737933826477308,0.018093208625170942,0.017886795593559657,1.1716467807469e-20,0.13451099815692308,0.13657263967040384,0.13667911310581957
ALISP FP Equity_DX_ACTIVE_AVAIL_SUPPLY_QTY,1,4759,0.08666629344642408,2.1189286837273686e-09,0.11630804858005618,8.361615853539286e-16,0.10294062855558991,2.1522494847403844e-21,0.9414381052708367,6.063510341566823e-06,4.792027456112638,0.007511046419741763,0.007302408842785657,2.1189286837222786e-09,0.08666629344642408,0.11630804858005618,0.10294062855558991
