feature,lag,n_pairs,pearson_r,pearson_p,spearman_rho,spearman_p,kendall_tau,kendall_p,mutual_info,ols_slope,ols_intercept,ols_r2,ols_adj_r2,ols_slope_p,abs_pearson,abs_spearman,abs_kendall
ALMAR FP Equity_DX_ACTIVE_AVAIL_SUPPLY_QTY,1,1486,-0.8776952096816573,0.0,-0.8823654684460948,0.0,-0.7301914241210048,9.025140447628602e-290,0.9460581755009909,-0.0010682722869359937,3.201654963556902,0.7703488810981278,0.7701941296702963,0.0,0.8776952096816573,0.8823654684460948,0.7301914241210048
ALMAR FP Equity_DX_ACTIVE_AVAILABILITY_VALUE,1,1486,-0.30496095478214474,2.3620389842593764e-33,-0.6486488193975928,3.5724168229437383e-178,-0.3038156665002402,2.3155909115941833e-59,1.8077757783940833,-0.0002648142555729967,2.34618830902496,0.09300118394163748,0.09238999875561427,2.3620389842605567e-33,0.30496095478214474,0.6486488193975928,0.3038156665002402
ALMAR FP Equity_DX_ACTIVE_AVAIL_SUPPLY_MV,1,1486,0.06176841117552871,0.017248822285734797,0.006730931899317713,0.7954399884312998,0.005511944562933065,0.7953411667589945,0.04507918613629647,56.64835869642389,2.0531715854495562,0.0038153366191489013,0.00314405315325883,0.01724882228573503,0.06176841117552871,0.006730931899317713,0.005511944562933065
