feature,lag,n_pairs,pearson_r,pearson_p,spearman_rho,spearman_p,kendall_tau,kendall_p,mutual_info,ols_slope,ols_intercept,ols_r2,ols_adj_r2,ols_slope_p,abs_pearson,abs_spearman,abs_kendall
ALMCE FP Equity_DX_ACTIVE_AVAIL_SUPPLY_QTY,1,579,-0.12582505325679486,0.002419950931777897,-0.16185441275690313,9.15291652384311e-05,-0.13248982007684856,4.748128249109533e-05,0.48155557833173757,-0.0002625786614054257,7.342380227578787,0.015831944027075107,0.014126280151905424,0.0024199509317778104,0.12582505325679486,0.16185441275690313,0.13248982007684856
ALMCE FP Equity_DX_ACTIVE_AVAIL_SUPPLY_MV,1,579,0.0687354046699834,0.09846924065439419,-0.02121192324198005,0.6104967720138045,-0.02285188664330568,0.49037045391067535,0.40262503799788485,18.304914001274234,7.139491251981445,0.004724555855146417,0.0029996417405105946,0.09846924065439026,0.0687354046699834,0.02121192324198005,0.02285188664330568
ALMCE FP Equity_DX_ACTIVE_AVAILABILITY_VALUE,1,579,0.03457799319124943,0.40626718937357675,0.015366156301287995,0.7121503582464881,0.030348493046297907,0.33870902623079757,0.7248037505143716,1.0031666364400162e-05,7.171454254307214,0.0011956376131341262,-0.0005353924776576591,0.40626718937356965,0.03457799319124943,0.015366156301287995,0.030348493046297907
