feature,lag,n_pairs,pearson_r,pearson_p,spearman_rho,spearman_p,kendall_tau,kendall_p,mutual_info,ols_slope,ols_intercept,ols_r2,ols_adj_r2,ols_slope_p,abs_pearson,abs_spearman,abs_kendall
ALMET FP Equity_DX_ACTIVE_AVAILABILITY_VALUE,1,2646,-0.0381457978026276,0.04976487893897454,-0.044830803229034745,0.02110313302292102,-0.036721273329724746,0.021131396042991968,0.017847611999895596,-0.002519971635988319,4.827951692845512,0.0014551018899991996,0.0010774374050861457,0.04976487893896936,0.0381457978026276,0.044830803229034745,0.036721273329724746
ALMET FP Equity_DX_ACTIVE_AVAIL_SUPPLY_QTY,1,2646,-0.0379741713667175,0.05080233755098124,-0.044830803229034745,0.02110313302292102,-0.036721273329724746,0.021131396042991968,0.017847611999895596,-0.005123128621503569,4.82793941422337,0.0014420376909883847,0.0010643682650016695,0.050802337550985344,0.0379741713667175,0.044830803229034745,0.036721273329724746
