feature,lag,n_pairs,pearson_r,pearson_p,spearman_rho,spearman_p,kendall_tau,kendall_p,mutual_info,ols_slope,ols_intercept,ols_r2,ols_adj_r2,ols_slope_p,abs_pearson,abs_spearman,abs_kendall
ALNSC FP Equity_DX_ACTIVE_AVAIL_SUPPLY_QTY,1,2955,-0.7916252726734565,0.0,-0.613100670845202,1.2010796873169532e-304,-0.5016918237147491,1.9476185099879886e-242,0.3732155904386256,-0.0037620049306529117,60.8321070035664,0.6266705723353254,0.6265441485535224,0.0,0.7916252726734565,0.613100670845202,0.5016918237147491
ALNSC FP Equity_DX_ACTIVE_AVAIL_SUPPLY_MV,1,2955,-0.7915711250295098,0.0,-0.6130555723639409,1.3690414329303967e-304,-0.5015742750918029,1.8097172957839079e-242,0.3732428819014466,-52.162847697352525,60.831215472957915,0.6265848459804847,0.6264583931684226,0.0,0.7915711250295098,0.6130555723639409,0.5015742750918029
ALNSC FP Equity_DX_ACTIVE_AVAILABILITY_VALUE,1,2955,-0.7463199165430606,0.0,-0.6033736754101288,1.3491892565565886e-292,-0.4754020644889466,2.0553715730050576e-235,0.4411289154501792,-9.801349217221626e-05,60.060274977182125,0.5569934178288416,0.5568433986679303,0.0,0.7463199165430606,0.6033736754101288,0.4754020644889466
