feature,lag,n_pairs,pearson_r,pearson_p,spearman_rho,spearman_p,kendall_tau,kendall_p,mutual_info,ols_slope,ols_intercept,ols_r2,ols_adj_r2,ols_slope_p,abs_pearson,abs_spearman,abs_kendall
ALOSM FP Equity_DX_ACTIVE_AVAIL_SUPPLY_MV,1,1834,0.13269344760590013,1.1703340592754336e-08,0.09822827393145324,2.509159761285201e-05,0.08053124816990301,2.526369859383824e-05,0.060703061306365935,92.68958150247181,8.606849601503075,0.017607551037539193,0.017071310617799873,1.1703340592746332e-08,0.13269344760590013,0.09822827393145324,0.08053124816990301
ALOSM FP Equity_DX_ACTIVE_AVAILABILITY_VALUE,1,1834,0.13212289567973257,1.3528769981289025e-08,0.11736822818200048,4.647465436569403e-07,0.0961745310886944,3.1591176229118866e-07,0.11381338225359872,9.205287486976185e-05,8.609497581184387,0.017456459562798066,0.016920136669546282,1.3528769981289581e-08,0.13212289567973257,0.11736822818200048,0.0961745310886944
ALOSM FP Equity_DX_ACTIVE_AVAIL_SUPPLY_QTY,1,1834,0.1099270685484905,2.3729998516510888e-06,0.11182158028508675,1.5820514992928042e-06,0.08907751926182404,2.5774590418210687e-06,0.11466348093258305,0.0008624552738183679,8.612554590867042,0.012083960399664861,0.011544704919533633,2.372999851653992e-06,0.1099270685484905,0.11182158028508675,0.08907751926182404
