feature,lag,n_pairs,pearson_r,pearson_p,spearman_rho,spearman_p,kendall_tau,kendall_p,mutual_info,ols_slope,ols_intercept,ols_r2,ols_adj_r2,ols_slope_p,abs_pearson,abs_spearman,abs_kendall
ALPOU FP Equity_DX_ACTIVE_AVAIL_SUPPLY_MV,1,2421,0.027232987270586335,0.1804017680897381,0.018329362753106097,0.36733227579981276,0.015020522598609315,0.3668976302827567,0.0,59.66838001931146,5.586224299710225,0.000741635595679746,0.00032854821891059593,0.18040176808977684,0.027232987270586335,0.018329362753106097,0.015020522598609315
ALPOU FP Equity_DX_ACTIVE_AVAILABILITY_VALUE,1,2421,0.023544243351107986,0.24685377458899663,0.026228347516790016,0.19702076704121543,0.02149204271669246,0.19631619321739857,0.0,4.301226695828303e-05,5.586147714061295,0.0005543313949762929,0.00014116658778107194,0.2468537745889513,0.023544243351107986,0.026228347516790016,0.02149204271669246
ALPOU FP Equity_DX_ACTIVE_AVAIL_SUPPLY_QTY,1,2421,0.013244283149656028,0.5148146387386454,0.026199185897085912,0.19751936165000647,0.02145394756597018,0.19724930734005774,0.0,0.00015235739200389535,5.586981413603606,0.0001754110361479322,-0.00023791041443654848,0.5148146387386878,0.013244283149656028,0.026199185897085912,0.02145394756597018
