feature,lag,n_pairs,pearson_r,pearson_p,spearman_rho,spearman_p,kendall_tau,kendall_p,mutual_info,ols_slope,ols_intercept,ols_r2,ols_adj_r2,ols_slope_p,abs_pearson,abs_spearman,abs_kendall
ALSAS FP Equity_DX_ACTIVE_AVAIL_SUPPLY_QTY,1,3138,-0.005493987456281802,0.7583554476984655,-0.0032325156408166784,0.8563621455835456,-0.002647639734203402,0.8563285378696849,0.014191551074771658,-0.01286885559451735,7.736885559451704,3.018389816999978e-05,-0.0002886840278828462,0.7583554476984604,0.005493987456281802,0.0032325156408166784,0.002647639734203402
ALSAS FP Equity_DX_ACTIVE_AVAILABILITY_VALUE,1,3138,-0.005493987456281802,0.7583554476984655,-0.0032325156408166784,0.8563621455835456,-0.002647639734203402,0.8563285378696849,0.014191551074771658,-0.0019951714100027336,7.736885559451705,3.018389816999978e-05,-0.0002886840278828462,0.7583554476984558,0.005493987456281802,0.0032325156408166784,0.002647639734203402
