feature,lag,n_pairs,pearson_r,pearson_p,spearman_rho,spearman_p,kendall_tau,kendall_p,mutual_info,ols_slope,ols_intercept,ols_r2,ols_adj_r2,ols_slope_p,abs_pearson,abs_spearman,abs_kendall
ALTOO FP Equity_DX_ACTIVE_AVAILABILITY_VALUE,1,954,-0.292702660977894,2.6623716769259632e-20,-0.6421319751862758,5.1353602240400325e-112,-0.46917193588550815,1.4061578950203124e-78,0.6342737542355583,-0.005191524401074548,1.4933501504761144,0.08567484774353995,0.08471442216343861,2.6623716769247787e-20,0.292702660977894,0.6421319751862758,0.46917193588550815
ALTOO FP Equity_DX_ACTIVE_AVAIL_SUPPLY_QTY,1,954,-0.2687298584695215,3.0359907401159217e-17,-0.6529963401913234,4.93648093452051e-117,-0.49783453633027697,6.449895797068525e-87,0.564866018007661,-0.0022209539805761323,1.4784439411113348,0.07221573683304916,0.07124117353140325,3.0359907401154225e-17,0.2687298584695215,0.6529963401913234,0.49783453633027697
