feature,lag,n_pairs,pearson_r,pearson_p,spearman_rho,spearman_p,kendall_tau,kendall_p,mutual_info,ols_slope,ols_intercept,ols_r2,ols_adj_r2,ols_slope_p,abs_pearson,abs_spearman,abs_kendall
ALTXC FP Equity_DX_ACTIVE_AVAILABILITY_VALUE,1,2407,0.2097471929692673,2.4533587416341736e-25,0.45243558260401023,8.809083968149429e-122,0.3884966055069394,7.639893224580185e-128,0.5142601990502307,0.0010754384533278277,8.186169983544378,0.043993884958486995,0.043596377218345084,2.453358741647301e-25,0.2097471929692673,0.45243558260401023,0.3884966055069394
ALTXC FP Equity_DX_ACTIVE_AVAIL_SUPPLY_QTY,1,2407,0.177778822266296,1.5279356313787893e-18,0.4339930265871841,3.882291490729422e-111,0.35896570311370435,1.9086962903002455e-100,0.19665508213492422,0.008200047373206168,8.205205183737029,0.03160530964639097,0.031202650731483095,1.5279356313826671e-18,0.177778822266296,0.4339930265871841,0.35896570311370435
ALTXC FP Equity_DX_ACTIVE_AVAIL_SUPPLY_MV,1,2407,0.0035544470922548826,0.861633346991313,0.012576441070533245,0.5374200852693433,0.010412504950924521,0.5373093056635032,0.0,18.921205821197553,8.28578794178797,1.2634094131547258e-05,-0.00040316106840720956,0.8616333469913722,0.0035544470922548826,0.012576441070533245,0.010412504950924521
