feature,lag,n_pairs,pearson_r,pearson_p,spearman_rho,spearman_p,kendall_tau,kendall_p,mutual_info,ols_slope,ols_intercept,ols_r2,ols_adj_r2,ols_slope_p,abs_pearson,abs_spearman,abs_kendall
ALUNT FP Equity_DX_ACTIVE_AVAIL_SUPPLY_QTY,1,1749,-0.27338406894097395,2.3595380686213873e-31,-0.4121081988446834,1.136246439901273e-72,-0.3381708552641004,1.585106059607015e-66,0.14642869795828295,-0.009422459831002308,2.3769912060301546,0.07473884915072304,0.0742092205583651,2.359538068615985e-31,0.27338406894097395,0.4121081988446834,0.3381708552641004
ALUNT FP Equity_DX_ACTIVE_AVAILABILITY_VALUE,1,1749,-0.2626208565158264,5.597566412932371e-29,-0.4075598126917998,5.755505284538052e-71,-0.31586069153692864,9.205724531713611e-61,0.268473543892749,-0.0061305865766586995,2.372810365695907,0.06896971427710619,0.06843678337514691,5.597566412948061e-29,0.2626208565158264,0.4075598126917998,0.31586069153692864
