feature,lag,n_pairs,pearson_r,pearson_p,spearman_rho,spearman_p,kendall_tau,kendall_p,mutual_info,ols_slope,ols_intercept,ols_r2,ols_adj_r2,ols_slope_p,abs_pearson,abs_spearman,abs_kendall
ALVAP FP Equity_DX_ACTIVE_AVAIL_SUPPLY_QTY,1,1328,-0.13555129591044068,7.123280816735113e-07,-0.29637375173350117,2.4735667681592107e-28,-0.23301580318584666,2.777700596616034e-26,0.2726535315597025,-0.030493443041557083,7.997208971775871,0.018374153822999784,0.01763386283794921,7.123280816734679e-07,0.13555129591044068,0.29637375173350117,0.23301580318584666
ALVAP FP Equity_DX_ACTIVE_AVAILABILITY_VALUE,1,1328,-0.11259693727226433,3.914863459346484e-05,-0.29594910271558866,2.973883508439679e-28,-0.22935524634616028,9.827065296511237e-26,0.30530579471538655,-0.0037991850089415186,7.981053643895243,0.012678070283094311,0.011933483609099627,3.9148634593478696e-05,0.11259693727226433,0.29594910271558866,0.22935524634616028
