feature,lag,n_pairs,pearson_r,pearson_p,spearman_rho,spearman_p,kendall_tau,kendall_p,mutual_info,ols_slope,ols_intercept,ols_r2,ols_adj_r2,ols_slope_p,abs_pearson,abs_spearman,abs_kendall
ARVEN FP Equity_DX_DSS,1,968,-0.5001851395078459,2.0495914204201395e-62,-0.46693423955583996,1.4123791302104805e-53,-0.39038472915720585,2.4372553838082612e-48,0.3161068008793917,-4.011785694857322,6.671375143284584,0.25018517378448313,0.24940896796024348,2.0495914204211797e-62,0.5001851395078459,0.46693423955583996,0.39038472915720585
