feature,lag,n_pairs,pearson_r,pearson_p,spearman_rho,spearman_p,kendall_tau,kendall_p,mutual_info,ols_slope,ols_intercept,ols_r2,ols_adj_r2,ols_slope_p,abs_pearson,abs_spearman,abs_kendall
AUGR FP Equity_DX_ACTIVE_AVAIL_SUPPLY_QTY,1,2562,0.15299926522259355,6.897469899795504e-15,0.14761817427541105,5.939937339756985e-14,0.12161439682301252,4.7717648047738377e-14,0.11826441707146329,0.10551530183184307,4.534304643398244,0.023408775158653694,0.02302729421145,6.8974698997998586e-15,0.15299926522259355,0.14761817427541105,0.12161439682301252
AUGR FP Equity_DX_ACTIVE_AVAILABILITY_VALUE,1,2562,0.15261806086775487,8.054740230655223e-15,0.1476150287951929,5.947282188207558e-14,0.1222622558105863,2.552361061776768e-14,0.1513363890315742,0.016219326308489504,4.534797445907702,0.023292272503033895,0.02291074604698029,8.05474023065937e-15,0.15261806086775487,0.1476150287951929,0.1222622558105863
