feature,lag,n_pairs,pearson_r,pearson_p,spearman_rho,spearman_p,kendall_tau,kendall_p,mutual_info,ols_slope,ols_intercept,ols_r2,ols_adj_r2,ols_slope_p,abs_pearson,abs_spearman,abs_kendall
BNK FP Equity_DX_DSS,1,4857,0.11287322325842167,3.032057524876253e-15,0.15014696468548228,6.90854627727805e-26,0.12022862220691113,1.0170714434721623e-25,0.13414903910187315,0.6649301622988975,22.580648876030544,0.012740364528745385,0.01253701547921482,3.032057524868061e-15,0.11287322325842167,0.15014696468548228,0.12022862220691113
