feature,lag,n_pairs,pearson_r,pearson_p,spearman_rho,spearman_p,kendall_tau,kendall_p,mutual_info,ols_slope,ols_intercept,ols_r2,ols_adj_r2,ols_slope_p,abs_pearson,abs_spearman,abs_kendall
BRES FP Equity_DX_DSS,1,4847,-0.20843327137326403,1.0205300234944584e-48,-0.18986931895650613,1.4128826655227588e-40,-0.15257501183977143,6.268267538052685e-40,0.09230219549082586,-4.972779266734879,59.1385285038451,0.043444428615360575,0.04324699712487867,1.0205300234913492e-48,0.20843327137326403,0.18986931895650613,0.15257501183977143
