feature,lag,n_pairs,pearson_r,pearson_p,spearman_rho,spearman_p,kendall_tau,kendall_p,mutual_info,ols_slope,ols_intercept,ols_r2,ols_adj_r2,ols_slope_p,abs_pearson,abs_spearman,abs_kendall
C50 FP Equity_DX_DSS,1,4250,-0.07310713082522234,1.833273930137392e-06,-0.09324746301976947,1.1257547953801386e-09,-0.07605233252102554,1.2562546665767445e-09,0.013698831083261198,-10.713655357010476,72.31132870335964,0.005344652577496167,0.005110505838460622,1.8332739301367558e-06,0.07310713082522234,0.09324746301976947,0.07605233252102554
