feature,lag,n_pairs,pearson_r,pearson_p,spearman_rho,spearman_p,kendall_tau,kendall_p,mutual_info,ols_slope,ols_intercept,ols_r2,ols_adj_r2,ols_slope_p,abs_pearson,abs_spearman,abs_kendall
CASHE FP Equity_DX_ACTIVE_AVAILABILITY_VALUE,1,38,0.027566289086687963,0.8695071399870256,0.022505090131380225,0.8933130456323808,0.018735003362699218,0.891115277881341,0.008771929824561653,3.5126272754942996e-07,10.031937837837845,0.0007599002940108512,-0.026996769142266563,0.869507139987089,0.027566289086687963,0.022505090131380225,0.018735003362699218
CASHE FP Equity_DX_ACTIVE_AVAIL_SUPPLY_QTY,1,38,0.02756628908668795,0.8695071399870256,0.022505090131380225,0.8933130456323808,0.018735003362699218,0.891115277881341,0.008771929824561653,3.5243243243195457e-06,10.031937837837845,0.0007599002940108512,-0.026996769142266563,0.8695071399871677,0.02756628908668795,0.022505090131380225,0.018735003362699218
