feature,lag,n_pairs,pearson_r,pearson_p,spearman_rho,spearman_p,kendall_tau,kendall_p,mutual_info,ols_slope,ols_intercept,ols_r2,ols_adj_r2,ols_slope_p,abs_pearson,abs_spearman,abs_kendall
CD9 FP Equity_DX_DSS,1,4209,-0.1649334762201416,4.717385759208513e-27,-0.1917203248892237,3.919965805986914e-36,-0.1558640403544638,2.1599682301474282e-35,0.061212111572947814,-23.83677877776535,111.9166016857788,0.027203051578060022,0.026971818645228574,4.717385759232417e-27,0.1649334762201416,0.1917203248892237,0.1558640403544638
