feature,lag,n_pairs,pearson_r,pearson_p,spearman_rho,spearman_p,kendall_tau,kendall_p,mutual_info,ols_slope,ols_intercept,ols_r2,ols_adj_r2,ols_slope_p,abs_pearson,abs_spearman,abs_kendall
CMU FP Equity_DX_DSS,1,4227,-0.04688244157930262,0.002297154666067915,-0.047802437681855124,0.0018787950725554347,-0.03901347357807569,0.0018927981291847757,0.007619910352857584,-14.407487564758064,185.90949420748183,0.0021979633284369138,0.001961797165911161,0.0022971546660686053,0.04688244157930262,0.047802437681855124,0.03901347357807569
