feature,lag,n_pairs,pearson_r,pearson_p,spearman_rho,spearman_p,kendall_tau,kendall_p,mutual_info,ols_slope,ols_intercept,ols_r2,ols_adj_r2,ols_slope_p,abs_pearson,abs_spearman,abs_kendall
CP9 FP Equity_DX_DSS,1,4207,-0.021399459364989104,0.1652146685384133,-0.02306218402959386,0.13475799750882872,-0.018839677561810448,0.13458467019422202,0.0,-17.38290207882431,458.8607415354166,0.0004579368611141721,0.00022023363563528076,0.16521466853839095,0.021399459364989104,0.02306218402959386,0.018839677561810448
