feature,lag,n_pairs,pearson_r,pearson_p,spearman_rho,spearman_p,kendall_tau,kendall_p,mutual_info,ols_slope,ols_intercept,ols_r2,ols_adj_r2,ols_slope_p,abs_pearson,abs_spearman,abs_kendall
CROS FP Equity_DX_ACTIVE_AVAIL_SUPPLY_MV,1,2009,-0.5797552962170216,9.043421154389105e-181,-0.6312537631643674,8.444578705009165e-224,-0.5194005327961431,2.7815787314290336e-178,0.4892536345237266,-160.27223791659551,6.319848209585412,0.3361162034916866,0.33578541933797046,9.043421154405367e-181,0.5797552962170216,0.6312537631643674,0.5194005327961431
CROS FP Equity_DX_ACTIVE_AVAIL_SUPPLY_QTY,1,2009,-0.3551945580375674,8.394807162682684e-61,-0.4195248185314229,1.8165091710370257e-86,-0.3451950723565658,2.985865395975543e-78,0.13179984251052979,-0.0007011854530644454,5.349424712190697,0.12616317405950217,0.12572777952739422,8.394807162679397e-61,0.3551945580375674,0.4195248185314229,0.3451950723565658
CROS FP Equity_DX_ACTIVE_AVAILABILITY_VALUE,1,2009,-0.1726989561817914,6.466076185497535e-15,-0.19007291071189647,8.504858712336444e-18,-0.15790818070362253,1.6087952611771667e-17,0.026299024084108336,-0.0001586398923882512,5.034227606249128,0.029824929466280348,0.02934153381579019,6.4660761854968185e-15,0.1726989561817914,0.19007291071189647,0.15790818070362253
