feature,lag,n_pairs,pearson_r,pearson_p,spearman_rho,spearman_p,kendall_tau,kendall_p,mutual_info,ols_slope,ols_intercept,ols_r2,ols_adj_r2,ols_slope_p,abs_pearson,abs_spearman,abs_kendall
CSH2 FP Equity_DX_DSS,1,2680,0.01616224180177859,0.40295083254063335,0.02451589914503397,0.20452837897684356,0.020036649722626,0.20446966051575144,0.011795694640871268,163.9167775700898,635.0392224299061,0.00026121806005907633,-0.00011209739249484763,0.402950832540638,0.01616224180177859,0.02451589914503397,0.020036649722626
