feature,lag,n_pairs,pearson_r,pearson_p,spearman_rho,spearman_p,kendall_tau,kendall_p,mutual_info,ols_slope,ols_intercept,ols_r2,ols_adj_r2,ols_slope_p,abs_pearson,abs_spearman,abs_kendall
DPAM FP Equity_DX_ACTIVE_AVAILABILITY_VALUE,1,2591,0.014293662167151873,0.4670666091264164,0.011670957103640137,0.5526411710578968,0.009572711926425462,0.5520921117711916,0.0068892240735671795,0.0032909869060464892,401.66627735163655,0.00020430877814836546,-0.00018186182487278657,0.4670666091264164,0.014293662167151873,0.011670957103640137,0.009572711926425462
DPAM FP Equity_DX_ACTIVE_AVAIL_SUPPLY_QTY,1,2591,0.014181616260519834,0.4705658493855099,0.011661348922023406,0.5529682443743836,0.009555909447252821,0.5528667439153299,0.0068892240735671795,1.4871738645821302,401.66695904173116,0.00020111823975998977,-0.00018505359560494483,0.47056584938549373,0.014181616260519834,0.011661348922023406,0.009555909447252821
DPAM FP Equity_DX_ACTIVE_AVAIL_SUPPLY_MV,1,2591,0.014181616260519832,0.4705658493855099,0.011661348922023406,0.5529682443743836,0.009555909447252821,0.5528667439153299,0.0068892240735671795,2577.7680319423303,401.6669590417314,0.00020111823975976773,-0.00018505359560516688,0.4705658493855016,0.014181616260519832,0.011661348922023406,0.009555909447252821
