feature,lag,n_pairs,pearson_r,pearson_p,spearman_rho,spearman_p,kendall_tau,kendall_p,mutual_info,ols_slope,ols_intercept,ols_r2,ols_adj_r2,ols_slope_p,abs_pearson,abs_spearman,abs_kendall
EDEU FP Equity_DX_ACTIVE_AVAILABILITY_VALUE,1,2030,0.0670842640244932,0.002494055552198546,0.04927515488275843,0.026412050161386768,0.040256657562862695,0.02640710405295325,0.0,0.0013137130650261043,108.67041415520843,0.004500298479707676,0.004009420914855566,0.0024940555521988706,0.0670842640244932,0.04927515488275843,0.040256657562862695
EDEU FP Equity_DX_ACTIVE_AVAIL_SUPPLY_MV,1,2030,0.06708418285227723,0.002494085786448597,0.049275108070274194,0.026412193476249738,0.04025067623135094,0.02644805298809097,0.0,1295.3195266271957,108.67041420118343,0.004500287588957819,0.004009410018735449,0.0024940857864490687,0.06708418285227723,0.049275108070274194,0.04025067623135094
EDEU FP Equity_DX_ACTIVE_AVAIL_SUPPLY_QTY,1,2030,0.0670841828522772,0.002494085786448597,0.049275108070274194,0.026412193476249738,0.04025067623135094,0.02644805298809097,0.0,0.19429792899408024,108.67041420118343,0.004500287588957819,0.004009410018735449,0.0024940857864489433,0.0670841828522772,0.049275108070274194,0.04025067623135094
