feature,lag,n_pairs,pearson_r,pearson_p,spearman_rho,spearman_p,kendall_tau,kendall_p,mutual_info,ols_slope,ols_intercept,ols_r2,ols_adj_r2,ols_slope_p,abs_pearson,abs_spearman,abs_kendall
EGRO FP Equity_DX_ACTIVE_AVAIL_SUPPLY_QTY,1,1005,0.03408313409380689,0.28038118316938865,0.03744141949916458,0.23566312963040903,0.030615203561152896,0.2351270965095721,0.0,0.0008184479591380016,10.406601012590167,0.0011616600296566748,0.0001658092420490087,0.2803811831693581,0.03408313409380689,0.03744141949916458,0.030615203561152896
EGRO FP Equity_DX_ACTIVE_AVAILABILITY_VALUE,1,1005,0.034040224101295216,0.28098751252125714,0.037438091669540055,0.23570479183832954,0.030584436238896173,0.23552031663094952,0.0,7.527417202257614e-05,10.406606866739846,0.0011587368568669598,0.0001628831548298182,0.280987512521275,0.034040224101295216,0.037438091669540055,0.030584436238896173
EGRO FP Equity_DX_ACTIVE_AVAIL_SUPPLY_MV,1,1005,0.030340294779489897,0.3366204607693373,0.04177248196161801,0.1857723061427879,0.03414241018262771,0.18563554230148338,0.0,68.7023904382515,10.406976095617525,0.0009205334873064741,-7.555770562750475e-05,0.33662046076929697,0.030340294779489897,0.04177248196161801,0.03414241018262771
