feature,lag,n_pairs,pearson_r,pearson_p,spearman_rho,spearman_p,kendall_tau,kendall_p,mutual_info,ols_slope,ols_intercept,ols_r2,ols_adj_r2,ols_slope_p,abs_pearson,abs_spearman,abs_kendall
ENRG FP Equity_DX_DSS,1,4816,-0.22606135631330937,7.417848565055793e-57,-0.3406642052896395,3.7726256589186896e-131,-0.2735266710089879,4.574165824063528e-126,0.17925256982266435,-2.0077511767817606,40.903811235828094,0.05110373681821301,0.050906625006168604,7.417848565149696e-57,0.22606135631330937,0.3406642052896395,0.2735266710089879
