feature,lag,n_pairs,pearson_r,pearson_p,spearman_rho,spearman_p,kendall_tau,kendall_p,mutual_info,ols_slope,ols_intercept,ols_r2,ols_adj_r2,ols_slope_p,abs_pearson,abs_spearman,abs_kendall
EQUA FP Equity_DX_ACTIVE_AVAILABILITY_VALUE,1,2368,-0.16924618584107393,1.1191607978560007e-16,-0.2674793154621831,4.428360800513735e-40,-0.20179807944531536,7.879529393474669e-36,0.22115988683847299,-1.1488182404393352e-06,134.03652964581147,0.028644271421751633,0.028233723776536768,1.1191607978523537e-16,0.16924618584107393,0.2674793154621831,0.20179807944531536
EQUA FP Equity_DX_ACTIVE_AVAIL_SUPPLY_MV,1,2368,-0.16923712871098728,1.1234056239223977e-16,-0.26890102585809955,1.666530568916133e-40,-0.21036862131764547,3.3514336466410747e-38,0.21426579486431874,-1.1497203761306498,134.03664853702935,0.02864120573433937,0.028230656793398645,1.1234056239219458e-16,0.16923712871098728,0.26890102585809955,0.21036862131764547
EQUA FP Equity_DX_ACTIVE_AVAIL_SUPPLY_QTY,1,2368,-0.16879711145074688,1.3499008806539385e-16,-0.2741001735578431,4.443291104971518e-42,-0.22156959684125224,1.7747253903476235e-41,0.19492278046882627,-0.00013445604975698854,134.03293402303032,0.02849246483411605,0.0280818530271989,1.3499008806552214e-16,0.16879711145074688,0.2741001735578431,0.22156959684125224
