feature,lag,n_pairs,pearson_r,pearson_p,spearman_rho,spearman_p,kendall_tau,kendall_p,mutual_info,ols_slope,ols_intercept,ols_r2,ols_adj_r2,ols_slope_p,abs_pearson,abs_spearman,abs_kendall
EVOE FP Equity_DX_ACTIVE_AVAIL_SUPPLY_MV,1,2362,0.20937430011449207,8.278559207755707e-25,0.1668590619697068,3.284020650269206e-16,0.1362833789828442,5.15859562644678e-16,0.03333569781686496,5656.179555175269,139.31820444824643,0.04383759754843353,0.043432443988072666,8.27855920776949e-25,0.20937430011449207,0.1668590619697068,0.1362833789828442
EVOE FP Equity_DX_ACTIVE_AVAILABILITY_VALUE,1,2362,0.17912522929286473,1.7553852642920744e-18,0.06331318541173159,0.002080407289848443,0.0523149527333,0.0017084617038480288,0.09676690733004678,0.00475398414711492,139.2151319678999,0.03208584776922141,0.031675714653869314,1.7553852642922612e-18,0.17912522929286473,0.06331318541173159,0.0523149527333
EVOE FP Equity_DX_ACTIVE_AVAIL_SUPPLY_QTY,1,2362,0.16009409243960246,4.994339382143414e-15,0.06325597870681933,0.0020999515588587905,0.05133421974262957,0.002177364742668161,0.0850859561468007,0.7939599865223569,139.22736715778402,0.025630118434059712,0.025217249840175815,4.9943393821418796e-15,0.16009409243960246,0.06325597870681933,0.05133421974262957
