feature,lag,n_pairs,pearson_r,pearson_p,spearman_rho,spearman_p,kendall_tau,kendall_p,mutual_info,ols_slope,ols_intercept,ols_r2,ols_adj_r2,ols_slope_p,abs_pearson,abs_spearman,abs_kendall
FCMC FP Equity_DX_ACTIVE_AVAIL_SUPPLY_QTY,1,1999,-0.26939440735018366,1.4035512564104334e-34,-0.23800965452599165,3.82865818761655e-27,-0.19290341281972437,2.9944934475635345e-27,0.32812426416537077,-18.045614420888477,1253.7175358037366,0.07257334671155713,0.07210893677000052,1.403551256409758e-34,0.26939440735018366,0.23800965452599165,0.19290341281972437
FCMC FP Equity_DX_ACTIVE_AVAILABILITY_VALUE,1,1999,-0.25547185260549155,3.744253912819442e-31,-0.20191168951680813,7.801698839587162e-20,-0.164300475946161,2.6484393471199438e-21,0.5268984453118093,-0.014334959605586763,1253.5571993679316,0.0652658674736819,0.06479779830366361,3.744253912819859e-31,0.25547185260549155,0.20191168951680813,0.164300475946161
FCMC FP Equity_DX_ACTIVE_AVAIL_SUPPLY_MV,1,1999,-0.22786048881786047,5.884109592553898e-25,-0.10046633244378148,6.781028146188087e-06,-0.08149174303509893,8.054871477322079e-06,0.07509755531009943,-12492.09294118038,1246.622993791022,0.05192040236431417,0.05144565043760618,5.884109592551934e-25,0.22786048881786047,0.10046633244378148,0.08149174303509893
