feature,lag,n_pairs,pearson_r,pearson_p,spearman_rho,spearman_p,kendall_tau,kendall_p,mutual_info,ols_slope,ols_intercept,ols_r2,ols_adj_r2,ols_slope_p,abs_pearson,abs_spearman,abs_kendall
FINM FP Equity_DX_ACTIVE_AVAIL_SUPPLY_MV,1,2261,0.7440939806672995,0.0,0.16795865455512765,9.043756368635152e-16,0.1433129035794878,7.650794093074083e-18,0.5481209304585857,165.10260368650657,0.29855146401646554,0.5536758520653082,0.5534782760812733,0.0,0.7440939806672995,0.16795865455512765,0.1433129035794878
FINM FP Equity_DX_ACTIVE_AVAILABILITY_VALUE,1,2261,0.26044609937461666,2.239820760495662e-36,-0.07272229188828666,0.0005389460150173645,-0.05571032510298715,0.0008389220652544931,0.42612037455925966,0.00011670946650519458,1.5935311508532652,0.0678321706794528,0.06741952445133381,2.239820760495098e-36,0.26044609937461666,0.07272229188828666,0.05571032510298715
FINM FP Equity_DX_ACTIVE_AVAIL_SUPPLY_QTY,1,2261,0.18344891779001601,1.457642635766951e-18,-0.07637332019980327,0.00027814155364322163,-0.06278221975641403,0.00022246915817898246,0.38619568227516865,0.0007561396694481012,1.6236340008165155,0.03365350543832779,0.03322572921231548,1.4576426357668388e-18,0.18344891779001601,0.07637332019980327,0.06278221975641403
