feature,lag,n_pairs,pearson_r,pearson_p,spearman_rho,spearman_p,kendall_tau,kendall_p,mutual_info,ols_slope,ols_intercept,ols_r2,ols_adj_r2,ols_slope_p,abs_pearson,abs_spearman,abs_kendall
FORE FP Equity_DX_ACTIVE_AVAIL_SUPPLY_QTY,1,1092,0.058980520593394405,0.05135510884848896,0.05038628020769181,0.09607524130066242,0.041732073266212984,0.09605780493743862,0.0020883751988127752,433.0875985334551,666.9124014665438,0.0034787018094680766,0.002564462086357522,0.051355108848488304,0.058980520593394405,0.05038628020769181,0.041732073266212984
FORE FP Equity_DX_ACTIVE_AVAILABILITY_VALUE,1,1092,0.058980520593394405,0.05135510884848896,0.05038628020769181,0.09607524130066242,0.041732073266212984,0.09605780493743862,0.0020883751988127752,0.39371599866677937,666.9124014665438,0.0034787018094680766,0.002564462086357522,0.0513551088484889,0.058980520593394405,0.05038628020769181,0.041732073266212984
