feature,lag,n_pairs,pearson_r,pearson_p,spearman_rho,spearman_p,kendall_tau,kendall_p,mutual_info,ols_slope,ols_intercept,ols_r2,ols_adj_r2,ols_slope_p,abs_pearson,abs_spearman,abs_kendall
GJAJ FP Equity_DX_ACTIVE_AVAIL_SUPPLY_QTY,1,3411,-0.5507774599688555,6.406323680396623e-270,-0.5032620196062515,1.7303902691065198e-218,-0.42083438569264703,7.797057246154686e-190,0.410160217205807,-0.00018367099509996397,1.6003003068829575,0.303355810409745,0.3031514559980142,6.406323680401781e-270,0.5507774599688555,0.5032620196062515,0.42083438569264703
GJAJ FP Equity_DX_ACTIVE_AVAIL_SUPPLY_MV,1,3411,-0.5506788203118972,8.35845925199353e-270,-0.5029169111406012,3.8246559614884067e-218,-0.42054580140954756,1.4104254118199967e-189,0.41036684370175625,-110.20749148610777,1.5999934268185685,0.30324716314010236,0.3030427768576559,8.358459251978214e-270,0.5506788203118972,0.5029169111406012,0.42054580140954756
GJAJ FP Equity_DX_ACTIVE_AVAILABILITY_VALUE,1,3411,-0.11318310616051337,3.374926301775516e-11,-0.05512113883100256,0.0012794455038031979,-0.04525499278308974,0.0009529032398953558,0.277082477056954,-2.9817855527956688e-05,1.2838447481518078,0.012810415520143836,0.012520832186474151,3.3749263017710384e-11,0.11318310616051337,0.05512113883100256,0.04525499278308974
