feature,lag,n_pairs,pearson_r,pearson_p,spearman_rho,spearman_p,kendall_tau,kendall_p,mutual_info,ols_slope,ols_intercept,ols_r2,ols_adj_r2,ols_slope_p,abs_pearson,abs_spearman,abs_kendall
GLUX FP Equity_DX_DSS,1,4205,-0.02914073848084397,0.05882500660588662,-0.028870948028788947,0.06120684447824753,-0.02357644748511223,0.06121462208489442,0.0052451934990753735,-55.912509950013266,115.85250995001178,0.0008491826392089674,0.0006114593897774689,0.058825006605897234,0.02914073848084397,0.028870948028788947,0.02357644748511223
