feature,lag,n_pairs,pearson_r,pearson_p,spearman_rho,spearman_p,kendall_tau,kendall_p,mutual_info,ols_slope,ols_intercept,ols_r2,ols_adj_r2,ols_slope_p,abs_pearson,abs_spearman,abs_kendall
GOV10 FP Equity_DX_ACTIVE_AVAILABILITY_VALUE,1,320,0.24581452941805795,8.647275291947282e-06,0.29294874399425147,9.425252615201414e-08,0.24170047512236945,7.293458148907747e-08,0.1064631911249092,1.1504479881334367e-05,10.216039440679696,0.06042478287302111,0.0574701438254519,8.647275291948173e-06,0.24581452941805795,0.29294874399425147,0.24170047512236945
GOV10 FP Equity_DX_ACTIVE_AVAIL_SUPPLY_QTY,1,320,0.24540991704174936,8.956529860726384e-06,0.29000860847211557,1.2815607955483286e-07,0.23755073484465702,2.0744881073956556e-07,0.10388414407540125,0.00011964645246810427,10.216065453105276,0.06022602738243821,0.05727076331760306,8.956529860716504e-06,0.24540991704174936,0.29000860847211557,0.23755073484465702
GOV10 FP Equity_DX_ACTIVE_AVAIL_SUPPLY_MV,1,320,0.245383065810386,8.977420746484874e-06,0.29000860847211557,1.2815607955483286e-07,0.23755073484465702,2.0744881073956556e-07,0.1038165739484962,10.17420350102248,10.216077100451436,0.06021284898650425,0.057257543480172424,8.977420746494256e-06,0.245383065810386,0.29000860847211557,0.23755073484465702
