feature,lag,n_pairs,pearson_r,pearson_p,spearman_rho,spearman_p,kendall_tau,kendall_p,mutual_info,ols_slope,ols_intercept,ols_r2,ols_adj_r2,ols_slope_p,abs_pearson,abs_spearman,abs_kendall
HLT FP Equity_DX_DSS,1,4856,-0.28585541620634614,5.623678222637222e-92,-0.324798891394004,1.0931719310113494e-119,-0.26536441061367544,8.725523873202021e-114,0.10674092901787358,-44.533729837214764,83.80928247636616,0.08171331897450351,0.08152413754042331,5.623678222577302e-92,0.28585541620634614,0.324798891394004,0.26536441061367544
