feature,lag,n_pairs,pearson_r,pearson_p,spearman_rho,spearman_p,kendall_tau,kendall_p,mutual_info,ols_slope,ols_intercept,ols_r2,ols_adj_r2,ols_slope_p,abs_pearson,abs_spearman,abs_kendall
INS FP Equity_DX_DSS,1,4789,-0.2056808102602832,6.5230784724344105e-47,-0.22799805739605422,1.627746321921662e-57,-0.18451510412114105,9.956112828897902e-56,0.09349270582669833,-7.267033038261832,33.895233995178906,0.04230459570932654,0.04210453399963554,6.523078472443558e-47,0.2056808102602832,0.22799805739605422,0.18451510412114105
