feature,lag,n_pairs,pearson_r,pearson_p,spearman_rho,spearman_p,kendall_tau,kendall_p,mutual_info,ols_slope,ols_intercept,ols_r2,ols_adj_r2,ols_slope_p,abs_pearson,abs_spearman,abs_kendall
LCWLD FP Equity_DX_ACTIVE_AVAILABILITY_VALUE,1,1062,0.04153964697199585,0.17615217337126612,0.03910478072778141,0.20289520778181383,0.03194713722978734,0.20274854713313883,0.00022991883295087057,0.002051208062096502,13.54754552309142,0.0017255422705579893,0.0007837739142093625,0.17615217337126243,0.04153964697199585,0.03910478072778141,0.03194713722978734
LCWLD FP Equity_DX_ACTIVE_AVAIL_SUPPLY_QTY,1,1062,0.041539646971995844,0.17615217337126612,0.03910478072778141,0.20289520778181383,0.03194713722978734,0.20274854713313883,0.00022991883295087057,0.035367544769086434,13.547545523091417,0.0017255422705579893,0.0007837739142093625,0.17615217337126357,0.041539646971995844,0.03910478072778141,0.03194713722978734
