feature,lag,n_pairs,pearson_r,pearson_p,spearman_rho,spearman_p,kendall_tau,kendall_p,mutual_info,ols_slope,ols_intercept,ols_r2,ols_adj_r2,ols_slope_p,abs_pearson,abs_spearman,abs_kendall
MFA8 FP Equity_DX_ACTIVE_AVAIL_SUPPLY_MV,1,105,0.26160050998277734,0.007025526302145728,0.945490280826611,5.391703351695969e-52,0.8068109130201235,4.8739632721896e-33,1.1445206899384712,0.15300558984608995,83.89918369425699,0.0684348268232492,0.05939050475357199,0.007025526302145545,0.26160050998277734,0.945490280826611,0.8068109130201235
MFA8 FP Equity_DX_ACTIVE_AVAILABILITY_VALUE,1,105,0.2615606178582402,0.007034515196211045,0.9506755803896628,3.574521112400197e-54,0.8189414998442477,7.070767071880337e-34,1.1739304428498956,1.5301997620884163e-07,83.89975681339159,0.06841395681438422,0.059369432123261734,0.007034515196210943,0.2615606178582402,0.9506755803896628,0.8189414998442477
MFA8 FP Equity_DX_ACTIVE_AVAIL_SUPPLY_QTY,1,105,0.25730229472312344,0.008054564645072936,0.6768880800607256,2.253334497153886e-15,0.5611938842711789,8.055655979079296e-13,0.4390008252847273,1.5242521544757327e-05,84.0381012586081,0.0662044708697852,0.05713849485881228,0.008054564645073292,0.25730229472312344,0.6768880800607256,0.5611938842711789
