feature,lag,n_pairs,pearson_r,pearson_p,spearman_rho,spearman_p,kendall_tau,kendall_p,mutual_info,ols_slope,ols_intercept,ols_r2,ols_adj_r2,ols_slope_p,abs_pearson,abs_spearman,abs_kendall
MHM FP Equity_DX_DSS,1,4678,-0.025125483293158894,0.08574333269940468,0.06043445977770543,3.5318790922111384e-05,0.05011377598613123,3.580153621266532e-05,0.0287897737343652,-0.06684243439566154,0.13952536122493003,0.0006312899107151493,0.00041756691882266495,0.08574333269939619,0.025125483293158894,0.06043445977770543,0.05011377598613123
