feature,lag,n_pairs,pearson_r,pearson_p,spearman_rho,spearman_p,kendall_tau,kendall_p,mutual_info,ols_slope,ols_intercept,ols_r2,ols_adj_r2,ols_slope_p,abs_pearson,abs_spearman,abs_kendall
MLAAT FP Equity_DX_ACTIVE_AVAILABILITY_VALUE,1,1049,0.08328605852010879,0.006955539696694104,0.19421302605854746,2.2501883340714665e-10,0.16308461840362445,1.360461258555003e-10,0.15565788287590143,6.24482373722482e-05,0.21571992028006426,0.00693656754381522,0.005988082890084456,0.006955539696694565,0.08328605852010879,0.19421302605854746,0.16308461840362445
MLAAT FP Equity_DX_ACTIVE_AVAIL_SUPPLY_QTY,1,1049,0.08244235452001923,0.007550621700225543,0.19389790012828018,2.408720227318262e-10,0.161150226549323,2.8295660459969157e-10,0.12272825282883959,1.8577094353699518e-05,0.21574162900631655,0.006796741818804519,0.005848123616148282,0.0075506217002254085,0.08244235452001923,0.19389790012828018,0.161150226549323
