feature,lag,n_pairs,pearson_r,pearson_p,spearman_rho,spearman_p,kendall_tau,kendall_p,mutual_info,ols_slope,ols_intercept,ols_r2,ols_adj_r2,ols_slope_p,abs_pearson,abs_spearman,abs_kendall
MLALE FP Equity_DX_ACTIVE_AVAIL_SUPPLY_QTY,1,744,-0.13244728128249933,0.0002916829276911186,-0.20737083576120022,1.1365386327912408e-08,-0.18066259809636548,1.5811266684533614e-08,0.0452085543958578,-4.9531656728027546e-06,1.0410068965517223,0.017542282319125913,0.01621821531416512,0.0002916829276910755,0.13244728128249933,0.20737083576120022,0.18066259809636548
MLALE FP Equity_DX_ACTIVE_AVAILABILITY_VALUE,1,744,-0.13244728128249933,0.0002916829276911186,-0.20737083576120022,1.1365386327912408e-08,-0.18066259809636548,1.5811266684533614e-08,0.0452085543958578,-0.004953165672802735,1.0410068965517225,0.01754228231912547,0.016218215314164675,0.0002916829276910848,0.13244728128249933,0.20737083576120022,0.18066259809636548
MLALE FP Equity_DX_ACTIVE_AVAIL_SUPPLY_MV,1,744,-0.13244416062671555,0.0002917800771840943,-0.20738103567111338,1.1346234657575906e-08,-0.18038836211937576,1.5683697474420136e-08,0.04385442208270218,-1.7949316032340814,1.0410056410639927,0.017541455684113805,0.016217387565089614,0.0002917800771841363,0.13244416062671555,0.20738103567111338,0.18038836211937576
