feature,lag,n_pairs,pearson_r,pearson_p,spearman_rho,spearman_p,kendall_tau,kendall_p,mutual_info,ols_slope,ols_intercept,ols_r2,ols_adj_r2,ols_slope_p,abs_pearson,abs_spearman,abs_kendall
MLBON FP Equity_DX_ACTIVE_AVAILABILITY_VALUE,1,709,0.10358038021100026,0.005769483270652833,0.13424802544709125,0.00033764641132213676,0.11795234795474029,0.00034999091294677406,0.018576751741449904,0.0005143060249654434,14.092339212767397,0.010728895164655694,0.009329643248339847,0.005769483270653306,0.10358038021100026,0.13424802544709125,0.11795234795474029
MLBON FP Equity_DX_ACTIVE_AVAIL_SUPPLY_QTY,1,709,0.10261053030212187,0.006245300842433423,0.13417443326216671,0.00034022068939671893,0.11785622452889981,0.0003569496800712786,0.018576751741449904,0.008447576561369661,14.09259464673258,0.010528920928882246,0.009129386163576614,0.006245300842433581,0.10261053030212187,0.13417443326216671,0.11785622452889981
MLBON FP Equity_DX_ACTIVE_AVAIL_SUPPLY_MV,1,709,0.06757989074086271,0.07212400795312333,0.07288996312590725,0.05237950898595251,0.06415783773833236,0.05244343155363987,0.01223112787840952,246.18508026439852,14.10481586402267,0.004567041632546842,0.003159074223257674,0.07212400795312601,0.06757989074086271,0.07288996312590725,0.06415783773833236
