feature,lag,n_pairs,pearson_r,pearson_p,spearman_rho,spearman_p,kendall_tau,kendall_p,mutual_info,ols_slope,ols_intercept,ols_r2,ols_adj_r2,ols_slope_p,abs_pearson,abs_spearman,abs_kendall
MLCFM FP Equity_DX_ACTIVE_AVAIL_SUPPLY_MV,1,1885,-0.27256879719276433,1.8225127846270977e-33,-0.057307426753415,0.012828770483337203,-0.04669890440534881,0.013271333285430318,0.06698050577595804,-690.593769533806,1024.370785573125,0.07429374920311149,0.0738021367491567,1.822512784629647e-33,0.27256879719276433,0.057307426753415,0.04669890440534881
MLCFM FP Equity_DX_ACTIVE_AVAILABILITY_VALUE,1,1885,-0.2682198458206233,2.0186826760612492e-32,-0.06833728482512892,0.002992822930822592,-0.05582760162346978,0.0030446638742593884,0.07029727396342533,-0.001072153745150562,1024.2263929288401,0.07194188569203797,0.07144902423993593,2.0186826760602874e-32,0.2682198458206233,0.06833728482512892,0.05582760162346978
MLCFM FP Equity_DX_ACTIVE_AVAIL_SUPPLY_QTY,1,1885,-0.2642122709380767,1.7804716876175617e-31,-0.06814090642814352,0.0030771512018205895,-0.055852967736740686,0.003061739165207893,0.0688227678766613,-0.8405566093990334,1024.1140516441503,0.06980812411425508,0.06931412949084248,1.7804716876184614e-31,0.2642122709380767,0.06814090642814352,0.055852967736740686
