feature,lag,n_pairs,pearson_r,pearson_p,spearman_rho,spearman_p,kendall_tau,kendall_p,mutual_info,ols_slope,ols_intercept,ols_r2,ols_adj_r2,ols_slope_p,abs_pearson,abs_spearman,abs_kendall
MLCHE FP Equity_DX_ACTIVE_AVAILABILITY_VALUE,1,2181,0.7594871498498085,0.0,0.7146825252552158,0.0,0.6221849905157553,0.0,1.326997297062355,0.03081545851403084,18.909738840318273,0.5768207307869856,0.5766265227699077,0.0,0.7594871498498085,0.7146825252552158,0.6221849905157553
MLCHE FP Equity_DX_ACTIVE_AVAIL_SUPPLY_QTY,1,2181,0.7491627412620276,0.0,0.6709286311964693,2.54704505029868e-285,0.551601237262146,2.0672948631554225e-215,0.6192015086386089,1.9055697747621037,19.070127298444174,0.5612448128952363,0.5610434566827054,0.0,0.7491627412620276,0.6709286311964693,0.551601237262146
