feature,lag,n_pairs,pearson_r,pearson_p,spearman_rho,spearman_p,kendall_tau,kendall_p,mutual_info,ols_slope,ols_intercept,ols_r2,ols_adj_r2,ols_slope_p,abs_pearson,abs_spearman,abs_kendall
MLCMG FP Equity_DX_ACTIVE_AVAIL_SUPPLY_MV,1,1070,0.11431224062855053,0.00017884109053899596,0.03844969918889315,0.2088560811465132,0.09363500335311552,3.3590228172939265e-05,1.2265330840591693,6.570750066588148,2.018266493348128,0.013067288357520246,0.012143194058229612,0.0001788410905389709,0.11431224062855053,0.03844969918889315,0.09363500335311552
MLCMG FP Equity_DX_ACTIVE_AVAILABILITY_VALUE,1,1070,0.10780276917595219,0.0004116534495534226,0.054925306850985456,0.07250891686980522,0.1546457451524893,2.385633858163509e-12,1.784392042011051,6.095037378531761e-06,2.0191277763641833,0.011621437042003802,0.010695988949346535,0.00041165344955332674,0.10780276917595219,0.054925306850985456,0.1546457451524893
MLCMG FP Equity_DX_ACTIVE_AVAIL_SUPPLY_QTY,1,1070,-0.07675312760978974,0.0120242722920208,0.04071790758509354,0.18321774122868123,0.03517757179509593,0.16427989695490264,0.47547223717925347,-2.1387485791693304e-05,2.4157682854482734,0.005891042597885976,0.004960228967359703,0.01202427229201991,0.07675312760978974,0.04071790758509354,0.03517757179509593
