feature,lag,n_pairs,pearson_r,pearson_p,spearman_rho,spearman_p,kendall_tau,kendall_p,mutual_info,ols_slope,ols_intercept,ols_r2,ols_adj_r2,ols_slope_p,abs_pearson,abs_spearman,abs_kendall
MLCOT FP Equity_DX_ACTIVE_AVAILABILITY_VALUE,1,2276,0.3229264962274355,2.146857231707191e-56,-0.06102462687091231,0.0035861244976718464,0.00265433420778315,0.8601299435139238,1.4622255838638392,6.881926316208334e-08,0.135239240108838,0.10428152196572782,0.10388762641690008,2.1468572317062792e-56,0.3229264962274355,0.06102462687091231,0.00265433420778315
MLCOT FP Equity_DX_ACTIVE_AVAIL_SUPPLY_MV,1,2276,0.3064571438520808,1.0860669078816898e-50,-0.19690256937763073,2.505975337905741e-21,-0.09774134058004408,9.282192763789048e-11,1.3310469723423708,0.06029053524889477,0.12432691179906528,0.09391598101797483,0.09351752718376982,1.0860669078823047e-50,0.3064571438520808,0.19690256937763073,0.09774134058004408
MLCOT FP Equity_DX_ACTIVE_AVAIL_SUPPLY_QTY,1,2276,-0.16795867668639972,7.273470411230151e-16,-0.009567216107554342,0.6482554356190906,0.03743922727629055,0.015049097698014621,1.2624248275882608,-5.366597182601489e-08,0.6117311513777128,0.02821011707424481,0.027782768840768135,7.273470411228117e-16,0.16795867668639972,0.009567216107554342,0.03743922727629055
