feature,lag,n_pairs,pearson_r,pearson_p,spearman_rho,spearman_p,kendall_tau,kendall_p,mutual_info,ols_slope,ols_intercept,ols_r2,ols_adj_r2,ols_slope_p,abs_pearson,abs_spearman,abs_kendall
MLCVG FP Equity_DX_ACTIVE_AVAIL_SUPPLY_QTY,1,853,-0.44927085975562925,1.3201696625725174e-43,-0.3023445559240842,1.7239887141250338e-19,-0.24914592977157748,5.60913804318465e-19,0.41702880947715304,-791.2271612661316,5737.005631876892,0.2018443054255621,0.20090640214169075,1.3201696625729577e-43,0.44927085975562925,0.3023445559240842,0.24914592977157748
MLCVG FP Equity_DX_ACTIVE_AVAIL_SUPPLY_MV,1,853,-0.42748477325764445,3.2526100789719115e-39,-0.3023445559240842,1.7239887141250338e-19,-0.24914592977157748,5.60913804318465e-19,0.41645682331441947,-122163.17478009629,5739.959923464975,0.18274323136714044,0.18178288263784204,3.2526100789712244e-39,0.42748477325764445,0.3023445559240842,0.24914592977157748
MLCVG FP Equity_DX_ACTIVE_AVAILABILITY_VALUE,1,853,0.07926861793305345,0.0205920608389183,-0.0369405217251195,0.28117807474874074,-0.028302851528870476,0.3146580657936964,0.2564779098238874,0.04200952826714784,5349.576204961051,0.0062835137890162596,0.005115809339884647,0.020592060838918687,0.07926861793305345,0.0369405217251195,0.028302851528870476
