feature,lag,n_pairs,pearson_r,pearson_p,spearman_rho,spearman_p,kendall_tau,kendall_p,mutual_info,ols_slope,ols_intercept,ols_r2,ols_adj_r2,ols_slope_p,abs_pearson,abs_spearman,abs_kendall
MLDYX FP Equity_DX_ACTIVE_AVAIL_SUPPLY_QTY,1,1645,-0.24733838604162542,2.3692107171989496e-24,-0.8460974209003435,0.0,-0.7545596113557528,7.398755700140549e-262,0.6991336831567354,-1.6692329107211564e-05,2.6848809872988735,0.06117627720967911,0.0606048689791312,2.3692107172003433e-24,0.24733838604162542,0.8460974209003435,0.7545596113557528
MLDYX FP Equity_DX_ACTIVE_AVAIL_SUPPLY_MV,1,1645,-0.11212522011833657,5.150400266614283e-06,-0.8532161972968141,0.0,-0.7422263224704295,2.8640292537032667e-264,0.6758618384419828,-0.3251723239960529,1.8120129465811643,0.01257206498658503,0.011971074155779582,5.1504002666158545e-06,0.11212522011833657,0.8532161972968141,0.7422263224704295
MLDYX FP Equity_DX_ACTIVE_AVAILABILITY_VALUE,1,1645,0.04069277079626893,0.09896940638586971,-0.07070676985299797,0.004115386266046918,-0.06820370623178953,0.0033779423216394,0.1581637795354105,2.398904778119562e-07,1.4144772860455812,0.0016559015950787792,0.001048266720821478,0.09896940638587134,0.04069277079626893,0.07070676985299797,0.06820370623178953
