feature,lag,n_pairs,pearson_r,pearson_p,spearman_rho,spearman_p,kendall_tau,kendall_p,mutual_info,ols_slope,ols_intercept,ols_r2,ols_adj_r2,ols_slope_p,abs_pearson,abs_spearman,abs_kendall
MLEAS FP Equity_DX_ACTIVE_AVAIL_SUPPLY_QTY,1,1090,-0.06243864566353305,0.039296637051966433,-0.22288640591862063,9.766692409547772e-14,-0.2009965354769711,6.318558642908276e-17,0.5677370435020155,-0.00029802249898732444,1.2874073916416593,0.00389858447229674,0.0029830500830249074,0.03929663705195359,0.06243864566353305,0.22288640591862063,0.2009965354769711
MLEAS FP Equity_DX_ACTIVE_AVAILABILITY_VALUE,1,1090,0.0477244176985909,0.11532151297284857,-0.12893147156328208,1.9578908615781784e-05,-0.11946165118216798,4.339157638346218e-07,0.8626338915052592,0.00017696331641920313,1.2347232624185165,0.0022776200446702477,0.0013605957983877648,0.11532151297282908,0.0477244176985909,0.12893147156328208,0.11946165118216798
