feature,lag,n_pairs,pearson_r,pearson_p,spearman_rho,spearman_p,kendall_tau,kendall_p,mutual_info,ols_slope,ols_intercept,ols_r2,ols_adj_r2,ols_slope_p,abs_pearson,abs_spearman,abs_kendall
MLEDU FP Equity_DX_ACTIVE_AVAIL_SUPPLY_QTY,1,1315,-0.30941964671756467,1.4305838875002424e-30,-0.39461920571021797,3.031827442398739e-50,-0.2903859993294637,5.446598105349941e-41,0.9460612500843237,-8.665556019600112e-05,3.969439955874029,0.09574051777482218,0.09505182053017236,1.4305838875012484e-30,0.30941964671756467,0.39461920571021797,0.2903859993294637
MLEDU FP Equity_DX_ACTIVE_AVAILABILITY_VALUE,1,1315,0.30839571103552804,2.271546819924745e-30,0.07632461504226451,0.005620068142694258,0.13630638117655172,1.5210011411956167e-10,1.3437011618340886,0.000152501417245483,2.701573919898902,0.09510791458510959,0.09441873554061997,2.271546819925512e-30,0.30839571103552804,0.07632461504226451,0.13630638117655172
MLEDU FP Equity_DX_ACTIVE_AVAIL_SUPPLY_MV,1,1315,-0.1981149914900818,4.187214926957797e-13,-0.11441220377134573,3.201500658215992e-05,-0.09769417632723315,3.274200358372633e-05,0.11343246894812076,-183.09012271052924,3.5799009802085244,0.039249549853114574,0.03851782826122818,4.187214926957127e-13,0.1981149914900818,0.11441220377134573,0.09769417632723315
