feature,lag,n_pairs,pearson_r,pearson_p,spearman_rho,spearman_p,kendall_tau,kendall_p,mutual_info,ols_slope,ols_intercept,ols_r2,ols_adj_r2,ols_slope_p,abs_pearson,abs_spearman,abs_kendall
MLEDR FP Equity_DX_ACTIVE_AVAIL_SUPPLY_QTY,1,2662,-0.35041517694686086,9.352909095897307e-78,-0.7792152072926304,0.0,-0.6306665637785392,0.0,0.7304447081140246,-1.0223738598745655,118.16733117099669,0.12279079623470024,0.12246101833854783,9.352909095897292e-78,0.35041517694686086,0.7792152072926304,0.6306665637785392
MLEDR FP Equity_DX_ACTIVE_AVAILABILITY_VALUE,1,2662,-0.32607361725867035,5.550165353860772e-67,-0.7594957021679363,0.0,-0.5504449002870649,4.964637917611704e-308,1.297137328186434,-0.012013052936557753,117.67981656451931,0.1063240038721539,0.10598803545255686,5.55016535387348e-67,0.32607361725867035,0.7594957021679363,0.5504449002870649
