feature,lag,n_pairs,pearson_r,pearson_p,spearman_rho,spearman_p,kendall_tau,kendall_p,mutual_info,ols_slope,ols_intercept,ols_r2,ols_adj_r2,ols_slope_p,abs_pearson,abs_spearman,abs_kendall
MLFIR FP Equity_DX_ACTIVE_AVAIL_SUPPLY_QTY,1,992,-0.4634796260401142,5.59733811096476e-54,-0.4081900014751196,4.060196954534762e-41,-0.3532889010590707,8.674168953179722e-38,0.20186474017855316,-4.696027587675846e-05,27.214833093261493,0.21481336375428484,0.21402024593989533,5.597338110953445e-54,0.4634796260401142,0.4081900014751196,0.3532889010590707
MLFIR FP Equity_DX_ACTIVE_AVAIL_SUPPLY_MV,1,992,-0.45647642628155666,3.2453383108309345e-52,-0.4081795560145449,4.0809169491976286e-41,-0.35156580036952406,7.898208693734432e-38,0.20319730512714784,-8.702128055472732,27.16943040568958,0.2083707277507807,0.20757110222325637,3.2453383108320213e-52,0.45647642628155666,0.4081795560145449,0.35156580036952406
MLFIR FP Equity_DX_ACTIVE_AVAILABILITY_VALUE,1,992,-0.3412303125551809,1.7988838770658383e-28,-0.307657188310598,3.4302477269757556e-23,-0.26526024567719125,3.523646326797698e-22,0.09350660162367586,-8.108742834643597e-06,26.49953947692778,0.11643812620650551,0.11554563946530005,1.7988838770666874e-28,0.3412303125551809,0.307657188310598,0.26526024567719125
