feature,lag,n_pairs,pearson_r,pearson_p,spearman_rho,spearman_p,kendall_tau,kendall_p,mutual_info,ols_slope,ols_intercept,ols_r2,ols_adj_r2,ols_slope_p,abs_pearson,abs_spearman,abs_kendall
MLGEQ FP Equity_DX_ACTIVE_AVAIL_SUPPLY_QTY,1,1109,-0.3640355589888654,4.387240781059405e-36,-0.4886505250852583,1.275352635892945e-67,-0.38465833371059116,1.2240012281381067e-62,0.49183828015753894,-5.935924532164279e-05,0.09407930226187901,0.13252188820833533,0.13173825847771947,4.387240781057063e-36,0.3640355589888654,0.4886505250852583,0.38465833371059116
MLGEQ FP Equity_DX_ACTIVE_AVAILABILITY_VALUE,1,1109,-0.31409957622942775,8.136676493022263e-27,-0.4041773299312053,7.880230972086085e-45,-0.2720014728801355,7.192222491593755e-34,0.9008884666635981,-0.0027771525193589133,0.08843419484074283,0.09865854378750549,0.0978443238631943,8.1366764930239e-27,0.31409957622942775,0.4041773299312053,0.2720014728801355
