feature,lag,n_pairs,pearson_r,pearson_p,spearman_rho,spearman_p,kendall_tau,kendall_p,mutual_info,ols_slope,ols_intercept,ols_r2,ols_adj_r2,ols_slope_p,abs_pearson,abs_spearman,abs_kendall
MLGRC FP Equity_DX_ACTIVE_AVAILABILITY_VALUE,1,2639,0.2668412535592986,2.9226488658279403e-44,0.17250217084634012,4.4802630935071e-19,0.14979809727949825,4.0488026693982235e-21,0.6846134795739198,0.0004449579368272286,6.89863202151127,0.07120425460109847,0.07085203778448923,2.9226488658221135e-44,0.2668412535592986,0.17250217084634012,0.14979809727949825
MLGRC FP Equity_DX_ACTIVE_AVAIL_SUPPLY_QTY,1,2639,-0.23602022698831268,9.881109705433208e-35,-0.15219306557609125,3.827059376893247e-15,-0.14226253601713335,5.018284571616199e-19,0.9012132072286776,-0.010696490098260741,12.65599086083257,0.055705547547615364,0.05534745332977231,9.88110970543186e-35,0.23602022698831268,0.15219306557609125,0.14226253601713335
MLGRC FP Equity_DX_ACTIVE_AVAIL_SUPPLY_MV,1,2639,-0.030210628984908276,0.12076393192267776,-0.08967849684546307,3.9497699063964594e-06,-0.08613832327182835,2.984831687205079e-07,0.34783280487808055,-47.28966087735328,9.323088436453023,0.0009126821036636867,0.0005338094006314131,0.12076393192268074,0.030210628984908276,0.08967849684546307,0.08613832327182835
