feature,lag,n_pairs,pearson_r,pearson_p,spearman_rho,spearman_p,kendall_tau,kendall_p,mutual_info,ols_slope,ols_intercept,ols_r2,ols_adj_r2,ols_slope_p,abs_pearson,abs_spearman,abs_kendall
MLIML FP Equity_DX_ACTIVE_AVAILABILITY_VALUE,1,1927,-0.009074680419478303,0.6905516982424346,0.010589570551841038,0.6422407010475661,0.008687140602843212,0.6421203913287754,0.014516812979961102,-0.0027728794867460153,0.7877014537902433,8.234982471644336e-05,-0.0004370879156343488,0.6905516982424409,0.009074680419478303,0.010589570551841038,0.008687140602843212
MLIML FP Equity_DX_ACTIVE_AVAIL_SUPPLY_QTY,1,1927,-0.009074680419478301,0.6905516982424346,0.010589570551841038,0.6422407010475661,0.008687140602843212,0.6421203913287754,0.014516812979961102,-0.0011923381793007696,0.787701453790243,8.234982471599928e-05,-0.0004370879156347929,0.6905516982424436,0.009074680419478301,0.010589570551841038,0.008687140602843212
