feature,lag,n_pairs,pearson_r,pearson_p,spearman_rho,spearman_p,kendall_tau,kendall_p,mutual_info,ols_slope,ols_intercept,ols_r2,ols_adj_r2,ols_slope_p,abs_pearson,abs_spearman,abs_kendall
MLIRF FP Equity_DX_ACTIVE_AVAIL_SUPPLY_QTY,1,932,-0.4999374542640085,4.34115966690039e-60,-0.5134720833215467,7.924769340185351e-64,-0.4229979268039299,1.191474722199212e-54,0.4210966835208261,-9.470696494602579e-05,1.3570562548811007,0.24993745817597746,0.24913093931380115,4.341159666901834e-60,0.4999374542640085,0.5134720833215467,0.4229979268039299
MLIRF FP Equity_DX_ACTIVE_AVAIL_SUPPLY_MV,1,932,-0.42231443942011243,1.3162582088045854e-41,-0.4014945957526731,2.0567403147847263e-37,-0.34039716876025305,1.8322766942999977e-34,0.21019743850080852,-53.01198629073804,1.3324557770754777,0.17834948574272413,0.17746599056610346,1.3162582088046469e-41,0.42231443942011243,0.4014945957526731,0.34039716876025305
MLIRF FP Equity_DX_ACTIVE_AVAILABILITY_VALUE,1,932,-0.2903048817568118,1.4795761021597136e-19,-0.33810428976521484,2.3440882667485084e-26,-0.28116702288244105,8.420592632986021e-25,0.1970564836055293,-3.888000106106295e-05,1.3057613263956798,0.08427692437183609,0.08329227590341881,1.4795761021599163e-19,0.2903048817568118,0.33810428976521484,0.28116702288244105
