feature,lag,n_pairs,pearson_r,pearson_p,spearman_rho,spearman_p,kendall_tau,kendall_p,mutual_info,ols_slope,ols_intercept,ols_r2,ols_adj_r2,ols_slope_p,abs_pearson,abs_spearman,abs_kendall
MLMAD FP Equity_DX_ACTIVE_AVAILABILITY_VALUE,1,2057,0.16638862923928188,3.081996441151616e-14,0.30943715034515945,6.897993998479756e-47,0.23793189590072408,5.450069062606691e-43,0.6715947206602728,8.321559194867752e-05,6.658745617656983,0.02768517594012654,0.027212030040340784,3.0819964411494746e-14,0.16638862923928188,0.30943715034515945,0.23793189590072408
MLMAD FP Equity_DX_ACTIVE_AVAIL_SUPPLY_QTY,1,2057,0.14006190401979807,1.7708702387740707e-10,0.30843864224472484,1.39466289626044e-46,0.23387612868345123,3.09045010495779e-41,0.5786478495991001,0.0005430156431291878,6.694514334794781,0.01961733695765011,0.019140265102155052,1.7708702387755136e-10,0.14006190401979807,0.30843864224472484,0.23387612868345123
MLMAD FP Equity_DX_ACTIVE_AVAIL_SUPPLY_MV,1,2057,0.11191237154271279,3.607190661658154e-07,0.05819405540385016,0.008291197540797083,0.04581471046378413,0.010187209794596554,0.21291536016794232,52.965328624133925,6.732967710081345,0.012524378904313904,0.012043855487722355,3.607190661659159e-07,0.11191237154271279,0.05819405540385016,0.04581471046378413
