feature,lag,n_pairs,pearson_r,pearson_p,spearman_rho,spearman_p,kendall_tau,kendall_p,mutual_info,ols_slope,ols_intercept,ols_r2,ols_adj_r2,ols_slope_p,abs_pearson,abs_spearman,abs_kendall
MLMCA FP Equity_DX_ACTIVE_AVAIL_SUPPLY_QTY,1,380,-0.0841531701423499,0.10143224266193454,-0.0814574880858955,0.11289752368155839,-0.06798054482616496,0.11261034506503764,0.058604718165026215,-0.0004968803291395924,6.145199797269099,0.0070817560450080475,0.0044549882038573685,0.10143224266193045,0.0841531701423499,0.0814574880858955,0.06798054482616496
MLMCA FP Equity_DX_ACTIVE_AVAILABILITY_VALUE,1,380,-0.08155556634315493,0.11246326072222945,-0.08144760012087501,0.1129413777536269,-0.06755454641506935,0.11409295102718296,0.05829481719689955,-8.900774619507038e-05,6.14533168038274,0.006651310401552757,0.00402340381531352,0.11246326072223173,0.08155556634315493,0.08144760012087501,0.06755454641506935
MLMCA FP Equity_DX_ACTIVE_AVAIL_SUPPLY_MV,1,380,-0.05514081198023755,0.2836450290947683,-0.03969138015540342,0.44042100444932475,-0.03340690170451203,0.43969479301349623,0.010115759693169801,-39.804991087343794,6.139716577540106,0.0030405091458389766,0.00040305017532538123,0.283645029094769,0.05514081198023755,0.03969138015540342,0.03340690170451203
