feature,lag,n_pairs,pearson_r,pearson_p,spearman_rho,spearman_p,kendall_tau,kendall_p,mutual_info,ols_slope,ols_intercept,ols_r2,ols_adj_r2,ols_slope_p,abs_pearson,abs_spearman,abs_kendall
MLMFI FP Equity_DX_ACTIVE_AVAIL_SUPPLY_QTY,1,1163,-0.3838910325355977,3.88091809871176e-42,-0.3730470540373155,1.0391074211973641e-39,-0.32451867912387883,4.789964289924181e-37,0.5182089489964579,-0.0013316610552199398,14.416993103448206,0.14737232486124685,0.1466379340988535,3.880918098734369e-42,0.3838910325355977,0.3730470540373155,0.32451867912387883
MLMFI FP Equity_DX_ACTIVE_AVAILABILITY_VALUE,1,1163,-0.37549061343618506,3.0033941639489927e-40,-0.34339719295905546,1.5768738117439015e-33,-0.27400239030270845,7.56614487766169e-28,0.6893858002290587,-0.00010653213161096002,14.394306363725839,0.1409932007786825,0.14025331550803544,3.0033941639770433e-40,0.37549061343618506,0.34339719295905546,0.27400239030270845
MLMFI FP Equity_DX_ACTIVE_AVAIL_SUPPLY_MV,1,1163,-0.3632292403648232,1.3685653444123028e-37,-0.351307988589778,4.0964179242286023e-35,-0.2920527989760365,5.269663163648705e-31,0.603961989596784,-113.17153803578276,14.35576451814637,0.1319354810560075,0.13118779413185255,1.3685653444118326e-37,0.3632292403648232,0.351307988589778,0.2920527989760365
