feature,lag,n_pairs,pearson_r,pearson_p,spearman_rho,spearman_p,kendall_tau,kendall_p,mutual_info,ols_slope,ols_intercept,ols_r2,ols_adj_r2,ols_slope_p,abs_pearson,abs_spearman,abs_kendall
MLMGL FP Equity_DX_ACTIVE_AVAIL_SUPPLY_QTY,1,1678,-0.08316814530822891,0.0006491039661418947,-0.07793738017860305,0.001398009871323865,-0.0639886778775871,0.0014147316589302127,0.032506386313543745,-0.01590288902171753,12.141733413030487,0.0069169403940108065,0.006324408735534748,0.0006491039661418669,0.08316814530822891,0.07793738017860305,0.0639886778775871
MLMGL FP Equity_DX_ACTIVE_AVAILABILITY_VALUE,1,1678,-0.08316814530822889,0.0006491039661418947,-0.07793738017860305,0.001398009871323865,-0.0639886778775871,0.0014147316589302127,0.032506386313543745,-0.0061164957775836325,12.141733413030487,0.0069169403940108065,0.006324408735534748,0.0006491039661418935,0.08316814530822889,0.07793738017860305,0.0639886778775871
