feature,lag,n_pairs,pearson_r,pearson_p,spearman_rho,spearman_p,kendall_tau,kendall_p,mutual_info,ols_slope,ols_intercept,ols_r2,ols_adj_r2,ols_slope_p,abs_pearson,abs_spearman,abs_kendall
MLMIB FP Equity_DX_ACTIVE_AVAILABILITY_VALUE,1,1052,0.20801008223269227,9.535115659376958e-12,-0.3172121692246451,5.076546000232079e-26,-0.2375480683915076,7.656382914992041e-25,0.9479310615260084,9.285621231501775e-05,0.6050476372987714,0.04326819431045137,0.042357021162175545,9.535115659378582e-12,0.20801008223269227,0.3172121692246451,0.2375480683915076
MLMIB FP Equity_DX_ACTIVE_AVAIL_SUPPLY_MV,1,1052,0.20444206602107168,2.1726030911594844e-11,-0.028962950332792045,0.34799763478346724,-0.024518919247277518,0.3477545387511911,0.21519679962394944,87.48287362508029,0.609042231491125,0.04179655835896312,0.040883983652638234,2.172603091159722e-11,0.20444206602107168,0.028962950332792045,0.024518919247277518
MLMIB FP Equity_DX_ACTIVE_AVAIL_SUPPLY_QTY,1,1052,0.06555726678014484,0.033496606918956555,-0.4238598009013935,4.071398259077268e-47,-0.3559275160537577,6.361043916830206e-52,0.589475254450798,7.696533904087501e-05,0.6468988750747373,0.004297755227683164,0.0033494673755189996,0.03349660691895532,0.06555726678014484,0.4238598009013935,0.3559275160537577
