feature,lag,n_pairs,pearson_r,pearson_p,spearman_rho,spearman_p,kendall_tau,kendall_p,mutual_info,ols_slope,ols_intercept,ols_r2,ols_adj_r2,ols_slope_p,abs_pearson,abs_spearman,abs_kendall
MLMTP FP Equity_DX_ACTIVE_AVAILABILITY_VALUE,1,572,-0.018208532084314007,0.6638759189444466,-0.023557984235713383,0.5739316856988816,-0.02001936518227296,0.5734809735988862,0.0,-8.264356161855827e-06,9.64917162872154,0.000331550640665923,-0.001422253656455652,0.6638759189445378,0.018208532084314007,0.023557984235713383,0.02001936518227296
MLMTP FP Equity_DX_ACTIVE_AVAIL_SUPPLY_QTY,1,572,-0.018208532084314003,0.6638759189444466,-0.023557984235713383,0.5739316856988816,-0.02001936518227296,0.5734809735988862,0.0,-7.851138353765852e-05,9.64917162872154,0.000331550640665923,-0.001422253656455652,0.6638759189444234,0.018208532084314003,0.023557984235713383,0.02001936518227296
MLMTP FP Equity_DX_ACTIVE_AVAIL_SUPPLY_MV,1,572,-0.018208532084314003,0.6638759189444466,-0.023557984235713383,0.5739316856988816,-0.02001936518227296,0.5734809735988862,0.0,-7.458581436076031,9.64917162872154,0.000331550640665923,-0.001422253656455652,0.663875918944489,0.018208532084314003,0.023557984235713383,0.02001936518227296
