feature,lag,n_pairs,pearson_r,pearson_p,spearman_rho,spearman_p,kendall_tau,kendall_p,mutual_info,ols_slope,ols_intercept,ols_r2,ols_adj_r2,ols_slope_p,abs_pearson,abs_spearman,abs_kendall
MLOCT FP Equity_DX_ACTIVE_AVAIL_SUPPLY_QTY,1,1821,-0.18035533999668618,8.853587131502819e-15,-0.49698819185372856,3.321701007768563e-114,-0.37127455007225035,1.426657392260995e-92,0.6821987943009593,-0.0009421492298446775,2.5398796585114995,0.032528048665319664,0.03199617843368974,8.853587131502203e-15,0.18035533999668618,0.49698819185372856,0.37127455007225035
MLOCT FP Equity_DX_ACTIVE_AVAILABILITY_VALUE,1,1821,-0.11973104809410128,2.987422819517779e-07,-0.47951249168428534,2.4459439316033944e-105,-0.3225968053734342,6.305558133779602e-74,1.0048170707089108,-0.0006861543146798035,2.435751633514266,0.014335523877712197,0.013793652258073719,2.9874228195171765e-07,0.11973104809410128,0.47951249168428534,0.3225968053734342
