feature,lag,n_pairs,pearson_r,pearson_p,spearman_rho,spearman_p,kendall_tau,kendall_p,mutual_info,ols_slope,ols_intercept,ols_r2,ols_adj_r2,ols_slope_p,abs_pearson,abs_spearman,abs_kendall
MLODT FP Equity_DX_ACTIVE_AVAIL_SUPPLY_MV,1,1632,0.4690828606405152,4.603812011742497e-90,-0.10727414691954666,1.4062716637326523e-05,-0.08607030092459445,1.861940789686161e-05,0.18986555512267866,56.034947870789765,2.8491294445387796,0.22003873014668907,0.21956022630015326,4.603812011737536e-90,0.4690828606405152,0.10727414691954666,0.08607030092459445
MLODT FP Equity_DX_ACTIVE_AVAILABILITY_VALUE,1,1632,0.46224899281529297,3.51575804454813e-87,-0.615569435613982,8.280386483543206e-171,-0.44342881164856934,6.424976446758833e-127,1.4262851323435557,5.544993235169248e-05,2.829402827464475,0.21367413135875313,0.21319172285038424,3.5157580445500353e-87,0.46224899281529297,0.615569435613982,0.44342881164856934
MLODT FP Equity_DX_ACTIVE_AVAIL_SUPPLY_QTY,1,1632,-0.08999916484105916,0.00027222346745214366,-0.6496024524552326,2.9117539959229955e-196,-0.5070418921083538,6.826647619502114e-158,1.0006986143483747,-5.48624372882894e-06,3.6269628644239784,0.008099849672088433,0.007491321972500797,0.00027222346745214675,0.08999916484105916,0.6496024524552326,0.5070418921083538
