feature,lag,n_pairs,pearson_r,pearson_p,spearman_rho,spearman_p,kendall_tau,kendall_p,mutual_info,ols_slope,ols_intercept,ols_r2,ols_adj_r2,ols_slope_p,abs_pearson,abs_spearman,abs_kendall
MLONL FP Equity_DX_ACTIVE_AVAILABILITY_VALUE,1,936,0.004986688168474899,0.8789026886767773,0.020251335686249868,0.5360433351698419,0.01719829854967632,0.5199578511310163,0.04975894463394659,6.464512144390857e-06,2.327582854981636,2.4867058889821436e-05,-0.001045770128413226,0.8789026886767823,0.004986688168474899,0.020251335686249868,0.01719829854967632
MLONL FP Equity_DX_ACTIVE_AVAIL_SUPPLY_QTY,1,936,0.003876644552622616,0.9057154879345256,0.019693286061423117,0.5473392697488892,0.016478729639090327,0.5382186740911472,0.045451607931435545,1.2373066980327018e-05,2.3276921579689933,1.5028372987169192e-05,-0.0010556193482409437,0.9057154879345051,0.003876644552622616,0.019693286061423117,0.016478729639090327
MLONL FP Equity_DX_ACTIVE_AVAIL_SUPPLY_MV,1,936,0.002273805644277226,0.9446137550336176,-0.003268786853868554,0.920445725364155,-0.002691287033885559,0.9203822649707604,0.020969814846231838,3.603048128341591,2.3279390374331563,5.170192107994964e-06,-0.0010654880839175984,0.9446137550336273,0.002273805644277226,0.003268786853868554,0.002691287033885559
