feature,lag,n_pairs,pearson_r,pearson_p,spearman_rho,spearman_p,kendall_tau,kendall_p,mutual_info,ols_slope,ols_intercept,ols_r2,ols_adj_r2,ols_slope_p,abs_pearson,abs_spearman,abs_kendall
MLORQ FP Equity_DX_ACTIVE_AVAILABILITY_VALUE,1,706,0.18645559779286117,6.060261011109432e-07,0.1918237828238806,2.812169213701005e-07,0.1664435657491149,2.8112741472226374e-07,0.0993109245187318,0.0008974656766517166,1.358246030275698,0.034765689948293765,0.03339461848515213,6.060261011108579e-07,0.18645559779286117,0.1918237828238806,0.1664435657491149
MLORQ FP Equity_DX_ACTIVE_AVAIL_SUPPLY_QTY,1,706,0.18098474472835732,1.2958425178890501e-06,0.19117861708591777,3.087598679299012e-07,0.16510543360079832,3.851728364238796e-07,0.07808970056298392,0.0012981924508240104,1.3583625730994136,0.0327554778243887,0.03138155094629835,1.2958425178894775e-06,0.18098474472835732,0.19117861708591777,0.16510543360079832
