feature,lag,n_pairs,pearson_r,pearson_p,spearman_rho,spearman_p,kendall_tau,kendall_p,mutual_info,ols_slope,ols_intercept,ols_r2,ols_adj_r2,ols_slope_p,abs_pearson,abs_spearman,abs_kendall
MLSBT FP Equity_DX_ACTIVE_AVAIL_SUPPLY_MV,1,1906,0.5813261999950164,9.803183889785307e-173,0.33288079846142143,1.5168955284513274e-50,0.27625967696343773,2.9651791188855944e-51,0.4582866849934566,334.8338696219556,4.139497439732479,0.33794015080064577,0.33759243029161246,9.80318388980164e-173,0.5813261999950164,0.33288079846142143,0.27625967696343773
MLSBT FP Equity_DX_ACTIVE_AVAILABILITY_VALUE,1,1906,0.5575941810477959,3.574105694672477e-156,0.31492403584709483,3.788801840908117e-45,0.2614567123923499,1.7615766998610657e-47,0.49972461754535713,0.0004134395220879669,4.255808105480634,0.3109112707383619,0.3105493543889598,3.574105694701388e-156,0.5575941810477959,0.31492403584709483,0.2614567123923499
MLSBT FP Equity_DX_ACTIVE_AVAIL_SUPPLY_QTY,1,1906,0.45739352328505656,3.595374970770527e-99,0.29571494199718235,9.003068654204661e-40,0.24233672798327796,4.1172630369687104e-38,0.28524166476042545,0.0040159288826196755,4.370633540372673,0.20920883514311728,0.20879350364896976,3.5953749707836966e-99,0.45739352328505656,0.29571494199718235,0.24233672798327796
