feature,lag,n_pairs,pearson_r,pearson_p,spearman_rho,spearman_p,kendall_tau,kendall_p,mutual_info,ols_slope,ols_intercept,ols_r2,ols_adj_r2,ols_slope_p,abs_pearson,abs_spearman,abs_kendall
MLSEQ FP Equity_DX_ACTIVE_AVAILABILITY_VALUE,1,2864,0.7977765197347122,0.0,0.6904383137896065,0.0,0.6006705516967804,0.0,2.0885794832334756,9.662623870239176e-08,0.14393746303874302,0.6364473754400282,0.6363203479681344,0.0,0.7977765197347122,0.6904383137896065,0.6006705516967804
MLSEQ FP Equity_DX_ACTIVE_AVAIL_SUPPLY_MV,1,2864,0.7970055053346379,0.0,0.6939563933749657,0.0,0.5957359318449166,0.0,1.1654568550246553,0.09654493718232593,0.14391094167950277,0.6352177755337212,0.6350903184322305,0.0,0.7970055053346379,0.6939563933749657,0.5957359318449166
MLSEQ FP Equity_DX_ACTIVE_AVAIL_SUPPLY_QTY,1,2864,0.7512446964880435,0.0,0.543565935082403,6.130327565465334e-220,0.4221132442560389,7.402143715341706e-210,1.288049912352792,2.263380460265887e-07,0.1088540354724259,0.564368594001412,0.5642163817701058,0.0,0.7512446964880435,0.543565935082403,0.4221132442560389
