feature,lag,n_pairs,pearson_r,pearson_p,spearman_rho,spearman_p,kendall_tau,kendall_p,mutual_info,ols_slope,ols_intercept,ols_r2,ols_adj_r2,ols_slope_p,abs_pearson,abs_spearman,abs_kendall
MLSGT FP Equity_DX_ACTIVE_AVAILABILITY_VALUE,1,752,-0.0713067961074464,0.05062382066924984,-0.07984571912546945,0.028565397750261436,-0.06766624558900146,0.028696482380013575,0.01068356180365404,-0.07265387834086906,142.24352005204057,0.0050846591711102285,0.003758105383338317,0.050623820669250405,0.0713067961074464,0.07984571912546945,0.06766624558900146
MLSGT FP Equity_DX_ACTIVE_AVAIL_SUPPLY_QTY,1,752,-0.06719043415325927,0.06554041697152753,-0.08007543359135201,0.028109696861668747,-0.06802666715890048,0.02801959025254669,0.007504831724328476,-0.23802963122772455,142.08596484280338,0.004514554441702789,0.003187240514291645,0.06554041697152686,0.06719043415325927,0.08007543359135201,0.06802666715890048
