feature,lag,n_pairs,pearson_r,pearson_p,spearman_rho,spearman_p,kendall_tau,kendall_p,mutual_info,ols_slope,ols_intercept,ols_r2,ols_adj_r2,ols_slope_p,abs_pearson,abs_spearman,abs_kendall
MLUMG FP Equity_DX_ACTIVE_AVAIL_SUPPLY_QTY,1,1766,-0.4609317042444248,1.3411984714138328e-93,-0.537182706894372,1.352175235474725e-132,-0.44093438948753666,8.926209563975257e-113,0.31060746744397694,-0.3223055989583333,4.944055989583326,0.21245803597766966,0.2120115836171127,1.341198471414168e-93,0.4609317042444248,0.537182706894372,0.44093438948753666
MLUMG FP Equity_DX_ACTIVE_AVAILABILITY_VALUE,1,1766,-0.4508995509870439,3.635942942305334e-89,-0.5315340295068982,2.356249599073075e-129,-0.403704319959545,1.540983540667516e-100,0.5305377882821851,-0.17648231652437796,4.930361407115038,0.20331040508031795,0.2028587669879598,3.635942942316828e-89,0.4508995509870439,0.5315340295068982,0.403704319959545
