feature,lag,n_pairs,pearson_r,pearson_p,spearman_rho,spearman_p,kendall_tau,kendall_p,mutual_info,ols_slope,ols_intercept,ols_r2,ols_adj_r2,ols_slope_p,abs_pearson,abs_spearman,abs_kendall
PABZ FP Equity_DX_ACTIVE_AVAILABILITY_VALUE,1,1322,0.44247342175975957,1.7409472775628107e-64,0.4998443475768485,1.7444589228900554e-84,0.4045481105012602,2.1731262498194844e-76,0.3545291791626921,0.0032729093228789255,64.85694316310733,0.19578272896379,0.19517347345542924,1.7409472775510048e-64,0.44247342175975957,0.4998443475768485,0.4045481105012602
PABZ FP Equity_DX_ACTIVE_AVAIL_SUPPLY_QTY,1,1322,0.4346022017387275,4.995504576945753e-62,0.49791713648113267,9.486957649273592e-84,0.4023146795183718,3.6142987527139144e-74,0.2849214088833696,0.25499969147068824,64.8813857010879,0.18887907375614965,0.18826458820596492,4.995504576905098e-62,0.4346022017387275,0.49791713648113267,0.4023146795183718
PABZ FP Equity_DX_ACTIVE_AVAIL_SUPPLY_MV,1,1322,0.0869522871555119,0.0015533346025639468,0.08821840578123005,0.0013237132574689793,0.07205871167378416,0.0013423373739432838,0.0072239471594897076,875.7581331711609,66.01427333536029,0.007560700241574625,0.006808852287212175,0.0015533346025642257,0.0869522871555119,0.08821840578123005,0.07205871167378416
