feature,lag,n_pairs,pearson_r,pearson_p,spearman_rho,spearman_p,kendall_tau,kendall_p,mutual_info,ols_slope,ols_intercept,ols_r2,ols_adj_r2,ols_slope_p,abs_pearson,abs_spearman,abs_kendall
PALAT FP Equity_DX_ACTIVE_AVAIL_SUPPLY_MV,1,1613,-0.002524067070439484,0.9193174055209639,-0.010109639714396242,0.6849478410339302,-0.008257558069470046,0.6848166645560969,0.0,-27.232816377181585,18.998328163771696,6.370914575892783e-06,-0.0006143575950985358,0.9193174055209323,0.002524067070439484,0.010109639714396242,0.008257558069470046
PALAT FP Equity_DX_ACTIVE_AVAILABILITY_VALUE,1,1613,0.0014825683580106056,0.9525562251548088,-0.014656119038780634,0.5564001810217555,-0.011933082603296582,0.5571878455030193,0.0008736619969634818,1.5874398119766172e-05,18.997919320956793,2.1980089358608623e-06,-0.0006185330909964648,0.952556225154802,0.0014825683580106056,0.014656119038780634,0.011933082603296582
PALAT FP Equity_DX_ACTIVE_AVAIL_SUPPLY_QTY,1,1613,0.0008795072172733964,0.9718440773507732,-0.01468184636455817,0.5557073527686434,-0.012010705006024263,0.554830655538799,0.0008408242314935643,0.00017647506865785102,18.99801710006865,7.735329452529527e-07,-0.00061995845120566,0.9718440773507511,0.0008795072172733964,0.01468184636455817,0.012010705006024263
