feature,lag,n_pairs,pearson_r,pearson_p,spearman_rho,spearman_p,kendall_tau,kendall_p,mutual_info,ols_slope,ols_intercept,ols_r2,ols_adj_r2,ols_slope_p,abs_pearson,abs_spearman,abs_kendall
SOLVA FP Equity_DX_ACTIVE_AVAIL_SUPPLY_MV,1,856,0.027590006606705544,0.4201345034100066,0.03010186749057014,0.3790667679423081,0.024593662815733514,0.37875631647031827,0.00038940809968923684,240.7341520467841,8.273316959064328,0.0007612084645580719,-0.0004088603779892619,0.4201345034100066,0.027590006606705544,0.03010186749057014,0.024593662815733514
SOLVA FP Equity_DX_ACTIVE_AVAIL_SUPPLY_QTY,1,856,0.02759000660670554,0.4201345034100066,0.03010186749057014,0.3790667679423081,0.024593662815733514,0.37875631647031827,0.00038940809968923684,0.002674823911630928,8.273316959064324,0.0007612084645580719,-0.0004088603779892619,0.420134503410007,0.02759000660670554,0.03010186749057014,0.024593662815733514
SOLVA FP Equity_DX_ACTIVE_AVAILABILITY_VALUE,1,856,0.02759000660670554,0.4201345034100066,0.03010186749057014,0.3790667679423081,0.024593662815733514,0.37875631647031827,0.00038940809968923684,0.00020060176328415505,8.273316959064324,0.0007612084645580719,-0.0004088603779892619,0.42013450341000613,0.02759000660670554,0.03010186749057014,0.024593662815733514
