feature,lag,n_pairs,pearson_r,pearson_p,spearman_rho,spearman_p,kendall_tau,kendall_p,mutual_info,ols_slope,ols_intercept,ols_r2,ols_adj_r2,ols_slope_p,abs_pearson,abs_spearman,abs_kendall
TELE FP Equity_DX_DSS,1,4857,-0.3746866073067252,1.0030791007558683e-161,-0.40743364159404555,1.191681120167377e-193,-0.3248610441588879,1.4359718302528718e-174,0.1481832456318788,-4.318823112325099,33.35082292026863,0.140390053695024,0.14021299706344725,1.0030791007250557e-161,0.3746866073067252,0.40743364159404555,0.3248610441588879
