feature,lag,n_pairs,pearson_r,pearson_p,spearman_rho,spearman_p,kendall_tau,kendall_p,mutual_info,ols_slope,ols_intercept,ols_r2,ols_adj_r2,ols_slope_p,abs_pearson,abs_spearman,abs_kendall
TNO FP Equity_DX_DSS,1,4689,-0.14275140191418612,8.979424699615969e-23,-0.1796999753274047,2.517352471655975e-35,-0.1467471641901176,8.633368145244847e-35,0.035138527908204376,-27.259111906830125,46.94874153645832,0.020377962748465484,0.02016895441963007,8.979424699612922e-23,0.14275140191418612,0.1796999753274047,0.1467471641901176
