feature,lag,n_pairs,pearson_r,pearson_p,spearman_rho,spearman_p,kendall_tau,kendall_p,mutual_info,ols_slope,ols_intercept,ols_r2,ols_adj_r2,ols_slope_p,abs_pearson,abs_spearman,abs_kendall
USHY FP Equity_DX_DSS,1,2257,0.23635672223141765,5.009123104148152e-30,0.18825760605465494,1.8890134466657578e-19,0.15327883074066884,4.51248549547051e-19,0.04672023121183588,8.60458698373017,89.46748350979267,0.0558645001439797,0.055445814778189884,5.0091231040973546e-30,0.23635672223141765,0.18825760605465494,0.15327883074066884
